participantId,format,task,difficulty,confidence
64457bc906c125cebd4bf66b,json5,writing-task-NL,1,7
64457bc906c125cebd4bf66b,json5,reading-task-tabular-1,4,4
64457bc906c125cebd4bf66b,json5,reading-task-tabular-2,4,3
64457bc906c125cebd4bf66b,json5,reading-task-tabular-3,5,3
64457bc906c125cebd4bf66b,json5,reading-task-tabular-4,3,5
64457bc906c125cebd4bf66b,json5,reading-task-tabular-5,6,2
64457bc906c125cebd4bf66b,json5,writing-task-tabular,7,1
64457bc906c125cebd4bf66b,json5,modifying-task-tabular-1,5,2
64457bc906c125cebd4bf66b,json5,modifying-task-tabular-2,4,3
64457bc906c125cebd4bf66b,json5,modifying-task-tabular-3,5,2
64457bc906c125cebd4bf66b,json5,modifying-task-tabular-4,5,1
6697c8b6d9d7baa7edd8c4d3,hjson,writing-task-NL,1,1
6697c8b6d9d7baa7edd8c4d3,hjson,reading-task-tabular-1,1,1
6697c8b6d9d7baa7edd8c4d3,hjson,reading-task-tabular-2,3,6
6697c8b6d9d7baa7edd8c4d3,hjson,reading-task-tabular-3,1,7
6697c8b6d9d7baa7edd8c4d3,hjson,reading-task-tabular-4,1,7
6697c8b6d9d7baa7edd8c4d3,hjson,reading-task-tabular-5,4,3
6697c8b6d9d7baa7edd8c4d3,hjson,writing-task-tabular,7,1
6697c8b6d9d7baa7edd8c4d3,hjson,modifying-task-tabular-1,2,6
6697c8b6d9d7baa7edd8c4d3,hjson,modifying-task-tabular-2,3,5
6697c8b6d9d7baa7edd8c4d3,hjson,modifying-task-tabular-3,5,1
6697c8b6d9d7baa7edd8c4d3,hjson,modifying-task-tabular-4,3,4
67e25388d573ec2d5f1c8442,yaml,writing-task-NL,1,7
67e25388d573ec2d5f1c8442,yaml,reading-task-tabular-1,5,7
67e25388d573ec2d5f1c8442,yaml,reading-task-tabular-2,3,6
67e25388d573ec2d5f1c8442,yaml,reading-task-tabular-3,3,6
67e25388d573ec2d5f1c8442,yaml,reading-task-tabular-4,1,7
67e25388d573ec2d5f1c8442,yaml,reading-task-tabular-5,1,7
67e25388d573ec2d5f1c8442,yaml,writing-task-tabular,6,4
67e25388d573ec2d5f1c8442,yaml,modifying-task-tabular-1,5,5
67e25388d573ec2d5f1c8442,yaml,modifying-task-tabular-2,1,7
67e25388d573ec2d5f1c8442,yaml,modifying-task-tabular-3,3,7
67e25388d573ec2d5f1c8442,yaml,modifying-task-tabular-4,5,6
67e5cf90b79d0874e1cf16b0,toml,writing-task-NL,1,7
67e5cf90b79d0874e1cf16b0,toml,reading-task-tabular-1,5,4
67e5cf90b79d0874e1cf16b0,toml,reading-task-tabular-2,5,4
67e5cf90b79d0874e1cf16b0,toml,reading-task-tabular-3,5,4
67e5cf90b79d0874e1cf16b0,toml,reading-task-tabular-4,6,4
67e5cf90b79d0874e1cf16b0,toml,reading-task-tabular-5,6,4
67e5cf90b79d0874e1cf16b0,toml,writing-task-tabular,7,2
67e5cf90b79d0874e1cf16b0,toml,modifying-task-tabular-1,2,7
67e5cf90b79d0874e1cf16b0,toml,modifying-task-tabular-2,2,7
67e5cf90b79d0874e1cf16b0,toml,modifying-task-tabular-3,1,7
67e5cf90b79d0874e1cf16b0,toml,modifying-task-tabular-4,6,2
67d00f24466a67ba7e41228e,toml,writing-task-NL,1,7
67d00f24466a67ba7e41228e,toml,reading-task-tabular-1,1,7
67d00f24466a67ba7e41228e,toml,reading-task-tabular-2,3,5
67d00f24466a67ba7e41228e,toml,reading-task-tabular-3,3,5
67d00f24466a67ba7e41228e,toml,reading-task-tabular-4,3,6
67d00f24466a67ba7e41228e,toml,reading-task-tabular-5,2,6
67d00f24466a67ba7e41228e,toml,writing-task-tabular,1,5
67d00f24466a67ba7e41228e,toml,modifying-task-tabular-1,2,5
67d00f24466a67ba7e41228e,toml,modifying-task-tabular-2,3,5
67d00f24466a67ba7e41228e,toml,modifying-task-tabular-3,2,6
67d00f24466a67ba7e41228e,toml,modifying-task-tabular-4,3,4
66475d6f7b27e4443ef0d031,json,writing-task-NL,1,7
66475d6f7b27e4443ef0d031,json,reading-task-tabular-1,2,7
66475d6f7b27e4443ef0d031,json,reading-task-tabular-2,1,7
66475d6f7b27e4443ef0d031,json,reading-task-tabular-3,1,7
66475d6f7b27e4443ef0d031,json,reading-task-tabular-4,1,7
66475d6f7b27e4443ef0d031,json,reading-task-tabular-5,1,7
66475d6f7b27e4443ef0d031,json,writing-task-tabular,7,1
66475d6f7b27e4443ef0d031,json,modifying-task-tabular-1,7,1
66475d6f7b27e4443ef0d031,json,modifying-task-tabular-2,1,7
66475d6f7b27e4443ef0d031,json,modifying-task-tabular-3,1,7
66475d6f7b27e4443ef0d031,json,modifying-task-tabular-4,1,5
6672d878f68b9e349b56e871,toml,writing-task-NL,1,5
6672d878f68b9e349b56e871,toml,reading-task-tabular-1,4,7
6672d878f68b9e349b56e871,toml,reading-task-tabular-2,1,7
6672d878f68b9e349b56e871,toml,reading-task-tabular-3,5,6
6672d878f68b9e349b56e871,toml,reading-task-tabular-4,4,5
6672d878f68b9e349b56e871,toml,reading-task-tabular-5,4,5
6672d878f68b9e349b56e871,toml,writing-task-tabular,7,1
6672d878f68b9e349b56e871,toml,modifying-task-tabular-1,6,2
6672d878f68b9e349b56e871,toml,modifying-task-tabular-2,5,5
6672d878f68b9e349b56e871,toml,modifying-task-tabular-3,1,7
6672d878f68b9e349b56e871,toml,modifying-task-tabular-4,6,1
67f5bb69760b211cdfe8021c,jsonc,writing-task-NL,3,5
67f5bb69760b211cdfe8021c,jsonc,reading-task-tabular-1,4,6
67f5bb69760b211cdfe8021c,jsonc,reading-task-tabular-2,4,5
67f5bb69760b211cdfe8021c,jsonc,reading-task-tabular-3,3,6
67f5bb69760b211cdfe8021c,jsonc,reading-task-tabular-4,3,5
67f5bb69760b211cdfe8021c,jsonc,reading-task-tabular-5,4,5
67f5bb69760b211cdfe8021c,jsonc,writing-task-tabular,6,4
67f5bb69760b211cdfe8021c,jsonc,modifying-task-tabular-1,5,5
67f5bb69760b211cdfe8021c,jsonc,modifying-task-tabular-2,5,6
67f5bb69760b211cdfe8021c,jsonc,modifying-task-tabular-3,4,6
67f5bb69760b211cdfe8021c,jsonc,modifying-task-tabular-4,6,4
67e571bef6af7ecd9c29ad72,json,writing-task-NL,1,7
67e571bef6af7ecd9c29ad72,json,reading-task-tabular-1,6,6
67e571bef6af7ecd9c29ad72,json,reading-task-tabular-2,6,4
67e571bef6af7ecd9c29ad72,json,reading-task-tabular-3,6,3
67e571bef6af7ecd9c29ad72,json,reading-task-tabular-4,3,6
67e571bef6af7ecd9c29ad72,json,reading-task-tabular-5,4,4
67e571bef6af7ecd9c29ad72,json,writing-task-tabular,7,6
67e571bef6af7ecd9c29ad72,json,modifying-task-tabular-1,7,2
67e571bef6af7ecd9c29ad72,json,modifying-task-tabular-2,7,1
67e571bef6af7ecd9c29ad72,json,modifying-task-tabular-3,5,5
67e571bef6af7ecd9c29ad72,json,modifying-task-tabular-4,6,5
60f1f1d4ac991a259b83f603,json,writing-task-NL,1,7
60f1f1d4ac991a259b83f603,json,reading-task-tabular-1,1,7
60f1f1d4ac991a259b83f603,json,reading-task-tabular-2,1,7
60f1f1d4ac991a259b83f603,json,reading-task-tabular-3,7,1
60f1f1d4ac991a259b83f603,json,reading-task-tabular-4,7,7
60f1f1d4ac991a259b83f603,json,reading-task-tabular-5,1,7
60f1f1d4ac991a259b83f603,json,writing-task-tabular,7,1
60f1f1d4ac991a259b83f603,json,modifying-task-tabular-1,1,7
60f1f1d4ac991a259b83f603,json,modifying-task-tabular-2,1,7
60f1f1d4ac991a259b83f603,json,modifying-task-tabular-3,4,4
60f1f1d4ac991a259b83f603,json,modifying-task-tabular-4,1,5
678f0bb28ec3307e4f1afb78,hjson,writing-task-NL,1,7
678f0bb28ec3307e4f1afb78,hjson,reading-task-tabular-1,1,7
678f0bb28ec3307e4f1afb78,hjson,reading-task-tabular-2,1,7
678f0bb28ec3307e4f1afb78,hjson,reading-task-tabular-3,1,7
678f0bb28ec3307e4f1afb78,hjson,reading-task-tabular-4,1,7
678f0bb28ec3307e4f1afb78,hjson,reading-task-tabular-5,1,7
678f0bb28ec3307e4f1afb78,hjson,writing-task-tabular,3,5
678f0bb28ec3307e4f1afb78,hjson,modifying-task-tabular-1,1,7
678f0bb28ec3307e4f1afb78,hjson,modifying-task-tabular-2,1,7
678f0bb28ec3307e4f1afb78,hjson,modifying-task-tabular-3,1,7
678f0bb28ec3307e4f1afb78,hjson,modifying-task-tabular-4,3,5
669b961e1c9cf30a26bb57d2,xml,writing-task-NL,1,7
669b961e1c9cf30a26bb57d2,xml,reading-task-tabular-1,6,5
669b961e1c9cf30a26bb57d2,xml,reading-task-tabular-2,6,5
669b961e1c9cf30a26bb57d2,xml,reading-task-tabular-3,7,2
669b961e1c9cf30a26bb57d2,xml,reading-task-tabular-4,6,7
669b961e1c9cf30a26bb57d2,xml,reading-task-tabular-5,7,2
669b961e1c9cf30a26bb57d2,xml,writing-task-tabular,7,1
669b961e1c9cf30a26bb57d2,xml,modifying-task-tabular-1,5,5
669b961e1c9cf30a26bb57d2,xml,modifying-task-tabular-2,3,6
669b961e1c9cf30a26bb57d2,xml,modifying-task-tabular-3,4,4
669b961e1c9cf30a26bb57d2,xml,modifying-task-tabular-4,7,1
673c13c9d37c8a73bc80b8ce,json,writing-task-NL,5,6
673c13c9d37c8a73bc80b8ce,json,reading-task-tabular-1,6,4
673c13c9d37c8a73bc80b8ce,json,reading-task-tabular-2,5,4
673c13c9d37c8a73bc80b8ce,json,reading-task-tabular-3,4,5
673c13c9d37c8a73bc80b8ce,json,reading-task-tabular-4,3,5
673c13c9d37c8a73bc80b8ce,json,reading-task-tabular-5,3,6
673c13c9d37c8a73bc80b8ce,json,writing-task-tabular,6,4
673c13c9d37c8a73bc80b8ce,json,modifying-task-tabular-1,5,4
673c13c9d37c8a73bc80b8ce,json,modifying-task-tabular-2,5,6
673c13c9d37c8a73bc80b8ce,json,modifying-task-tabular-3,6,5
673c13c9d37c8a73bc80b8ce,json,modifying-task-tabular-4,6,6
66992f58a7964f557fc75f58,toml,writing-task-NL,1,7
66992f58a7964f557fc75f58,toml,reading-task-tabular-1,1,7
66992f58a7964f557fc75f58,toml,reading-task-tabular-2,1,7
66992f58a7964f557fc75f58,toml,reading-task-tabular-3,1,7
66992f58a7964f557fc75f58,toml,reading-task-tabular-4,1,7
66992f58a7964f557fc75f58,toml,reading-task-tabular-5,3,4
66992f58a7964f557fc75f58,toml,writing-task-tabular,7,1
66992f58a7964f557fc75f58,toml,modifying-task-tabular-1,3,4
66992f58a7964f557fc75f58,toml,modifying-task-tabular-2,2,6
66992f58a7964f557fc75f58,toml,modifying-task-tabular-3,1,6
66992f58a7964f557fc75f58,toml,modifying-task-tabular-4,5,5
60721c2da01b3a616edba9a7,xml,writing-task-NL,1,7
60721c2da01b3a616edba9a7,xml,reading-task-tabular-1,2,4
60721c2da01b3a616edba9a7,xml,reading-task-tabular-2,4,7
60721c2da01b3a616edba9a7,xml,reading-task-tabular-3,6,4
60721c2da01b3a616edba9a7,xml,reading-task-tabular-4,1,7
60721c2da01b3a616edba9a7,xml,reading-task-tabular-5,1,7
60721c2da01b3a616edba9a7,xml,writing-task-tabular,7,4
60721c2da01b3a616edba9a7,xml,modifying-task-tabular-1,7,6
60721c2da01b3a616edba9a7,xml,modifying-task-tabular-2,5,5
60721c2da01b3a616edba9a7,xml,modifying-task-tabular-3,5,5
60721c2da01b3a616edba9a7,xml,modifying-task-tabular-4,7,5
673e43cc760355e9e4f042a3,json5,writing-task-NL,1,7
673e43cc760355e9e4f042a3,json5,reading-task-tabular-1,1,7
673e43cc760355e9e4f042a3,json5,reading-task-tabular-2,1,7
673e43cc760355e9e4f042a3,json5,reading-task-tabular-3,1,7
673e43cc760355e9e4f042a3,json5,reading-task-tabular-4,1,7
673e43cc760355e9e4f042a3,json5,reading-task-tabular-5,1,7
673e43cc760355e9e4f042a3,json5,writing-task-tabular,6,6
673e43cc760355e9e4f042a3,json5,modifying-task-tabular-1,3,6
673e43cc760355e9e4f042a3,json5,modifying-task-tabular-2,1,7
673e43cc760355e9e4f042a3,json5,modifying-task-tabular-3,1,7
673e43cc760355e9e4f042a3,json5,modifying-task-tabular-4,5,5
60a0b744298c64d46b63e893,hjson,writing-task-NL,1,7
60a0b744298c64d46b63e893,hjson,reading-task-tabular-1,1,6
60a0b744298c64d46b63e893,hjson,reading-task-tabular-2,4,4
60a0b744298c64d46b63e893,hjson,reading-task-tabular-3,5,7
60a0b744298c64d46b63e893,hjson,reading-task-tabular-4,1,7
60a0b744298c64d46b63e893,hjson,reading-task-tabular-5,1,7
60a0b744298c64d46b63e893,hjson,writing-task-tabular,7,1
60a0b744298c64d46b63e893,hjson,modifying-task-tabular-1,1,7
60a0b744298c64d46b63e893,hjson,modifying-task-tabular-2,1,7
60a0b744298c64d46b63e893,hjson,modifying-task-tabular-3,7,2
60a0b744298c64d46b63e893,hjson,modifying-task-tabular-4,7,1
67dc19c31078d1581e39e75a,yaml,writing-task-NL,1,7
67dc19c31078d1581e39e75a,yaml,reading-task-tabular-1,1,7
67dc19c31078d1581e39e75a,yaml,reading-task-tabular-2,2,6
67dc19c31078d1581e39e75a,yaml,reading-task-tabular-3,2,6
67dc19c31078d1581e39e75a,yaml,reading-task-tabular-4,1,7
67dc19c31078d1581e39e75a,yaml,reading-task-tabular-5,1,7
67dc19c31078d1581e39e75a,yaml,writing-task-tabular,3,5
67dc19c31078d1581e39e75a,yaml,modifying-task-tabular-1,1,7
67dc19c31078d1581e39e75a,yaml,modifying-task-tabular-2,1,7
67dc19c31078d1581e39e75a,yaml,modifying-task-tabular-3,1,7
67dc19c31078d1581e39e75a,yaml,modifying-task-tabular-4,3,4
678bad003d15e6aba1ee5a5d,jsonc,writing-task-NL,1,7
678bad003d15e6aba1ee5a5d,jsonc,reading-task-tabular-1,2,7
678bad003d15e6aba1ee5a5d,jsonc,reading-task-tabular-2,2,7
678bad003d15e6aba1ee5a5d,jsonc,reading-task-tabular-3,2,7
678bad003d15e6aba1ee5a5d,jsonc,reading-task-tabular-4,2,7
678bad003d15e6aba1ee5a5d,jsonc,reading-task-tabular-5,2,7
678bad003d15e6aba1ee5a5d,jsonc,writing-task-tabular,2,7
678bad003d15e6aba1ee5a5d,jsonc,modifying-task-tabular-1,2,7
678bad003d15e6aba1ee5a5d,jsonc,modifying-task-tabular-2,2,7
678bad003d15e6aba1ee5a5d,jsonc,modifying-task-tabular-3,2,7
678bad003d15e6aba1ee5a5d,jsonc,modifying-task-tabular-4,2,7
66cdfebcb908ea2717d06b6c,hjson,writing-task-NL,1,7
66cdfebcb908ea2717d06b6c,hjson,reading-task-tabular-1,3,6
66cdfebcb908ea2717d06b6c,hjson,reading-task-tabular-2,2,6
66cdfebcb908ea2717d06b6c,hjson,reading-task-tabular-3,3,6
66cdfebcb908ea2717d06b6c,hjson,reading-task-tabular-4,2,7
66cdfebcb908ea2717d06b6c,hjson,reading-task-tabular-5,2,6
66cdfebcb908ea2717d06b6c,hjson,writing-task-tabular,5,4
66cdfebcb908ea2717d06b6c,hjson,modifying-task-tabular-1,3,5
66cdfebcb908ea2717d06b6c,hjson,modifying-task-tabular-2,2,7
66cdfebcb908ea2717d06b6c,hjson,modifying-task-tabular-3,3,5
66cdfebcb908ea2717d06b6c,hjson,modifying-task-tabular-4,5,5
67f0c5d37f91ceae5cb3b318,jsonc,writing-task-NL,7,7
67f0c5d37f91ceae5cb3b318,jsonc,reading-task-tabular-1,7,7
67f0c5d37f91ceae5cb3b318,jsonc,reading-task-tabular-2,1,7
67f0c5d37f91ceae5cb3b318,jsonc,reading-task-tabular-3,1,7
67f0c5d37f91ceae5cb3b318,jsonc,reading-task-tabular-4,1,7
67f0c5d37f91ceae5cb3b318,jsonc,reading-task-tabular-5,1,7
67f0c5d37f91ceae5cb3b318,jsonc,writing-task-tabular,2,6
67f0c5d37f91ceae5cb3b318,jsonc,modifying-task-tabular-1,1,7
67f0c5d37f91ceae5cb3b318,jsonc,modifying-task-tabular-2,1,7
67f0c5d37f91ceae5cb3b318,jsonc,modifying-task-tabular-3,1,7
67f0c5d37f91ceae5cb3b318,jsonc,modifying-task-tabular-4,2,6
56cb8858edf8da000b6df354,hjson,writing-task-NL,1,7
56cb8858edf8da000b6df354,hjson,reading-task-tabular-1,1,7
56cb8858edf8da000b6df354,hjson,reading-task-tabular-2,1,7
56cb8858edf8da000b6df354,hjson,reading-task-tabular-3,1,7
56cb8858edf8da000b6df354,hjson,reading-task-tabular-4,1,7
56cb8858edf8da000b6df354,hjson,reading-task-tabular-5,1,7
56cb8858edf8da000b6df354,hjson,writing-task-tabular,4,3
56cb8858edf8da000b6df354,hjson,modifying-task-tabular-1,1,6
56cb8858edf8da000b6df354,hjson,modifying-task-tabular-2,1,7
56cb8858edf8da000b6df354,hjson,modifying-task-tabular-3,1,7
56cb8858edf8da000b6df354,hjson,modifying-task-tabular-4,3,7
67aee0dfad3492b61a9ba0eb,jsonc,writing-task-NL,1,7
67aee0dfad3492b61a9ba0eb,jsonc,reading-task-tabular-1,1,7
67aee0dfad3492b61a9ba0eb,jsonc,reading-task-tabular-2,1,7
67aee0dfad3492b61a9ba0eb,jsonc,reading-task-tabular-3,1,7
67aee0dfad3492b61a9ba0eb,jsonc,reading-task-tabular-4,1,7
67aee0dfad3492b61a9ba0eb,jsonc,reading-task-tabular-5,1,7
67aee0dfad3492b61a9ba0eb,jsonc,writing-task-tabular,5,6
67aee0dfad3492b61a9ba0eb,jsonc,modifying-task-tabular-1,1,7
67aee0dfad3492b61a9ba0eb,jsonc,modifying-task-tabular-2,3,6
67aee0dfad3492b61a9ba0eb,jsonc,modifying-task-tabular-3,1,7
67aee0dfad3492b61a9ba0eb,jsonc,modifying-task-tabular-4,1,7
667971a555af1f83d3f29ae7,hjson,writing-task-NL,2,6
667971a555af1f83d3f29ae7,hjson,reading-task-tabular-1,2,6
667971a555af1f83d3f29ae7,hjson,reading-task-tabular-2,2,6
667971a555af1f83d3f29ae7,hjson,reading-task-tabular-3,2,6
667971a555af1f83d3f29ae7,hjson,reading-task-tabular-4,2,7
667971a555af1f83d3f29ae7,hjson,reading-task-tabular-5,2,6
667971a555af1f83d3f29ae7,hjson,writing-task-tabular,3,5
667971a555af1f83d3f29ae7,hjson,modifying-task-tabular-1,3,6
667971a555af1f83d3f29ae7,hjson,modifying-task-tabular-2,2,6
667971a555af1f83d3f29ae7,hjson,modifying-task-tabular-3,3,6
667971a555af1f83d3f29ae7,hjson,modifying-task-tabular-4,3,5
5c6414540821d30001046198,hjson,writing-task-NL,2,6
5c6414540821d30001046198,hjson,reading-task-tabular-1,5,6
5c6414540821d30001046198,hjson,reading-task-tabular-2,2,6
5c6414540821d30001046198,hjson,reading-task-tabular-3,2,6
5c6414540821d30001046198,hjson,reading-task-tabular-4,1,7
5c6414540821d30001046198,hjson,reading-task-tabular-5,2,6
5c6414540821d30001046198,hjson,writing-task-tabular,7,1
5c6414540821d30001046198,hjson,modifying-task-tabular-1,5,1
5c6414540821d30001046198,hjson,modifying-task-tabular-2,2,6
5c6414540821d30001046198,hjson,modifying-task-tabular-3,2,5
5c6414540821d30001046198,hjson,modifying-task-tabular-4,3,6
6788c1c724c24dc56b08790a,json5,writing-task-NL,1,7
6788c1c724c24dc56b08790a,json5,reading-task-tabular-1,2,7
6788c1c724c24dc56b08790a,json5,reading-task-tabular-2,2,7
6788c1c724c24dc56b08790a,json5,reading-task-tabular-3,2,7
6788c1c724c24dc56b08790a,json5,reading-task-tabular-4,1,7
6788c1c724c24dc56b08790a,json5,reading-task-tabular-5,1,7
6788c1c724c24dc56b08790a,json5,writing-task-tabular,6,5
6788c1c724c24dc56b08790a,json5,modifying-task-tabular-1,2,7
6788c1c724c24dc56b08790a,json5,modifying-task-tabular-2,1,7
6788c1c724c24dc56b08790a,json5,modifying-task-tabular-3,1,7
6788c1c724c24dc56b08790a,json5,modifying-task-tabular-4,7,5
67adb520391eb17f214a50b4,yaml,writing-task-NL,3,6
67adb520391eb17f214a50b4,yaml,reading-task-tabular-1,1,7
67adb520391eb17f214a50b4,yaml,reading-task-tabular-2,1,7
67adb520391eb17f214a50b4,yaml,reading-task-tabular-3,1,7
67adb520391eb17f214a50b4,yaml,reading-task-tabular-4,1,7
67adb520391eb17f214a50b4,yaml,reading-task-tabular-5,2,6
67adb520391eb17f214a50b4,yaml,writing-task-tabular,3,6
67adb520391eb17f214a50b4,yaml,modifying-task-tabular-1,1,7
67adb520391eb17f214a50b4,yaml,modifying-task-tabular-2,1,7
67adb520391eb17f214a50b4,yaml,modifying-task-tabular-3,1,7
67adb520391eb17f214a50b4,yaml,modifying-task-tabular-4,2,6
67d95269b47464c18da766ca,xml,writing-task-NL,3,4
67d95269b47464c18da766ca,xml,reading-task-tabular-1,3,4
67d95269b47464c18da766ca,xml,reading-task-tabular-2,3,4
67d95269b47464c18da766ca,xml,reading-task-tabular-3,2,5
67d95269b47464c18da766ca,xml,reading-task-tabular-4,2,5
67d95269b47464c18da766ca,xml,reading-task-tabular-5,2,6
67d95269b47464c18da766ca,xml,writing-task-tabular,5,3
67d95269b47464c18da766ca,xml,modifying-task-tabular-1,6,2
67d95269b47464c18da766ca,xml,modifying-task-tabular-2,2,3
67d95269b47464c18da766ca,xml,modifying-task-tabular-3,3,5
67d95269b47464c18da766ca,xml,modifying-task-tabular-4,4,3
64275e53f51a5ed4f6b7d019,toml,writing-task-NL,1,7
64275e53f51a5ed4f6b7d019,toml,reading-task-tabular-1,1,7
64275e53f51a5ed4f6b7d019,toml,reading-task-tabular-2,1,7
64275e53f51a5ed4f6b7d019,toml,reading-task-tabular-3,1,7
64275e53f51a5ed4f6b7d019,toml,reading-task-tabular-4,1,7
64275e53f51a5ed4f6b7d019,toml,reading-task-tabular-5,1,7
64275e53f51a5ed4f6b7d019,toml,writing-task-tabular,3,5
64275e53f51a5ed4f6b7d019,toml,modifying-task-tabular-1,1,7
64275e53f51a5ed4f6b7d019,toml,modifying-task-tabular-2,1,7
64275e53f51a5ed4f6b7d019,toml,modifying-task-tabular-3,1,7
64275e53f51a5ed4f6b7d019,toml,modifying-task-tabular-4,7,1
6734346ca8e90c2da6fb4509,jsonc,writing-task-NL,1,1
6734346ca8e90c2da6fb4509,jsonc,reading-task-tabular-1,2,7
6734346ca8e90c2da6fb4509,jsonc,reading-task-tabular-2,1,7
6734346ca8e90c2da6fb4509,jsonc,reading-task-tabular-3,2,6
6734346ca8e90c2da6fb4509,jsonc,reading-task-tabular-4,4,7
6734346ca8e90c2da6fb4509,jsonc,reading-task-tabular-5,3,6
6734346ca8e90c2da6fb4509,jsonc,writing-task-tabular,5,6
6734346ca8e90c2da6fb4509,jsonc,modifying-task-tabular-1,3,6
6734346ca8e90c2da6fb4509,jsonc,modifying-task-tabular-2,3,7
6734346ca8e90c2da6fb4509,jsonc,modifying-task-tabular-3,2,6
6734346ca8e90c2da6fb4509,jsonc,modifying-task-tabular-4,7,7
66049694dfb8828a8f3dce70,yaml,writing-task-NL,1,7
66049694dfb8828a8f3dce70,yaml,reading-task-tabular-1,5,5
66049694dfb8828a8f3dce70,yaml,reading-task-tabular-2,2,6
66049694dfb8828a8f3dce70,yaml,reading-task-tabular-3,2,6
66049694dfb8828a8f3dce70,yaml,reading-task-tabular-4,1,7
66049694dfb8828a8f3dce70,yaml,reading-task-tabular-5,4,6
66049694dfb8828a8f3dce70,yaml,writing-task-tabular,5,5
66049694dfb8828a8f3dce70,yaml,modifying-task-tabular-1,4,5
66049694dfb8828a8f3dce70,yaml,modifying-task-tabular-2,6,6
66049694dfb8828a8f3dce70,yaml,modifying-task-tabular-3,4,5
66049694dfb8828a8f3dce70,yaml,modifying-task-tabular-4,5,4
67ab214c2cde1be7c45535ac,jsonc,writing-task-NL,1,7
67ab214c2cde1be7c45535ac,jsonc,reading-task-tabular-1,2,3
67ab214c2cde1be7c45535ac,jsonc,reading-task-tabular-2,1,5
67ab214c2cde1be7c45535ac,jsonc,reading-task-tabular-3,1,7
67ab214c2cde1be7c45535ac,jsonc,reading-task-tabular-4,2,5
67ab214c2cde1be7c45535ac,jsonc,reading-task-tabular-5,1,6
67ab214c2cde1be7c45535ac,jsonc,writing-task-tabular,7,1
67ab214c2cde1be7c45535ac,jsonc,modifying-task-tabular-1,4,3
67ab214c2cde1be7c45535ac,jsonc,modifying-task-tabular-2,4,5
67ab214c2cde1be7c45535ac,jsonc,modifying-task-tabular-3,2,2
67ab214c2cde1be7c45535ac,jsonc,modifying-task-tabular-4,4,4
607728dc0b4f8590b94ae57c,jsonc,writing-task-NL,1,7
607728dc0b4f8590b94ae57c,jsonc,reading-task-tabular-1,1,6
607728dc0b4f8590b94ae57c,jsonc,reading-task-tabular-2,2,6
607728dc0b4f8590b94ae57c,jsonc,reading-task-tabular-3,1,7
607728dc0b4f8590b94ae57c,jsonc,reading-task-tabular-4,1,7
607728dc0b4f8590b94ae57c,jsonc,reading-task-tabular-5,1,7
607728dc0b4f8590b94ae57c,jsonc,writing-task-tabular,5,4
607728dc0b4f8590b94ae57c,jsonc,modifying-task-tabular-1,2,6
607728dc0b4f8590b94ae57c,jsonc,modifying-task-tabular-2,1,7
607728dc0b4f8590b94ae57c,jsonc,modifying-task-tabular-3,1,7
607728dc0b4f8590b94ae57c,jsonc,modifying-task-tabular-4,5,3
667c18ace97ab6869cb1c50e,hjson,writing-task-NL,1,7
667c18ace97ab6869cb1c50e,hjson,reading-task-tabular-1,1,6
667c18ace97ab6869cb1c50e,hjson,reading-task-tabular-2,3,5
667c18ace97ab6869cb1c50e,hjson,reading-task-tabular-3,2,6
667c18ace97ab6869cb1c50e,hjson,reading-task-tabular-4,1,7
667c18ace97ab6869cb1c50e,hjson,reading-task-tabular-5,3,7
667c18ace97ab6869cb1c50e,hjson,writing-task-tabular,7,1
667c18ace97ab6869cb1c50e,hjson,modifying-task-tabular-1,3,5
667c18ace97ab6869cb1c50e,hjson,modifying-task-tabular-2,2,6
667c18ace97ab6869cb1c50e,hjson,modifying-task-tabular-3,3,6
667c18ace97ab6869cb1c50e,hjson,modifying-task-tabular-4,4,5
667ac09492ea0caadf488520,json,writing-task-NL,1,7
667ac09492ea0caadf488520,json,reading-task-tabular-1,3,5
667ac09492ea0caadf488520,json,reading-task-tabular-2,6,2
667ac09492ea0caadf488520,json,reading-task-tabular-3,4,4
667ac09492ea0caadf488520,json,reading-task-tabular-4,2,6
667ac09492ea0caadf488520,json,reading-task-tabular-5,4,4
667ac09492ea0caadf488520,json,writing-task-tabular,7,1
667ac09492ea0caadf488520,json,modifying-task-tabular-1,7,2
667ac09492ea0caadf488520,json,modifying-task-tabular-2,1,7
667ac09492ea0caadf488520,json,modifying-task-tabular-3,1,5
667ac09492ea0caadf488520,json,modifying-task-tabular-4,4,4
6740ae39809389d7da9de209,xml,writing-task-NL,3,6
6740ae39809389d7da9de209,xml,reading-task-tabular-1,5,5
6740ae39809389d7da9de209,xml,reading-task-tabular-2,5,6
6740ae39809389d7da9de209,xml,reading-task-tabular-3,6,5
6740ae39809389d7da9de209,xml,reading-task-tabular-4,5,7
6740ae39809389d7da9de209,xml,reading-task-tabular-5,5,5
6740ae39809389d7da9de209,xml,writing-task-tabular,7,5
6740ae39809389d7da9de209,xml,modifying-task-tabular-1,6,5
6740ae39809389d7da9de209,xml,modifying-task-tabular-2,4,6
6740ae39809389d7da9de209,xml,modifying-task-tabular-3,7,4
6740ae39809389d7da9de209,xml,modifying-task-tabular-4,7,1
67c246023b44ca64d40ae45a,json5,writing-task-NL,4,3
67c246023b44ca64d40ae45a,json5,reading-task-tabular-1,7,2
67c246023b44ca64d40ae45a,json5,reading-task-tabular-2,4,2
67c246023b44ca64d40ae45a,json5,reading-task-tabular-3,6,1
67c246023b44ca64d40ae45a,json5,reading-task-tabular-4,1,7
67c246023b44ca64d40ae45a,json5,reading-task-tabular-5,1,1
67c246023b44ca64d40ae45a,json5,writing-task-tabular,5,2
67c246023b44ca64d40ae45a,json5,modifying-task-tabular-1,7,1
67c246023b44ca64d40ae45a,json5,modifying-task-tabular-2,1,3
67c246023b44ca64d40ae45a,json5,modifying-task-tabular-3,1,7
67c246023b44ca64d40ae45a,json5,modifying-task-tabular-4,1,1
67debe02a893eea51e8d02f2,json,writing-task-NL,1,6
67debe02a893eea51e8d02f2,json,reading-task-tabular-1,5,4
67debe02a893eea51e8d02f2,json,reading-task-tabular-2,2,6
67debe02a893eea51e8d02f2,json,reading-task-tabular-3,2,7
67debe02a893eea51e8d02f2,json,reading-task-tabular-4,1,7
67debe02a893eea51e8d02f2,json,reading-task-tabular-5,1,6
67debe02a893eea51e8d02f2,json,writing-task-tabular,6,1
67debe02a893eea51e8d02f2,json,modifying-task-tabular-1,4,3
67debe02a893eea51e8d02f2,json,modifying-task-tabular-2,3,2
67debe02a893eea51e8d02f2,json,modifying-task-tabular-3,7,1
67debe02a893eea51e8d02f2,json,modifying-task-tabular-4,2,1
673d0377254c407e5da57f97,toml,writing-task-NL,2,7
673d0377254c407e5da57f97,toml,reading-task-tabular-1,4,6
673d0377254c407e5da57f97,toml,reading-task-tabular-2,3,6
673d0377254c407e5da57f97,toml,reading-task-tabular-3,4,5
673d0377254c407e5da57f97,toml,reading-task-tabular-4,2,7
673d0377254c407e5da57f97,toml,reading-task-tabular-5,4,7
673d0377254c407e5da57f97,toml,writing-task-tabular,3,7
673d0377254c407e5da57f97,toml,modifying-task-tabular-1,2,6
673d0377254c407e5da57f97,toml,modifying-task-tabular-2,2,6
673d0377254c407e5da57f97,toml,modifying-task-tabular-3,1,7
673d0377254c407e5da57f97,toml,modifying-task-tabular-4,2,6
62fd14d7b1e0729dc8aadb79,xml,writing-task-NL,1,7
62fd14d7b1e0729dc8aadb79,xml,reading-task-tabular-1,1,7
62fd14d7b1e0729dc8aadb79,xml,reading-task-tabular-2,1,7
62fd14d7b1e0729dc8aadb79,xml,reading-task-tabular-3,1,7
62fd14d7b1e0729dc8aadb79,xml,reading-task-tabular-4,1,7
62fd14d7b1e0729dc8aadb79,xml,reading-task-tabular-5,1,7
62fd14d7b1e0729dc8aadb79,xml,writing-task-tabular,5,3
62fd14d7b1e0729dc8aadb79,xml,modifying-task-tabular-1,1,7
62fd14d7b1e0729dc8aadb79,xml,modifying-task-tabular-2,1,7
62fd14d7b1e0729dc8aadb79,xml,modifying-task-tabular-3,1,7
62fd14d7b1e0729dc8aadb79,xml,modifying-task-tabular-4,4,3
5dafea4de40355001651fa2f,jsonc,writing-task-NL,4,6
5dafea4de40355001651fa2f,jsonc,reading-task-tabular-1,6,5
5dafea4de40355001651fa2f,jsonc,reading-task-tabular-2,4,5
5dafea4de40355001651fa2f,jsonc,reading-task-tabular-3,5,3
5dafea4de40355001651fa2f,jsonc,reading-task-tabular-4,3,5
5dafea4de40355001651fa2f,jsonc,reading-task-tabular-5,6,2
5dafea4de40355001651fa2f,jsonc,writing-task-tabular,7,1
5dafea4de40355001651fa2f,jsonc,modifying-task-tabular-1,6,2
5dafea4de40355001651fa2f,jsonc,modifying-task-tabular-2,6,1
5dafea4de40355001651fa2f,jsonc,modifying-task-tabular-3,2,5
5dafea4de40355001651fa2f,jsonc,modifying-task-tabular-4,6,1
6787e4bd2bf9557a90208f03,yaml,writing-task-NL,2,2
6787e4bd2bf9557a90208f03,yaml,reading-task-tabular-1,4,5
6787e4bd2bf9557a90208f03,yaml,reading-task-tabular-2,4,4
6787e4bd2bf9557a90208f03,yaml,reading-task-tabular-3,4,4
6787e4bd2bf9557a90208f03,yaml,reading-task-tabular-4,2,6
6787e4bd2bf9557a90208f03,yaml,reading-task-tabular-5,5,3
6787e4bd2bf9557a90208f03,yaml,writing-task-tabular,5,5
6787e4bd2bf9557a90208f03,yaml,modifying-task-tabular-1,7,1
6787e4bd2bf9557a90208f03,yaml,modifying-task-tabular-2,5,4
6787e4bd2bf9557a90208f03,yaml,modifying-task-tabular-3,3,5
6787e4bd2bf9557a90208f03,yaml,modifying-task-tabular-4,4,4
5e8a5a892f6f027054a83d88,toml,writing-task-NL,1,7
5e8a5a892f6f027054a83d88,toml,reading-task-tabular-1,1,7
5e8a5a892f6f027054a83d88,toml,reading-task-tabular-2,1,7
5e8a5a892f6f027054a83d88,toml,reading-task-tabular-3,1,7
5e8a5a892f6f027054a83d88,toml,reading-task-tabular-4,1,7
5e8a5a892f6f027054a83d88,toml,reading-task-tabular-5,1,7
5e8a5a892f6f027054a83d88,toml,writing-task-tabular,3,6
5e8a5a892f6f027054a83d88,toml,modifying-task-tabular-1,1,4
5e8a5a892f6f027054a83d88,toml,modifying-task-tabular-2,1,7
5e8a5a892f6f027054a83d88,toml,modifying-task-tabular-3,1,4
5e8a5a892f6f027054a83d88,toml,modifying-task-tabular-4,5,1
67e4920c40c9561040ca01d0,xml,writing-task-NL,2,7
67e4920c40c9561040ca01d0,xml,reading-task-tabular-1,3,5
67e4920c40c9561040ca01d0,xml,reading-task-tabular-2,3,5
67e4920c40c9561040ca01d0,xml,reading-task-tabular-3,4,5
67e4920c40c9561040ca01d0,xml,reading-task-tabular-4,2,6
67e4920c40c9561040ca01d0,xml,reading-task-tabular-5,2,6
67e4920c40c9561040ca01d0,xml,writing-task-tabular,6,6
67e4920c40c9561040ca01d0,xml,modifying-task-tabular-1,7,1
67e4920c40c9561040ca01d0,xml,modifying-task-tabular-2,7,1
67e4920c40c9561040ca01d0,xml,modifying-task-tabular-3,2,6
67e4920c40c9561040ca01d0,xml,modifying-task-tabular-4,5,5
615200d54efc832849db2259,json,writing-task-NL,1,7
615200d54efc832849db2259,json,reading-task-tabular-1,2,6
615200d54efc832849db2259,json,reading-task-tabular-2,1,7
615200d54efc832849db2259,json,reading-task-tabular-3,3,5
615200d54efc832849db2259,json,reading-task-tabular-4,1,7
615200d54efc832849db2259,json,reading-task-tabular-5,1,7
615200d54efc832849db2259,json,writing-task-tabular,6,3
615200d54efc832849db2259,json,modifying-task-tabular-1,5,3
615200d54efc832849db2259,json,modifying-task-tabular-2,3,5
615200d54efc832849db2259,json,modifying-task-tabular-3,2,6
615200d54efc832849db2259,json,modifying-task-tabular-4,5,4
67f184a3b82990251abd1592,yaml,writing-task-NL,1,7
67f184a3b82990251abd1592,yaml,reading-task-tabular-1,2,7
67f184a3b82990251abd1592,yaml,reading-task-tabular-2,2,6
67f184a3b82990251abd1592,yaml,reading-task-tabular-3,1,7
67f184a3b82990251abd1592,yaml,reading-task-tabular-4,1,7
67f184a3b82990251abd1592,yaml,reading-task-tabular-5,1,7
67f184a3b82990251abd1592,yaml,writing-task-tabular,4,4
67f184a3b82990251abd1592,yaml,modifying-task-tabular-1,5,6
67f184a3b82990251abd1592,yaml,modifying-task-tabular-2,1,7
67f184a3b82990251abd1592,yaml,modifying-task-tabular-3,1,5
67f184a3b82990251abd1592,yaml,modifying-task-tabular-4,6,5
67bf88cc763aae600b429a3e,toml,writing-task-NL,3,6
67bf88cc763aae600b429a3e,toml,reading-task-tabular-1,3,5
67bf88cc763aae600b429a3e,toml,reading-task-tabular-2,1,7
67bf88cc763aae600b429a3e,toml,reading-task-tabular-3,4,5
67bf88cc763aae600b429a3e,toml,reading-task-tabular-4,1,7
67bf88cc763aae600b429a3e,toml,reading-task-tabular-5,5,4
67bf88cc763aae600b429a3e,toml,writing-task-tabular,7,1
67bf88cc763aae600b429a3e,toml,modifying-task-tabular-1,7,2
67bf88cc763aae600b429a3e,toml,modifying-task-tabular-2,1,7
67bf88cc763aae600b429a3e,toml,modifying-task-tabular-3,1,7
67bf88cc763aae600b429a3e,toml,modifying-task-tabular-4,1,7
67a754a5c8614c52a939d87b,hjson,writing-task-NL,2,3
67a754a5c8614c52a939d87b,hjson,reading-task-tabular-1,2,3
67a754a5c8614c52a939d87b,hjson,reading-task-tabular-2,2,2
67a754a5c8614c52a939d87b,hjson,reading-task-tabular-3,2,3
67a754a5c8614c52a939d87b,hjson,reading-task-tabular-4,1,1
67a754a5c8614c52a939d87b,hjson,reading-task-tabular-5,1,1
67a754a5c8614c52a939d87b,hjson,writing-task-tabular,4,5
67a754a5c8614c52a939d87b,hjson,modifying-task-tabular-1,4,4
67a754a5c8614c52a939d87b,hjson,modifying-task-tabular-2,7,3
67a754a5c8614c52a939d87b,hjson,modifying-task-tabular-3,7,2
67a754a5c8614c52a939d87b,hjson,modifying-task-tabular-4,7,1
60fce3df91350150e2e88423,yaml,writing-task-NL,3,5
60fce3df91350150e2e88423,yaml,reading-task-tabular-1,1,7
60fce3df91350150e2e88423,yaml,reading-task-tabular-2,1,7
60fce3df91350150e2e88423,yaml,reading-task-tabular-3,1,6
60fce3df91350150e2e88423,yaml,reading-task-tabular-4,1,7
60fce3df91350150e2e88423,yaml,reading-task-tabular-5,1,6
60fce3df91350150e2e88423,yaml,writing-task-tabular,5,3
60fce3df91350150e2e88423,yaml,modifying-task-tabular-1,6,2
60fce3df91350150e2e88423,yaml,modifying-task-tabular-2,4,5
60fce3df91350150e2e88423,yaml,modifying-task-tabular-3,6,3
60fce3df91350150e2e88423,yaml,modifying-task-tabular-4,5,2
67d29234dbfdb6668d124115,yaml,writing-task-NL,3,6
67d29234dbfdb6668d124115,yaml,reading-task-tabular-1,4,6
67d29234dbfdb6668d124115,yaml,reading-task-tabular-2,4,6
67d29234dbfdb6668d124115,yaml,reading-task-tabular-3,5,4
67d29234dbfdb6668d124115,yaml,reading-task-tabular-4,3,6
67d29234dbfdb6668d124115,yaml,reading-task-tabular-5,6,2
67d29234dbfdb6668d124115,yaml,writing-task-tabular,6,2
67d29234dbfdb6668d124115,yaml,modifying-task-tabular-1,3,6
67d29234dbfdb6668d124115,yaml,modifying-task-tabular-2,4,4
67d29234dbfdb6668d124115,yaml,modifying-task-tabular-3,6,2
67d29234dbfdb6668d124115,yaml,modifying-task-tabular-4,7,1
65cf6d8a589a67afcab54e6f,hjson,writing-task-NL,1,7
65cf6d8a589a67afcab54e6f,hjson,reading-task-tabular-1,1,7
65cf6d8a589a67afcab54e6f,hjson,reading-task-tabular-2,1,7
65cf6d8a589a67afcab54e6f,hjson,reading-task-tabular-3,1,6
65cf6d8a589a67afcab54e6f,hjson,reading-task-tabular-4,1,7
65cf6d8a589a67afcab54e6f,hjson,reading-task-tabular-5,1,7
65cf6d8a589a67afcab54e6f,hjson,writing-task-tabular,1,7
65cf6d8a589a67afcab54e6f,hjson,modifying-task-tabular-1,1,7
65cf6d8a589a67afcab54e6f,hjson,modifying-task-tabular-2,1,7
65cf6d8a589a67afcab54e6f,hjson,modifying-task-tabular-3,1,7
65cf6d8a589a67afcab54e6f,hjson,modifying-task-tabular-4,1,7
672d98919cc177d28c204e76,json5,writing-task-NL,1,7
672d98919cc177d28c204e76,json5,reading-task-tabular-1,2,6
672d98919cc177d28c204e76,json5,reading-task-tabular-2,5,3
672d98919cc177d28c204e76,json5,reading-task-tabular-3,2,6
672d98919cc177d28c204e76,json5,reading-task-tabular-4,2,6
672d98919cc177d28c204e76,json5,reading-task-tabular-5,2,6
672d98919cc177d28c204e76,json5,writing-task-tabular,7,3
672d98919cc177d28c204e76,json5,modifying-task-tabular-1,2,5
672d98919cc177d28c204e76,json5,modifying-task-tabular-2,2,5
672d98919cc177d28c204e76,json5,modifying-task-tabular-3,3,5
672d98919cc177d28c204e76,json5,modifying-task-tabular-4,6,2
66b0d065329001a04e5ae671,json,writing-task-NL,2,6
66b0d065329001a04e5ae671,json,reading-task-tabular-1,1,7
66b0d065329001a04e5ae671,json,reading-task-tabular-2,1,7
66b0d065329001a04e5ae671,json,reading-task-tabular-3,2,6
66b0d065329001a04e5ae671,json,reading-task-tabular-4,1,7
66b0d065329001a04e5ae671,json,reading-task-tabular-5,2,5
66b0d065329001a04e5ae671,json,writing-task-tabular,4,4
66b0d065329001a04e5ae671,json,modifying-task-tabular-1,7,1
66b0d065329001a04e5ae671,json,modifying-task-tabular-2,1,7
66b0d065329001a04e5ae671,json,modifying-task-tabular-3,2,6
66b0d065329001a04e5ae671,json,modifying-task-tabular-4,3,4
67f1a4f8dd44e7cd5adffa29,json5,writing-task-NL,3,7
67f1a4f8dd44e7cd5adffa29,json5,reading-task-tabular-1,5,7
67f1a4f8dd44e7cd5adffa29,json5,reading-task-tabular-2,4,7
67f1a4f8dd44e7cd5adffa29,json5,reading-task-tabular-3,6,7
67f1a4f8dd44e7cd5adffa29,json5,reading-task-tabular-4,6,6
67f1a4f8dd44e7cd5adffa29,json5,reading-task-tabular-5,6,5
67f1a4f8dd44e7cd5adffa29,json5,writing-task-tabular,7,7
67f1a4f8dd44e7cd5adffa29,json5,modifying-task-tabular-1,7,7
67f1a4f8dd44e7cd5adffa29,json5,modifying-task-tabular-2,7,6
67f1a4f8dd44e7cd5adffa29,json5,modifying-task-tabular-3,7,7
67f1a4f8dd44e7cd5adffa29,json5,modifying-task-tabular-4,6,7
5e3b5fa9255e7a37bc841135,json,writing-task-NL,1,1
5e3b5fa9255e7a37bc841135,json,reading-task-tabular-1,1,7
5e3b5fa9255e7a37bc841135,json,reading-task-tabular-2,1,7
5e3b5fa9255e7a37bc841135,json,reading-task-tabular-3,1,7
5e3b5fa9255e7a37bc841135,json,reading-task-tabular-4,1,6
5e3b5fa9255e7a37bc841135,json,reading-task-tabular-5,1,7
5e3b5fa9255e7a37bc841135,json,writing-task-tabular,6,2
5e3b5fa9255e7a37bc841135,json,modifying-task-tabular-1,2,4
5e3b5fa9255e7a37bc841135,json,modifying-task-tabular-2,2,5
5e3b5fa9255e7a37bc841135,json,modifying-task-tabular-3,2,2
5e3b5fa9255e7a37bc841135,json,modifying-task-tabular-4,4,1
677c52fe648cd68583dd3b1e,xml,writing-task-NL,2,4
677c52fe648cd68583dd3b1e,xml,reading-task-tabular-1,2,4
677c52fe648cd68583dd3b1e,xml,reading-task-tabular-2,2,4
677c52fe648cd68583dd3b1e,xml,reading-task-tabular-3,5,3
677c52fe648cd68583dd3b1e,xml,reading-task-tabular-4,1,7
677c52fe648cd68583dd3b1e,xml,reading-task-tabular-5,1,7
677c52fe648cd68583dd3b1e,xml,writing-task-tabular,4,7
677c52fe648cd68583dd3b1e,xml,modifying-task-tabular-1,2,4
677c52fe648cd68583dd3b1e,xml,modifying-task-tabular-2,6,2
677c52fe648cd68583dd3b1e,xml,modifying-task-tabular-3,4,4
677c52fe648cd68583dd3b1e,xml,modifying-task-tabular-4,6,2
5d30dfa68b1523000134878f,json,writing-task-NL,1,7
5d30dfa68b1523000134878f,json,reading-task-tabular-1,1,7
5d30dfa68b1523000134878f,json,reading-task-tabular-2,1,7
5d30dfa68b1523000134878f,json,reading-task-tabular-3,1,7
5d30dfa68b1523000134878f,json,reading-task-tabular-4,1,7
5d30dfa68b1523000134878f,json,reading-task-tabular-5,1,7
5d30dfa68b1523000134878f,json,writing-task-tabular,4,5
5d30dfa68b1523000134878f,json,modifying-task-tabular-1,2,6
5d30dfa68b1523000134878f,json,modifying-task-tabular-2,1,7
5d30dfa68b1523000134878f,json,modifying-task-tabular-3,2,6
5d30dfa68b1523000134878f,json,modifying-task-tabular-4,4,5
671a519900a99ebc15a67672,yaml,writing-task-NL,3,6
671a519900a99ebc15a67672,yaml,reading-task-tabular-1,1,7
671a519900a99ebc15a67672,yaml,reading-task-tabular-2,4,3
671a519900a99ebc15a67672,yaml,reading-task-tabular-3,4,5
671a519900a99ebc15a67672,yaml,reading-task-tabular-4,7,7
671a519900a99ebc15a67672,yaml,reading-task-tabular-5,3,6
671a519900a99ebc15a67672,yaml,writing-task-tabular,3,6
671a519900a99ebc15a67672,yaml,modifying-task-tabular-1,1,7
671a519900a99ebc15a67672,yaml,modifying-task-tabular-2,1,5
671a519900a99ebc15a67672,yaml,modifying-task-tabular-3,5,4
671a519900a99ebc15a67672,yaml,modifying-task-tabular-4,6,4
672ca6c0324ac26cdc0dd298,json5,writing-task-NL,4,7
672ca6c0324ac26cdc0dd298,json5,reading-task-tabular-1,6,7
672ca6c0324ac26cdc0dd298,json5,reading-task-tabular-2,2,7
672ca6c0324ac26cdc0dd298,json5,reading-task-tabular-3,1,7
672ca6c0324ac26cdc0dd298,json5,reading-task-tabular-4,5,7
672ca6c0324ac26cdc0dd298,json5,reading-task-tabular-5,7,1
672ca6c0324ac26cdc0dd298,json5,writing-task-tabular,7,1
672ca6c0324ac26cdc0dd298,json5,modifying-task-tabular-1,5,7
672ca6c0324ac26cdc0dd298,json5,modifying-task-tabular-2,4,7
672ca6c0324ac26cdc0dd298,json5,modifying-task-tabular-3,1,7
672ca6c0324ac26cdc0dd298,json5,modifying-task-tabular-4,7,1
67d7fa657f5ac0292a291a38,hjson,writing-task-NL,1,7
67d7fa657f5ac0292a291a38,hjson,reading-task-tabular-1,1,7
67d7fa657f5ac0292a291a38,hjson,reading-task-tabular-2,1,7
67d7fa657f5ac0292a291a38,hjson,reading-task-tabular-3,1,7
67d7fa657f5ac0292a291a38,hjson,reading-task-tabular-4,1,7
67d7fa657f5ac0292a291a38,hjson,reading-task-tabular-5,1,7
67d7fa657f5ac0292a291a38,hjson,writing-task-tabular,4,7
67d7fa657f5ac0292a291a38,hjson,modifying-task-tabular-1,5,7
67d7fa657f5ac0292a291a38,hjson,modifying-task-tabular-2,3,7
67d7fa657f5ac0292a291a38,hjson,modifying-task-tabular-3,3,7
67d7fa657f5ac0292a291a38,hjson,modifying-task-tabular-4,5,7
677d185800ab83d1b0185d82,jsonc,writing-task-NL,2,6
677d185800ab83d1b0185d82,jsonc,reading-task-tabular-1,4,6
677d185800ab83d1b0185d82,jsonc,reading-task-tabular-2,4,4
677d185800ab83d1b0185d82,jsonc,reading-task-tabular-3,4,4
677d185800ab83d1b0185d82,jsonc,reading-task-tabular-4,3,5
677d185800ab83d1b0185d82,jsonc,reading-task-tabular-5,2,3
677d185800ab83d1b0185d82,jsonc,writing-task-tabular,7,3
677d185800ab83d1b0185d82,jsonc,modifying-task-tabular-1,6,5
677d185800ab83d1b0185d82,jsonc,modifying-task-tabular-2,7,2
677d185800ab83d1b0185d82,jsonc,modifying-task-tabular-3,5,4
677d185800ab83d1b0185d82,jsonc,modifying-task-tabular-4,4,6
5b68c9eb87af310001584803,json5,writing-task-NL,2,7
5b68c9eb87af310001584803,json5,reading-task-tabular-1,1,7
5b68c9eb87af310001584803,json5,reading-task-tabular-2,2,7
5b68c9eb87af310001584803,json5,reading-task-tabular-3,1,7
5b68c9eb87af310001584803,json5,reading-task-tabular-4,1,7
5b68c9eb87af310001584803,json5,reading-task-tabular-5,1,7
5b68c9eb87af310001584803,json5,writing-task-tabular,6,3
5b68c9eb87af310001584803,json5,modifying-task-tabular-1,3,6
5b68c9eb87af310001584803,json5,modifying-task-tabular-2,3,7
5b68c9eb87af310001584803,json5,modifying-task-tabular-3,1,7
5b68c9eb87af310001584803,json5,modifying-task-tabular-4,7,2
6784ff2095dd9b97e969b01f,jsonc,writing-task-NL,2,5
6784ff2095dd9b97e969b01f,jsonc,reading-task-tabular-1,1,6
6784ff2095dd9b97e969b01f,jsonc,reading-task-tabular-2,1,6
6784ff2095dd9b97e969b01f,jsonc,reading-task-tabular-3,2,5
6784ff2095dd9b97e969b01f,jsonc,reading-task-tabular-4,1,7
6784ff2095dd9b97e969b01f,jsonc,reading-task-tabular-5,4,3
6784ff2095dd9b97e969b01f,jsonc,writing-task-tabular,6,2
6784ff2095dd9b97e969b01f,jsonc,modifying-task-tabular-1,3,5
6784ff2095dd9b97e969b01f,jsonc,modifying-task-tabular-2,3,5
6784ff2095dd9b97e969b01f,jsonc,modifying-task-tabular-3,3,4
6784ff2095dd9b97e969b01f,jsonc,modifying-task-tabular-4,4,5
67eff2b1a264260e948a4d14,xml,writing-task-NL,5,6
67eff2b1a264260e948a4d14,xml,reading-task-tabular-1,7,1
67eff2b1a264260e948a4d14,xml,reading-task-tabular-2,2,7
67eff2b1a264260e948a4d14,xml,reading-task-tabular-3,1,7
67eff2b1a264260e948a4d14,xml,reading-task-tabular-4,1,7
67eff2b1a264260e948a4d14,xml,reading-task-tabular-5,1,7
67eff2b1a264260e948a4d14,xml,writing-task-tabular,7,1
67eff2b1a264260e948a4d14,xml,modifying-task-tabular-1,7,1
67eff2b1a264260e948a4d14,xml,modifying-task-tabular-2,1,7
67eff2b1a264260e948a4d14,xml,modifying-task-tabular-3,1,7
67eff2b1a264260e948a4d14,xml,modifying-task-tabular-4,1,7
5ecc71c95c92c2000a9e9a19,jsonc,writing-task-NL,1,7
5ecc71c95c92c2000a9e9a19,jsonc,reading-task-tabular-1,1,7
5ecc71c95c92c2000a9e9a19,jsonc,reading-task-tabular-2,1,7
5ecc71c95c92c2000a9e9a19,jsonc,reading-task-tabular-3,1,7
5ecc71c95c92c2000a9e9a19,jsonc,reading-task-tabular-4,1,7
5ecc71c95c92c2000a9e9a19,jsonc,reading-task-tabular-5,1,7
5ecc71c95c92c2000a9e9a19,jsonc,writing-task-tabular,7,1
5ecc71c95c92c2000a9e9a19,jsonc,modifying-task-tabular-1,1,7
5ecc71c95c92c2000a9e9a19,jsonc,modifying-task-tabular-2,1,7
5ecc71c95c92c2000a9e9a19,jsonc,modifying-task-tabular-3,2,6
5ecc71c95c92c2000a9e9a19,jsonc,modifying-task-tabular-4,7,1
61267b828ead584bcf092e35,hjson,writing-task-NL,1,7
61267b828ead584bcf092e35,hjson,reading-task-tabular-1,1,7
61267b828ead584bcf092e35,hjson,reading-task-tabular-2,1,7
61267b828ead584bcf092e35,hjson,reading-task-tabular-3,1,7
61267b828ead584bcf092e35,hjson,reading-task-tabular-4,1,7
61267b828ead584bcf092e35,hjson,reading-task-tabular-5,2,7
61267b828ead584bcf092e35,hjson,writing-task-tabular,6,7
61267b828ead584bcf092e35,hjson,modifying-task-tabular-1,3,7
61267b828ead584bcf092e35,hjson,modifying-task-tabular-2,1,7
61267b828ead584bcf092e35,hjson,modifying-task-tabular-3,4,3
61267b828ead584bcf092e35,hjson,modifying-task-tabular-4,7,7
6501c0a2e788b5556c24569d,xml,writing-task-NL,4,6
6501c0a2e788b5556c24569d,xml,reading-task-tabular-1,6,6
6501c0a2e788b5556c24569d,xml,reading-task-tabular-2,5,6
6501c0a2e788b5556c24569d,xml,reading-task-tabular-3,6,6
6501c0a2e788b5556c24569d,xml,reading-task-tabular-4,6,6
6501c0a2e788b5556c24569d,xml,reading-task-tabular-5,6,6
6501c0a2e788b5556c24569d,xml,writing-task-tabular,6,5
6501c0a2e788b5556c24569d,xml,modifying-task-tabular-1,5,5
6501c0a2e788b5556c24569d,xml,modifying-task-tabular-2,6,6
6501c0a2e788b5556c24569d,xml,modifying-task-tabular-3,6,6
6501c0a2e788b5556c24569d,xml,modifying-task-tabular-4,6,6
637d8ca00150ac6e71a34ec9,yaml,writing-task-NL,1,7
637d8ca00150ac6e71a34ec9,yaml,reading-task-tabular-1,6,2
637d8ca00150ac6e71a34ec9,yaml,reading-task-tabular-2,1,7
637d8ca00150ac6e71a34ec9,yaml,reading-task-tabular-3,1,7
637d8ca00150ac6e71a34ec9,yaml,reading-task-tabular-4,1,7
637d8ca00150ac6e71a34ec9,yaml,reading-task-tabular-5,3,6
637d8ca00150ac6e71a34ec9,yaml,writing-task-tabular,7,1
637d8ca00150ac6e71a34ec9,yaml,modifying-task-tabular-1,7,1
637d8ca00150ac6e71a34ec9,yaml,modifying-task-tabular-2,2,6
637d8ca00150ac6e71a34ec9,yaml,modifying-task-tabular-3,7,1
637d8ca00150ac6e71a34ec9,yaml,modifying-task-tabular-4,7,1
67cb01a82dda2577eb6ee320,json,writing-task-NL,2,6
67cb01a82dda2577eb6ee320,json,reading-task-tabular-1,3,6
67cb01a82dda2577eb6ee320,json,reading-task-tabular-2,2,6
67cb01a82dda2577eb6ee320,json,reading-task-tabular-3,2,6
67cb01a82dda2577eb6ee320,json,reading-task-tabular-4,2,7
67cb01a82dda2577eb6ee320,json,reading-task-tabular-5,2,7
67cb01a82dda2577eb6ee320,json,writing-task-tabular,2,6
67cb01a82dda2577eb6ee320,json,modifying-task-tabular-1,2,6
67cb01a82dda2577eb6ee320,json,modifying-task-tabular-2,2,6
67cb01a82dda2577eb6ee320,json,modifying-task-tabular-3,2,6
67cb01a82dda2577eb6ee320,json,modifying-task-tabular-4,2,6
67e17bac09359e09118892b4,json5,writing-task-NL,7,3
67e17bac09359e09118892b4,json5,reading-task-tabular-1,1,1
67e17bac09359e09118892b4,json5,reading-task-tabular-2,1,1
67e17bac09359e09118892b4,json5,reading-task-tabular-3,4,4
67e17bac09359e09118892b4,json5,reading-task-tabular-4,1,1
67e17bac09359e09118892b4,json5,reading-task-tabular-5,6,2
67e17bac09359e09118892b4,json5,writing-task-tabular,1,2
67e17bac09359e09118892b4,json5,modifying-task-tabular-1,7,7
67e17bac09359e09118892b4,json5,modifying-task-tabular-2,1,1
67e17bac09359e09118892b4,json5,modifying-task-tabular-3,1,1
67e17bac09359e09118892b4,json5,modifying-task-tabular-4,5,5
6606b31155457e4f162ecf5a,json5,writing-task-NL,3,7
6606b31155457e4f162ecf5a,json5,reading-task-tabular-1,2,7
6606b31155457e4f162ecf5a,json5,reading-task-tabular-2,3,7
6606b31155457e4f162ecf5a,json5,reading-task-tabular-3,4,7
6606b31155457e4f162ecf5a,json5,reading-task-tabular-4,2,7
6606b31155457e4f162ecf5a,json5,reading-task-tabular-5,3,7
6606b31155457e4f162ecf5a,json5,writing-task-tabular,6,7
6606b31155457e4f162ecf5a,json5,modifying-task-tabular-1,4,6
6606b31155457e4f162ecf5a,json5,modifying-task-tabular-2,5,7
6606b31155457e4f162ecf5a,json5,modifying-task-tabular-3,3,7
6606b31155457e4f162ecf5a,json5,modifying-task-tabular-4,6,7
63e5b3e89a3823139cb9d35e,toml,writing-task-NL,1,7
63e5b3e89a3823139cb9d35e,toml,reading-task-tabular-1,5,4
63e5b3e89a3823139cb9d35e,toml,reading-task-tabular-2,2,6
63e5b3e89a3823139cb9d35e,toml,reading-task-tabular-3,6,6
63e5b3e89a3823139cb9d35e,toml,reading-task-tabular-4,7,7
63e5b3e89a3823139cb9d35e,toml,reading-task-tabular-5,6,6
63e5b3e89a3823139cb9d35e,toml,writing-task-tabular,6,7
63e5b3e89a3823139cb9d35e,toml,modifying-task-tabular-1,6,5
63e5b3e89a3823139cb9d35e,toml,modifying-task-tabular-2,1,7
63e5b3e89a3823139cb9d35e,toml,modifying-task-tabular-3,1,7
63e5b3e89a3823139cb9d35e,toml,modifying-task-tabular-4,4,4
66bb6b7e0ccbed81f3ed30a8,xml,writing-task-NL,4,2
66bb6b7e0ccbed81f3ed30a8,xml,reading-task-tabular-1,7,1
66bb6b7e0ccbed81f3ed30a8,xml,reading-task-tabular-2,6,2
66bb6b7e0ccbed81f3ed30a8,xml,reading-task-tabular-3,6,2
66bb6b7e0ccbed81f3ed30a8,xml,reading-task-tabular-4,3,5
66bb6b7e0ccbed81f3ed30a8,xml,reading-task-tabular-5,7,1
66bb6b7e0ccbed81f3ed30a8,xml,writing-task-tabular,7,1
66bb6b7e0ccbed81f3ed30a8,xml,modifying-task-tabular-1,5,3
66bb6b7e0ccbed81f3ed30a8,xml,modifying-task-tabular-2,6,2
66bb6b7e0ccbed81f3ed30a8,xml,modifying-task-tabular-3,7,1
66bb6b7e0ccbed81f3ed30a8,xml,modifying-task-tabular-4,7,1
6753746b1f8827e2bd586bf0,xml,writing-task-NL,1,7
6753746b1f8827e2bd586bf0,xml,reading-task-tabular-1,1,7
6753746b1f8827e2bd586bf0,xml,reading-task-tabular-2,3,6
6753746b1f8827e2bd586bf0,xml,reading-task-tabular-3,7,1
6753746b1f8827e2bd586bf0,xml,reading-task-tabular-4,1,7
6753746b1f8827e2bd586bf0,xml,reading-task-tabular-5,5,1
6753746b1f8827e2bd586bf0,xml,writing-task-tabular,7,1
6753746b1f8827e2bd586bf0,xml,modifying-task-tabular-1,6,3
6753746b1f8827e2bd586bf0,xml,modifying-task-tabular-2,6,6
6753746b1f8827e2bd586bf0,xml,modifying-task-tabular-3,3,2
6753746b1f8827e2bd586bf0,xml,modifying-task-tabular-4,7,1
67cd944859dabbd1d4552d39,json,writing-task-NL,2,7
67cd944859dabbd1d4552d39,json,reading-task-tabular-1,6,7
67cd944859dabbd1d4552d39,json,reading-task-tabular-2,3,6
67cd944859dabbd1d4552d39,json,reading-task-tabular-3,3,6
67cd944859dabbd1d4552d39,json,reading-task-tabular-4,1,7
67cd944859dabbd1d4552d39,json,reading-task-tabular-5,1,7
67cd944859dabbd1d4552d39,json,writing-task-tabular,5,5
67cd944859dabbd1d4552d39,json,modifying-task-tabular-1,2,6
67cd944859dabbd1d4552d39,json,modifying-task-tabular-2,2,6
67cd944859dabbd1d4552d39,json,modifying-task-tabular-3,2,6
67cd944859dabbd1d4552d39,json,modifying-task-tabular-4,5,3
57c357770e6a1f00015f6038,json,writing-task-NL,1,7
57c357770e6a1f00015f6038,json,reading-task-tabular-1,5,7
57c357770e6a1f00015f6038,json,reading-task-tabular-2,6,7
57c357770e6a1f00015f6038,json,reading-task-tabular-3,6,7
57c357770e6a1f00015f6038,json,reading-task-tabular-4,3,7
57c357770e6a1f00015f6038,json,reading-task-tabular-5,3,7
57c357770e6a1f00015f6038,json,writing-task-tabular,7,3
57c357770e6a1f00015f6038,json,modifying-task-tabular-1,6,4
57c357770e6a1f00015f6038,json,modifying-task-tabular-2,5,4
57c357770e6a1f00015f6038,json,modifying-task-tabular-3,6,2
57c357770e6a1f00015f6038,json,modifying-task-tabular-4,7,1
67d188bcc201cc08eac23f92,json5,writing-task-NL,1,7
67d188bcc201cc08eac23f92,json5,reading-task-tabular-1,4,7
67d188bcc201cc08eac23f92,json5,reading-task-tabular-2,4,7
67d188bcc201cc08eac23f92,json5,reading-task-tabular-3,4,7
67d188bcc201cc08eac23f92,json5,reading-task-tabular-4,4,6
67d188bcc201cc08eac23f92,json5,reading-task-tabular-5,7,6
67d188bcc201cc08eac23f92,json5,writing-task-tabular,7,4
67d188bcc201cc08eac23f92,json5,modifying-task-tabular-1,7,5
67d188bcc201cc08eac23f92,json5,modifying-task-tabular-2,6,7
67d188bcc201cc08eac23f92,json5,modifying-task-tabular-3,6,5
67d188bcc201cc08eac23f92,json5,modifying-task-tabular-4,7,3
67f3619e16d4ca195fbd1bd0,yaml,writing-task-NL,3,6
67f3619e16d4ca195fbd1bd0,yaml,reading-task-tabular-1,3,7
67f3619e16d4ca195fbd1bd0,yaml,reading-task-tabular-2,2,7
67f3619e16d4ca195fbd1bd0,yaml,reading-task-tabular-3,2,7
67f3619e16d4ca195fbd1bd0,yaml,reading-task-tabular-4,3,7
67f3619e16d4ca195fbd1bd0,yaml,reading-task-tabular-5,2,7
67f3619e16d4ca195fbd1bd0,yaml,writing-task-tabular,4,7
67f3619e16d4ca195fbd1bd0,yaml,modifying-task-tabular-1,1,7
67f3619e16d4ca195fbd1bd0,yaml,modifying-task-tabular-2,1,7
67f3619e16d4ca195fbd1bd0,yaml,modifying-task-tabular-3,2,7
67f3619e16d4ca195fbd1bd0,yaml,modifying-task-tabular-4,4,7
66781db404eab5e142f849d9,jsonc,writing-task-NL,1,6
66781db404eab5e142f849d9,jsonc,reading-task-tabular-1,3,2
66781db404eab5e142f849d9,jsonc,reading-task-tabular-2,3,5
66781db404eab5e142f849d9,jsonc,reading-task-tabular-3,2,6
66781db404eab5e142f849d9,jsonc,reading-task-tabular-4,1,7
66781db404eab5e142f849d9,jsonc,reading-task-tabular-5,2,6
66781db404eab5e142f849d9,jsonc,writing-task-tabular,6,3
66781db404eab5e142f849d9,jsonc,modifying-task-tabular-1,3,5
66781db404eab5e142f849d9,jsonc,modifying-task-tabular-2,1,7
66781db404eab5e142f849d9,jsonc,modifying-task-tabular-3,2,6
66781db404eab5e142f849d9,jsonc,modifying-task-tabular-4,3,2
667c2175b570aa694ce2f63c,toml,writing-task-NL,2,6
667c2175b570aa694ce2f63c,toml,reading-task-tabular-1,4,5
667c2175b570aa694ce2f63c,toml,reading-task-tabular-2,2,6
667c2175b570aa694ce2f63c,toml,reading-task-tabular-3,2,6
667c2175b570aa694ce2f63c,toml,reading-task-tabular-4,3,6
667c2175b570aa694ce2f63c,toml,reading-task-tabular-5,5,6
667c2175b570aa694ce2f63c,toml,writing-task-tabular,7,1
667c2175b570aa694ce2f63c,toml,modifying-task-tabular-1,4,6
667c2175b570aa694ce2f63c,toml,modifying-task-tabular-2,4,6
667c2175b570aa694ce2f63c,toml,modifying-task-tabular-3,4,6
667c2175b570aa694ce2f63c,toml,modifying-task-tabular-4,6,6
67d1283c8f6169900d0072d2,yaml,writing-task-NL,3,6
67d1283c8f6169900d0072d2,yaml,reading-task-tabular-1,1,7
67d1283c8f6169900d0072d2,yaml,reading-task-tabular-2,4,5
67d1283c8f6169900d0072d2,yaml,reading-task-tabular-3,5,2
67d1283c8f6169900d0072d2,yaml,reading-task-tabular-4,4,4
67d1283c8f6169900d0072d2,yaml,reading-task-tabular-5,2,7
67d1283c8f6169900d0072d2,yaml,writing-task-tabular,7,1
67d1283c8f6169900d0072d2,yaml,modifying-task-tabular-1,6,2
67d1283c8f6169900d0072d2,yaml,modifying-task-tabular-2,3,3
67d1283c8f6169900d0072d2,yaml,modifying-task-tabular-3,7,1
67d1283c8f6169900d0072d2,yaml,modifying-task-tabular-4,4,2
5f29eff59714081a3594a331,json,writing-task-NL,2,7
5f29eff59714081a3594a331,json,reading-task-tabular-1,4,6
5f29eff59714081a3594a331,json,reading-task-tabular-2,1,7
5f29eff59714081a3594a331,json,reading-task-tabular-3,1,7
5f29eff59714081a3594a331,json,reading-task-tabular-4,1,7
5f29eff59714081a3594a331,json,reading-task-tabular-5,2,7
5f29eff59714081a3594a331,json,writing-task-tabular,6,4
5f29eff59714081a3594a331,json,modifying-task-tabular-1,4,5
5f29eff59714081a3594a331,json,modifying-task-tabular-2,2,6
5f29eff59714081a3594a331,json,modifying-task-tabular-3,2,6
5f29eff59714081a3594a331,json,modifying-task-tabular-4,4,4
65be552ceed6a0595fa1feb5,json,writing-task-NL,1,7
65be552ceed6a0595fa1feb5,json,reading-task-tabular-1,5,5
65be552ceed6a0595fa1feb5,json,reading-task-tabular-2,3,6
65be552ceed6a0595fa1feb5,json,reading-task-tabular-3,5,6
65be552ceed6a0595fa1feb5,json,reading-task-tabular-4,6,3
65be552ceed6a0595fa1feb5,json,reading-task-tabular-5,6,3
65be552ceed6a0595fa1feb5,json,writing-task-tabular,7,1
65be552ceed6a0595fa1feb5,json,modifying-task-tabular-1,1,7
65be552ceed6a0595fa1feb5,json,modifying-task-tabular-2,1,7
65be552ceed6a0595fa1feb5,json,modifying-task-tabular-3,3,6
65be552ceed6a0595fa1feb5,json,modifying-task-tabular-4,6,4
6577a27da9f5297d49f38e6f,hjson,writing-task-NL,4,5
6577a27da9f5297d49f38e6f,hjson,reading-task-tabular-1,2,7
6577a27da9f5297d49f38e6f,hjson,reading-task-tabular-2,3,7
6577a27da9f5297d49f38e6f,hjson,reading-task-tabular-3,2,7
6577a27da9f5297d49f38e6f,hjson,reading-task-tabular-4,1,7
6577a27da9f5297d49f38e6f,hjson,reading-task-tabular-5,3,6
6577a27da9f5297d49f38e6f,hjson,writing-task-tabular,7,4
6577a27da9f5297d49f38e6f,hjson,modifying-task-tabular-1,2,6
6577a27da9f5297d49f38e6f,hjson,modifying-task-tabular-2,2,6
6577a27da9f5297d49f38e6f,hjson,modifying-task-tabular-3,2,6
6577a27da9f5297d49f38e6f,hjson,modifying-task-tabular-4,5,5
67eefd0739d752c54dd52686,toml,writing-task-NL,1,7
67eefd0739d752c54dd52686,toml,reading-task-tabular-1,1,6
67eefd0739d752c54dd52686,toml,reading-task-tabular-2,2,6
67eefd0739d752c54dd52686,toml,reading-task-tabular-3,2,7
67eefd0739d752c54dd52686,toml,reading-task-tabular-4,2,7
67eefd0739d752c54dd52686,toml,reading-task-tabular-5,1,7
67eefd0739d752c54dd52686,toml,writing-task-tabular,4,5
67eefd0739d752c54dd52686,toml,modifying-task-tabular-1,2,6
67eefd0739d752c54dd52686,toml,modifying-task-tabular-2,1,6
67eefd0739d752c54dd52686,toml,modifying-task-tabular-3,2,6
67eefd0739d752c54dd52686,toml,modifying-task-tabular-4,2,7
67e12acb51605ac16c227598,jsonc,writing-task-NL,2,7
67e12acb51605ac16c227598,jsonc,reading-task-tabular-1,7,7
67e12acb51605ac16c227598,jsonc,reading-task-tabular-2,6,7
67e12acb51605ac16c227598,jsonc,reading-task-tabular-3,7,6
67e12acb51605ac16c227598,jsonc,reading-task-tabular-4,5,7
67e12acb51605ac16c227598,jsonc,reading-task-tabular-5,7,7
67e12acb51605ac16c227598,jsonc,writing-task-tabular,7,7
67e12acb51605ac16c227598,jsonc,modifying-task-tabular-1,7,6
67e12acb51605ac16c227598,jsonc,modifying-task-tabular-2,5,7
67e12acb51605ac16c227598,jsonc,modifying-task-tabular-3,7,7
67e12acb51605ac16c227598,jsonc,modifying-task-tabular-4,7,7
67d9788747176969d8d0fa1d,hjson,writing-task-NL,1,7
67d9788747176969d8d0fa1d,hjson,reading-task-tabular-1,3,6
67d9788747176969d8d0fa1d,hjson,reading-task-tabular-2,2,6
67d9788747176969d8d0fa1d,hjson,reading-task-tabular-3,2,6
67d9788747176969d8d0fa1d,hjson,reading-task-tabular-4,1,7
67d9788747176969d8d0fa1d,hjson,reading-task-tabular-5,1,6
67d9788747176969d8d0fa1d,hjson,writing-task-tabular,6,2
67d9788747176969d8d0fa1d,hjson,modifying-task-tabular-1,1,7
67d9788747176969d8d0fa1d,hjson,modifying-task-tabular-2,1,6
67d9788747176969d8d0fa1d,hjson,modifying-task-tabular-3,3,6
67d9788747176969d8d0fa1d,hjson,modifying-task-tabular-4,3,5
669a84e18da4349ece0ea67c,xml,writing-task-NL,1,7
669a84e18da4349ece0ea67c,xml,reading-task-tabular-1,4,4
669a84e18da4349ece0ea67c,xml,reading-task-tabular-2,3,5
669a84e18da4349ece0ea67c,xml,reading-task-tabular-3,3,5
669a84e18da4349ece0ea67c,xml,reading-task-tabular-4,1,7
669a84e18da4349ece0ea67c,xml,reading-task-tabular-5,3,5
669a84e18da4349ece0ea67c,xml,writing-task-tabular,5,4
669a84e18da4349ece0ea67c,xml,modifying-task-tabular-1,3,5
669a84e18da4349ece0ea67c,xml,modifying-task-tabular-2,2,6
669a84e18da4349ece0ea67c,xml,modifying-task-tabular-3,1,7
669a84e18da4349ece0ea67c,xml,modifying-task-tabular-4,2,6
67d548b5aa5737666a77a6d2,json5,writing-task-NL,1,7
67d548b5aa5737666a77a6d2,json5,reading-task-tabular-1,2,7
67d548b5aa5737666a77a6d2,json5,reading-task-tabular-2,1,7
67d548b5aa5737666a77a6d2,json5,reading-task-tabular-3,1,7
67d548b5aa5737666a77a6d2,json5,reading-task-tabular-4,1,7
67d548b5aa5737666a77a6d2,json5,reading-task-tabular-5,1,7
67d548b5aa5737666a77a6d2,json5,writing-task-tabular,7,1
67d548b5aa5737666a77a6d2,json5,modifying-task-tabular-1,1,7
67d548b5aa5737666a77a6d2,json5,modifying-task-tabular-2,1,7
67d548b5aa5737666a77a6d2,json5,modifying-task-tabular-3,1,7
67d548b5aa5737666a77a6d2,json5,modifying-task-tabular-4,7,1
67ab57e88fd0774428bd1f32,xml,writing-task-NL,4,1
67ab57e88fd0774428bd1f32,xml,reading-task-tabular-1,6,5
67ab57e88fd0774428bd1f32,xml,reading-task-tabular-2,5,4
67ab57e88fd0774428bd1f32,xml,reading-task-tabular-3,4,5
67ab57e88fd0774428bd1f32,xml,reading-task-tabular-4,5,5
67ab57e88fd0774428bd1f32,xml,reading-task-tabular-5,6,4
67ab57e88fd0774428bd1f32,xml,writing-task-tabular,5,4
67ab57e88fd0774428bd1f32,xml,modifying-task-tabular-1,6,6
67ab57e88fd0774428bd1f32,xml,modifying-task-tabular-2,5,5
67ab57e88fd0774428bd1f32,xml,modifying-task-tabular-3,7,7
67ab57e88fd0774428bd1f32,xml,modifying-task-tabular-4,6,5
667983594f7d5d70a78c6e5a,json,writing-task-NL,1,7
667983594f7d5d70a78c6e5a,json,reading-task-tabular-1,1,7
667983594f7d5d70a78c6e5a,json,reading-task-tabular-2,4,5
667983594f7d5d70a78c6e5a,json,reading-task-tabular-3,1,7
667983594f7d5d70a78c6e5a,json,reading-task-tabular-4,1,7
667983594f7d5d70a78c6e5a,json,reading-task-tabular-5,5,4
667983594f7d5d70a78c6e5a,json,writing-task-tabular,7,2
667983594f7d5d70a78c6e5a,json,modifying-task-tabular-1,4,4
667983594f7d5d70a78c6e5a,json,modifying-task-tabular-2,6,2
667983594f7d5d70a78c6e5a,json,modifying-task-tabular-3,4,5
667983594f7d5d70a78c6e5a,json,modifying-task-tabular-4,5,2
67f913a9b5c79e960807c7e3,yaml,writing-task-NL,1,7
67f913a9b5c79e960807c7e3,yaml,reading-task-tabular-1,1,7
67f913a9b5c79e960807c7e3,yaml,reading-task-tabular-2,1,7
67f913a9b5c79e960807c7e3,yaml,reading-task-tabular-3,2,7
67f913a9b5c79e960807c7e3,yaml,reading-task-tabular-4,1,7
67f913a9b5c79e960807c7e3,yaml,reading-task-tabular-5,4,3
67f913a9b5c79e960807c7e3,yaml,writing-task-tabular,6,2
67f913a9b5c79e960807c7e3,yaml,modifying-task-tabular-1,5,6
67f913a9b5c79e960807c7e3,yaml,modifying-task-tabular-2,3,6
67f913a9b5c79e960807c7e3,yaml,modifying-task-tabular-3,4,5
67f913a9b5c79e960807c7e3,yaml,modifying-task-tabular-4,6,3
672003022f1b667a20157c45,yaml,writing-task-NL,1,7
672003022f1b667a20157c45,yaml,reading-task-tabular-1,3,7
672003022f1b667a20157c45,yaml,reading-task-tabular-2,1,7
672003022f1b667a20157c45,yaml,reading-task-tabular-3,1,7
672003022f1b667a20157c45,yaml,reading-task-tabular-4,1,7
672003022f1b667a20157c45,yaml,reading-task-tabular-5,1,7
672003022f1b667a20157c45,yaml,writing-task-tabular,6,2
672003022f1b667a20157c45,yaml,modifying-task-tabular-1,2,6
672003022f1b667a20157c45,yaml,modifying-task-tabular-2,1,6
672003022f1b667a20157c45,yaml,modifying-task-tabular-3,1,7
672003022f1b667a20157c45,yaml,modifying-task-tabular-4,1,7
671b65fe04c301eb14263ba5,toml,writing-task-NL,1,7
671b65fe04c301eb14263ba5,toml,reading-task-tabular-1,2,6
671b65fe04c301eb14263ba5,toml,reading-task-tabular-2,1,7
671b65fe04c301eb14263ba5,toml,reading-task-tabular-3,2,7
671b65fe04c301eb14263ba5,toml,reading-task-tabular-4,1,7
671b65fe04c301eb14263ba5,toml,reading-task-tabular-5,1,7
671b65fe04c301eb14263ba5,toml,writing-task-tabular,5,3
671b65fe04c301eb14263ba5,toml,modifying-task-tabular-1,2,6
671b65fe04c301eb14263ba5,toml,modifying-task-tabular-2,3,5
671b65fe04c301eb14263ba5,toml,modifying-task-tabular-3,1,7
671b65fe04c301eb14263ba5,toml,modifying-task-tabular-4,2,6
6787d648d7b1963c661f9443,json5,writing-task-NL,2,6
6787d648d7b1963c661f9443,json5,reading-task-tabular-1,5,4
6787d648d7b1963c661f9443,json5,reading-task-tabular-2,6,5
6787d648d7b1963c661f9443,json5,reading-task-tabular-3,4,5
6787d648d7b1963c661f9443,json5,reading-task-tabular-4,2,6
6787d648d7b1963c661f9443,json5,reading-task-tabular-5,6,4
6787d648d7b1963c661f9443,json5,writing-task-tabular,7,5
6787d648d7b1963c661f9443,json5,modifying-task-tabular-1,6,4
6787d648d7b1963c661f9443,json5,modifying-task-tabular-2,7,4
6787d648d7b1963c661f9443,json5,modifying-task-tabular-3,3,5
6787d648d7b1963c661f9443,json5,modifying-task-tabular-4,7,1
66a9285501ac98053902d481,toml,writing-task-NL,1,7
66a9285501ac98053902d481,toml,reading-task-tabular-1,1,7
66a9285501ac98053902d481,toml,reading-task-tabular-2,1,7
66a9285501ac98053902d481,toml,reading-task-tabular-3,1,7
66a9285501ac98053902d481,toml,reading-task-tabular-4,1,7
66a9285501ac98053902d481,toml,reading-task-tabular-5,1,7
66a9285501ac98053902d481,toml,writing-task-tabular,4,4
66a9285501ac98053902d481,toml,modifying-task-tabular-1,1,7
66a9285501ac98053902d481,toml,modifying-task-tabular-2,1,7
66a9285501ac98053902d481,toml,modifying-task-tabular-3,1,7
66a9285501ac98053902d481,toml,modifying-task-tabular-4,2,3
66a662a0a709312db9de01f2,jsonc,writing-task-NL,3,5
66a662a0a709312db9de01f2,jsonc,reading-task-tabular-1,5,4
66a662a0a709312db9de01f2,jsonc,reading-task-tabular-2,5,4
66a662a0a709312db9de01f2,jsonc,reading-task-tabular-3,7,3
66a662a0a709312db9de01f2,jsonc,reading-task-tabular-4,2,5
66a662a0a709312db9de01f2,jsonc,reading-task-tabular-5,4,4
66a662a0a709312db9de01f2,jsonc,writing-task-tabular,3,4
66a662a0a709312db9de01f2,jsonc,modifying-task-tabular-1,7,1
66a662a0a709312db9de01f2,jsonc,modifying-task-tabular-2,4,4
66a662a0a709312db9de01f2,jsonc,modifying-task-tabular-3,1,7
66a662a0a709312db9de01f2,jsonc,modifying-task-tabular-4,7,1
66b246951b9aefec80b7158a,json,writing-task-NL,6,7
66b246951b9aefec80b7158a,json,reading-task-tabular-1,3,5
66b246951b9aefec80b7158a,json,reading-task-tabular-2,2,6
66b246951b9aefec80b7158a,json,reading-task-tabular-3,3,6
66b246951b9aefec80b7158a,json,reading-task-tabular-4,2,6
66b246951b9aefec80b7158a,json,reading-task-tabular-5,2,5
66b246951b9aefec80b7158a,json,writing-task-tabular,7,2
66b246951b9aefec80b7158a,json,modifying-task-tabular-1,5,4
66b246951b9aefec80b7158a,json,modifying-task-tabular-2,3,3
66b246951b9aefec80b7158a,json,modifying-task-tabular-3,3,5
66b246951b9aefec80b7158a,json,modifying-task-tabular-4,6,3
5d766978f47e6200019a2acf,yaml,writing-task-NL,1,7
5d766978f47e6200019a2acf,yaml,reading-task-tabular-1,1,7
5d766978f47e6200019a2acf,yaml,reading-task-tabular-2,1,7
5d766978f47e6200019a2acf,yaml,reading-task-tabular-3,1,7
5d766978f47e6200019a2acf,yaml,reading-task-tabular-4,1,7
5d766978f47e6200019a2acf,yaml,reading-task-tabular-5,2,7
5d766978f47e6200019a2acf,yaml,writing-task-tabular,2,4
5d766978f47e6200019a2acf,yaml,modifying-task-tabular-1,2,5
5d766978f47e6200019a2acf,yaml,modifying-task-tabular-2,1,7
5d766978f47e6200019a2acf,yaml,modifying-task-tabular-3,1,6
5d766978f47e6200019a2acf,yaml,modifying-task-tabular-4,3,4
677d32c679491be18090225b,xml,writing-task-NL,1,7
677d32c679491be18090225b,xml,reading-task-tabular-1,1,7
677d32c679491be18090225b,xml,reading-task-tabular-2,1,7
677d32c679491be18090225b,xml,reading-task-tabular-3,3,4
677d32c679491be18090225b,xml,reading-task-tabular-4,1,1
677d32c679491be18090225b,xml,reading-task-tabular-5,2,5
677d32c679491be18090225b,xml,writing-task-tabular,5,2
677d32c679491be18090225b,xml,modifying-task-tabular-1,1,7
677d32c679491be18090225b,xml,modifying-task-tabular-2,1,7
677d32c679491be18090225b,xml,modifying-task-tabular-3,3,5
677d32c679491be18090225b,xml,modifying-task-tabular-4,1,7
67d163e7b7bcc1e9718e01da,json5,writing-task-NL,7,5
67d163e7b7bcc1e9718e01da,json5,reading-task-tabular-1,4,6
67d163e7b7bcc1e9718e01da,json5,reading-task-tabular-2,6,5
67d163e7b7bcc1e9718e01da,json5,reading-task-tabular-3,6,6
67d163e7b7bcc1e9718e01da,json5,reading-task-tabular-4,3,7
67d163e7b7bcc1e9718e01da,json5,reading-task-tabular-5,3,7
67d163e7b7bcc1e9718e01da,json5,writing-task-tabular,5,6
67d163e7b7bcc1e9718e01da,json5,modifying-task-tabular-1,4,7
67d163e7b7bcc1e9718e01da,json5,modifying-task-tabular-2,3,7
67d163e7b7bcc1e9718e01da,json5,modifying-task-tabular-3,3,7
67d163e7b7bcc1e9718e01da,json5,modifying-task-tabular-4,5,7
665c5d94303fdf202ac9ded0,toml,writing-task-NL,1,7
665c5d94303fdf202ac9ded0,toml,reading-task-tabular-1,1,7
665c5d94303fdf202ac9ded0,toml,reading-task-tabular-2,2,7
665c5d94303fdf202ac9ded0,toml,reading-task-tabular-3,1,7
665c5d94303fdf202ac9ded0,toml,reading-task-tabular-4,1,7
665c5d94303fdf202ac9ded0,toml,reading-task-tabular-5,2,5
665c5d94303fdf202ac9ded0,toml,writing-task-tabular,3,5
665c5d94303fdf202ac9ded0,toml,modifying-task-tabular-1,1,7
665c5d94303fdf202ac9ded0,toml,modifying-task-tabular-2,1,7
665c5d94303fdf202ac9ded0,toml,modifying-task-tabular-3,1,6
665c5d94303fdf202ac9ded0,toml,modifying-task-tabular-4,1,6
67ab650c320eccf6141d4010,jsonc,writing-task-NL,5,7
67ab650c320eccf6141d4010,jsonc,reading-task-tabular-1,4,4
67ab650c320eccf6141d4010,jsonc,reading-task-tabular-2,4,4
67ab650c320eccf6141d4010,jsonc,reading-task-tabular-3,4,5
67ab650c320eccf6141d4010,jsonc,reading-task-tabular-4,7,7
67ab650c320eccf6141d4010,jsonc,reading-task-tabular-5,4,4
67ab650c320eccf6141d4010,jsonc,writing-task-tabular,6,6
67ab650c320eccf6141d4010,jsonc,modifying-task-tabular-1,5,5
67ab650c320eccf6141d4010,jsonc,modifying-task-tabular-2,6,6
67ab650c320eccf6141d4010,jsonc,modifying-task-tabular-3,2,2
67ab650c320eccf6141d4010,jsonc,modifying-task-tabular-4,1,1
65fad673a546ab14baf2f8d3,json5,writing-task-NL,1,6
65fad673a546ab14baf2f8d3,json5,reading-task-tabular-1,2,6
65fad673a546ab14baf2f8d3,json5,reading-task-tabular-2,2,6
65fad673a546ab14baf2f8d3,json5,reading-task-tabular-3,2,5
65fad673a546ab14baf2f8d3,json5,reading-task-tabular-4,1,6
65fad673a546ab14baf2f8d3,json5,reading-task-tabular-5,2,6
65fad673a546ab14baf2f8d3,json5,writing-task-tabular,5,4
65fad673a546ab14baf2f8d3,json5,modifying-task-tabular-1,3,5
65fad673a546ab14baf2f8d3,json5,modifying-task-tabular-2,3,6
65fad673a546ab14baf2f8d3,json5,modifying-task-tabular-3,5,4
65fad673a546ab14baf2f8d3,json5,modifying-task-tabular-4,4,5
67f1c7bd6f1c4a3d8deae02f,toml,writing-task-NL,1,7
67f1c7bd6f1c4a3d8deae02f,toml,reading-task-tabular-1,3,7
67f1c7bd6f1c4a3d8deae02f,toml,reading-task-tabular-2,1,7
67f1c7bd6f1c4a3d8deae02f,toml,reading-task-tabular-3,1,7
67f1c7bd6f1c4a3d8deae02f,toml,reading-task-tabular-4,1,7
67f1c7bd6f1c4a3d8deae02f,toml,reading-task-tabular-5,2,7
67f1c7bd6f1c4a3d8deae02f,toml,writing-task-tabular,1,7
67f1c7bd6f1c4a3d8deae02f,toml,modifying-task-tabular-1,3,7
67f1c7bd6f1c4a3d8deae02f,toml,modifying-task-tabular-2,1,7
67f1c7bd6f1c4a3d8deae02f,toml,modifying-task-tabular-3,1,7
67f1c7bd6f1c4a3d8deae02f,toml,modifying-task-tabular-4,1,7
67adb27bd5f5776fcb16da62,hjson,writing-task-NL,1,7
67adb27bd5f5776fcb16da62,hjson,reading-task-tabular-1,1,7
67adb27bd5f5776fcb16da62,hjson,reading-task-tabular-2,1,6
67adb27bd5f5776fcb16da62,hjson,reading-task-tabular-3,1,7
67adb27bd5f5776fcb16da62,hjson,reading-task-tabular-4,1,7
67adb27bd5f5776fcb16da62,hjson,reading-task-tabular-5,1,7
67adb27bd5f5776fcb16da62,hjson,writing-task-tabular,5,3
67adb27bd5f5776fcb16da62,hjson,modifying-task-tabular-1,1,7
67adb27bd5f5776fcb16da62,hjson,modifying-task-tabular-2,1,6
67adb27bd5f5776fcb16da62,hjson,modifying-task-tabular-3,1,3
67adb27bd5f5776fcb16da62,hjson,modifying-task-tabular-4,6,1
6675c40cdc52b37294f0514e,hjson,writing-task-NL,4,5
6675c40cdc52b37294f0514e,hjson,reading-task-tabular-1,1,7
6675c40cdc52b37294f0514e,hjson,reading-task-tabular-2,1,7
6675c40cdc52b37294f0514e,hjson,reading-task-tabular-3,1,6
6675c40cdc52b37294f0514e,hjson,reading-task-tabular-4,2,6
6675c40cdc52b37294f0514e,hjson,reading-task-tabular-5,6,2
6675c40cdc52b37294f0514e,hjson,writing-task-tabular,5,4
6675c40cdc52b37294f0514e,hjson,modifying-task-tabular-1,2,6
6675c40cdc52b37294f0514e,hjson,modifying-task-tabular-2,2,6
6675c40cdc52b37294f0514e,hjson,modifying-task-tabular-3,7,1
6675c40cdc52b37294f0514e,hjson,modifying-task-tabular-4,7,1
