participantId,task,format,response,start_time,end_time,duration_sec,help_count,correct_answer,correct
64457bc906c125cebd4bf66b,reading-task-tabular-1,json5,9,1746560020255.0,1746560035079.0,14.824,0,87,0
64457bc906c125cebd4bf66b,reading-task-tabular-2,json5,quiz2,1746560041376.0,1746560113842.0,72.466,0,quiz2,1
64457bc906c125cebd4bf66b,reading-task-tabular-3,json5,4,1746560124736.0,1746560149342.0,24.606,0,4,1
64457bc906c125cebd4bf66b,reading-task-tabular-4,json5,Bob,1746560157160.0,1746560183570.0,26.41,0,Bob,1
64457bc906c125cebd4bf66b,reading-task-tabular-5,json5,['Eve'],1746560189284.0,1746560285710.0,96.426,0,"[Bob, Alice], [Eve]",1
6697c8b6d9d7baa7edd8c4d3,reading-task-tabular-1,hjson,87,1745932019678.0,1745932085734.0,66.056,0,87,1
6697c8b6d9d7baa7edd8c4d3,reading-task-tabular-2,hjson,quiz2,1745932093752.0,1745932180509.0,86.757,0,quiz2,1
6697c8b6d9d7baa7edd8c4d3,reading-task-tabular-3,hjson,4,1745932198203.0,1745932225018.0,26.815,0,4,1
6697c8b6d9d7baa7edd8c4d3,reading-task-tabular-4,hjson,Bob,1745932235588.0,1745932265601.0,30.013,0,Bob,1
6697c8b6d9d7baa7edd8c4d3,reading-task-tabular-5,hjson,"['Bob', 'Eve']",1745932275492.0,1745932558730.0,283.238,0,"[Bob, Alice], [Eve]",0
67e25388d573ec2d5f1c8442,reading-task-tabular-1,yaml,87,1746146460986.0,1746146564264.0,103.278,0,87,1
67e25388d573ec2d5f1c8442,reading-task-tabular-2,yaml,quiz1,1746146571775.0,1746146663763.0,91.988,0,quiz2,0
67e25388d573ec2d5f1c8442,reading-task-tabular-3,yaml,4,1746146670830.0,1746146712838.0,42.008,0,4,1
67e25388d573ec2d5f1c8442,reading-task-tabular-4,yaml,Bob,1746146717813.0,1746146761811.0,43.998,0,Bob,1
67e25388d573ec2d5f1c8442,reading-task-tabular-5,yaml,"['Bob', 'Alice']",1746146768133.0,1746146822026.0,53.893,0,"[Bob, Alice], [Eve]",1
67e5cf90b79d0874e1cf16b0,reading-task-tabular-1,toml,87,1746144743732.0,1746145134356.0,390.624,0,87,1
67e5cf90b79d0874e1cf16b0,reading-task-tabular-2,toml,quiz2,1746145142676.0,1746145567173.0,424.497,0,quiz2,1
67e5cf90b79d0874e1cf16b0,reading-task-tabular-3,toml,4,1746145576436.0,1746145610847.0,34.411,0,4,1
67e5cf90b79d0874e1cf16b0,reading-task-tabular-4,toml,Bob,1746145614451.0,1746145664079.0,49.628,0,Bob,1
67e5cf90b79d0874e1cf16b0,reading-task-tabular-5,toml,"['Bob', 'Alice']",1746145671931.0,1746145741814.0,69.883,0,"[Bob, Alice], [Eve]",1
67d00f24466a67ba7e41228e,reading-task-tabular-1,toml,87,1745930068030.0,1745930169407.0,101.377,0,87,1
67d00f24466a67ba7e41228e,reading-task-tabular-2,toml,quiz2,1745930176214.0,1745930322202.0,145.988,0,quiz2,1
67d00f24466a67ba7e41228e,reading-task-tabular-3,toml,4,1745930326486.0,1745930380081.0,53.595,0,4,1
67d00f24466a67ba7e41228e,reading-task-tabular-4,toml,Bob,1745930384273.0,1745930487581.0,103.308,0,Bob,1
67d00f24466a67ba7e41228e,reading-task-tabular-5,toml,['Eve'],1745930492806.0,1745930597246.0,104.44,0,"[Bob, Alice], [Eve]",1
66475d6f7b27e4443ef0d031,reading-task-tabular-1,json,87,1744921264863.0,1744921364727.0,99.864,0,87,1
66475d6f7b27e4443ef0d031,reading-task-tabular-2,json,quiz2,1744921373275.0,1744921392962.0,19.687,0,quiz2,1
66475d6f7b27e4443ef0d031,reading-task-tabular-3,json,4,1744921396937.0,1744921411248.0,14.311,0,4,1
66475d6f7b27e4443ef0d031,reading-task-tabular-4,json,Bob,1744921416628.0,1744921440035.0,23.407,0,Bob,1
66475d6f7b27e4443ef0d031,reading-task-tabular-5,json,"['Bob', 'Alice']",1744921444515.0,1744921474164.0,29.649,0,"[Bob, Alice], [Eve]",1
6672d878f68b9e349b56e871,reading-task-tabular-1,toml,87,1746144243981.0,1746144348878.0,104.897,0,87,1
6672d878f68b9e349b56e871,reading-task-tabular-2,toml,quiz2,1746144358172.0,1746144438742.0,80.57,0,quiz2,1
6672d878f68b9e349b56e871,reading-task-tabular-3,toml,4,1746144457639.0,1746144570801.0,113.162,0,4,1
6672d878f68b9e349b56e871,reading-task-tabular-4,toml,Bob,1746144580314.0,1746144715207.0,134.893,0,Bob,1
6672d878f68b9e349b56e871,reading-task-tabular-5,toml,"['Bob', 'Alice']",1746144722404.0,1746144850362.0,127.958,0,"[Bob, Alice], [Eve]",1
67f5bb69760b211cdfe8021c,reading-task-tabular-1,jsonc,87,1746149829980.0,1746149858304.0,28.324,0,87,1
67f5bb69760b211cdfe8021c,reading-task-tabular-2,jsonc,quiz2,1746149867264.0,1746149900161.0,32.897,0,quiz2,1
67f5bb69760b211cdfe8021c,reading-task-tabular-3,jsonc,4,1746149909189.0,1746149933321.0,24.132,0,4,1
67f5bb69760b211cdfe8021c,reading-task-tabular-4,jsonc,Bob,1746149943180.0,1746149982477.0,39.297,0,Bob,1
67f5bb69760b211cdfe8021c,reading-task-tabular-5,jsonc,"['Bob', 'Alice']",1746149991246.0,1746150040179.0,48.933,0,"[Bob, Alice], [Eve]",1
67e571bef6af7ecd9c29ad72,reading-task-tabular-1,json,87,1746146271590.0,1746146454241.0,182.651,0,87,1
67e571bef6af7ecd9c29ad72,reading-task-tabular-2,json,quiz2,1746146462558.0,1746146549449.0,86.891,0,quiz2,1
67e571bef6af7ecd9c29ad72,reading-task-tabular-3,json,4,1746146555178.0,1746146618215.0,63.037,0,4,1
67e571bef6af7ecd9c29ad72,reading-task-tabular-4,json,Bob,1746146623994.0,1746146712975.0,88.981,1,Bob,1
67e571bef6af7ecd9c29ad72,reading-task-tabular-5,json,['Bob'],1746146719107.0,1746146818581.0,99.474,0,"[Bob, Alice], [Eve]",0
60f1f1d4ac991a259b83f603,reading-task-tabular-1,json,87,1746231759216.0,1746231860140.0,100.924,0,87,1
60f1f1d4ac991a259b83f603,reading-task-tabular-2,json,quiz2,1746231868929.0,1746231959323.0,90.394,0,quiz2,1
60f1f1d4ac991a259b83f603,reading-task-tabular-3,json,5,1746231969944.0,1746232018060.0,48.116,0,4,0
60f1f1d4ac991a259b83f603,reading-task-tabular-4,json,Bob,1746232030031.0,1746232075072.0,45.041,0,Bob,1
60f1f1d4ac991a259b83f603,reading-task-tabular-5,json,"['Bob', 'Alice']",1746232084637.0,1746232133317.0,48.68,0,"[Bob, Alice], [Eve]",1
678f0bb28ec3307e4f1afb78,reading-task-tabular-1,hjson,87,1746144649048.0,1746144777889.0,128.841,0,87,1
678f0bb28ec3307e4f1afb78,reading-task-tabular-2,hjson,quiz2,1746144788858.0,1746144825979.0,37.121,0,quiz2,1
678f0bb28ec3307e4f1afb78,reading-task-tabular-3,hjson,4,1746144831929.0,1746144862276.0,30.347,0,4,1
678f0bb28ec3307e4f1afb78,reading-task-tabular-4,hjson,Bob,1746144869255.0,1746144950210.0,80.955,0,Bob,1
678f0bb28ec3307e4f1afb78,reading-task-tabular-5,hjson,"['Bob', 'Alice']",1746144955799.0,1746144997447.0,41.648,0,"[Bob, Alice], [Eve]",1
669b961e1c9cf30a26bb57d2,reading-task-tabular-1,xml,87,1746231885832.0,1746231971698.0,85.866,0,87,1
669b961e1c9cf30a26bb57d2,reading-task-tabular-2,xml,quiz2,1746231983907.0,1746232041463.0,57.556,0,quiz2,1
669b961e1c9cf30a26bb57d2,reading-task-tabular-3,xml,4,1746232053392.0,1746232109877.0,56.485,0,4,1
669b961e1c9cf30a26bb57d2,reading-task-tabular-4,xml,Bob,1746232119027.0,1746232196350.0,77.323,0,Bob,1
669b961e1c9cf30a26bb57d2,reading-task-tabular-5,xml,"['Bob', 'Alice']",1746232203007.0,1746232255467.0,52.46,0,"[Bob, Alice], [Eve]",1
673c13c9d37c8a73bc80b8ce,reading-task-tabular-1,json,87,1746145297782.0,1746145493584.0,195.802,0,87,1
673c13c9d37c8a73bc80b8ce,reading-task-tabular-2,json,quiz2,1746145508125.0,1746145580806.0,72.681,0,quiz2,1
673c13c9d37c8a73bc80b8ce,reading-task-tabular-3,json,4,1746145596842.0,1746145647497.0,50.655,0,4,1
673c13c9d37c8a73bc80b8ce,reading-task-tabular-4,json,Bob,1746145658082.0,1746145714670.0,56.588,0,Bob,1
673c13c9d37c8a73bc80b8ce,reading-task-tabular-5,json,"['Alice', 'Bob']",1746145722310.0,1746145817769.0,95.459,0,"[Bob, Alice], [Eve]",0
66992f58a7964f557fc75f58,reading-task-tabular-1,toml,87,1744921372929.0,1744921831408.0,458.479,0,87,1
66992f58a7964f557fc75f58,reading-task-tabular-2,toml,quiz2,1744921835211.0,1744921850879.0,15.668,0,quiz2,1
66992f58a7964f557fc75f58,reading-task-tabular-3,toml,4,1744921853340.0,1744923714570.0,1861.23,0,4,1
66992f58a7964f557fc75f58,reading-task-tabular-4,toml,Bob,1744923717438.0,1744923757129.0,39.691,0,Bob,1
66992f58a7964f557fc75f58,reading-task-tabular-5,toml,"['Bob', 'Alice']",1744923759913.0,1744924058275.0,298.362,0,"[Bob, Alice], [Eve]",1
60721c2da01b3a616edba9a7,reading-task-tabular-1,xml,77,1745930325234.0,1745930418504.0,93.27,0,87,0
60721c2da01b3a616edba9a7,reading-task-tabular-2,xml,quiz2,1745930426542.0,1745930479116.0,52.574,0,quiz2,1
60721c2da01b3a616edba9a7,reading-task-tabular-3,xml,3,1745930484356.0,1745930534065.0,49.709,0,4,0
60721c2da01b3a616edba9a7,reading-task-tabular-4,xml,Bob,1745930542839.0,1745930673831.0,130.992,0,Bob,1
60721c2da01b3a616edba9a7,reading-task-tabular-5,xml,"['Bob', 'Alice']",1745930678646.0,1745930799027.0,120.381,0,"[Bob, Alice], [Eve]",1
673e43cc760355e9e4f042a3,reading-task-tabular-1,json5,87,1746562911603.0,1746562954231.0,42.628,0,87,1
673e43cc760355e9e4f042a3,reading-task-tabular-2,json5,quiz2,1746562960754.0,1746563031120.0,70.366,0,quiz2,1
673e43cc760355e9e4f042a3,reading-task-tabular-3,json5,2,1746563035899.0,1746563094679.0,58.78,0,4,0
673e43cc760355e9e4f042a3,reading-task-tabular-4,json5,Bob,1746563098400.0,1746563139255.0,40.855,0,Bob,1
673e43cc760355e9e4f042a3,reading-task-tabular-5,json5,"['Alice', 'Bob']",1746563144314.0,1746563201119.0,56.805,0,"[Bob, Alice], [Eve]",0
60a0b744298c64d46b63e893,reading-task-tabular-1,hjson,87,1746521854362.0,1746521899651.0,45.289,0,87,1
60a0b744298c64d46b63e893,reading-task-tabular-2,hjson,quiz2,1746521905318.0,1746522013919.0,108.601,0,quiz2,1
60a0b744298c64d46b63e893,reading-task-tabular-3,hjson,4,1746522018222.0,1746522074667.0,56.445,0,4,1
60a0b744298c64d46b63e893,reading-task-tabular-4,hjson,Bob,1746522080828.0,1746522109748.0,28.92,0,Bob,1
60a0b744298c64d46b63e893,reading-task-tabular-5,hjson,"['Bob', 'Alice']",1746522117498.0,1746522187792.0,70.294,0,"[Bob, Alice], [Eve]",1
67dc19c31078d1581e39e75a,reading-task-tabular-1,yaml,77,1746144234390.0,1746144301825.0,67.435,0,87,0
67dc19c31078d1581e39e75a,reading-task-tabular-2,yaml,quiz2,1746144309291.0,1746144359952.0,50.661,0,quiz2,1
67dc19c31078d1581e39e75a,reading-task-tabular-3,yaml,2,1746144366823.0,1746144397258.0,30.435,0,4,0
67dc19c31078d1581e39e75a,reading-task-tabular-4,yaml,Bob,1746144403012.0,1746144435710.0,32.698,0,Bob,1
67dc19c31078d1581e39e75a,reading-task-tabular-5,yaml,"['Bob', 'Alice', 'Eve']",1746144441513.0,1746144487304.0,45.791,0,"[Bob, Alice], [Eve]",0
678bad003d15e6aba1ee5a5d,reading-task-tabular-1,jsonc,87,1746385238352.0,1746385278830.0,40.478,0,87,1
678bad003d15e6aba1ee5a5d,reading-task-tabular-2,jsonc,quiz2,1746385285357.0,1746385347829.0,62.472,0,quiz2,1
678bad003d15e6aba1ee5a5d,reading-task-tabular-3,jsonc,4,1746385354746.0,1746385419242.0,64.496,0,4,1
678bad003d15e6aba1ee5a5d,reading-task-tabular-4,jsonc,Bob,1746385423940.0,1746385494543.0,70.603,0,Bob,1
678bad003d15e6aba1ee5a5d,reading-task-tabular-5,jsonc,"['Bob', 'Alice']",1746385499287.0,1746385613049.0,113.762,0,"[Bob, Alice], [Eve]",1
66cdfebcb908ea2717d06b6c,reading-task-tabular-1,hjson,87,1746144053941.0,1746144145684.0,91.743,0,87,1
66cdfebcb908ea2717d06b6c,reading-task-tabular-2,hjson,quiz2,1746144156303.0,1746144183287.0,26.984,0,quiz2,1
66cdfebcb908ea2717d06b6c,reading-task-tabular-3,hjson,4,1746144192229.0,1746144222946.0,30.717,0,4,1
66cdfebcb908ea2717d06b6c,reading-task-tabular-4,hjson,Bob,1746144231922.0,1746144269413.0,37.491,0,Bob,1
66cdfebcb908ea2717d06b6c,reading-task-tabular-5,hjson,"['Bob', 'Eve']",1746144275663.0,1746144334305.0,58.642,0,"[Bob, Alice], [Eve]",0
67f0c5d37f91ceae5cb3b318,reading-task-tabular-1,jsonc,87,1746144229415.0,1746144270996.0,41.581,0,87,1
67f0c5d37f91ceae5cb3b318,reading-task-tabular-2,jsonc,quiz2,1746144277257.0,1746144325246.0,47.989,0,quiz2,1
67f0c5d37f91ceae5cb3b318,reading-task-tabular-3,jsonc,4,1746144343133.0,1746144375340.0,32.207,0,4,1
67f0c5d37f91ceae5cb3b318,reading-task-tabular-4,jsonc,Bob,1746144383707.0,1746144526669.0,142.962,0,Bob,1
67f0c5d37f91ceae5cb3b318,reading-task-tabular-5,jsonc,"['Bob', 'Alice']",1746144533962.0,1746144676153.0,142.191,0,"[Bob, Alice], [Eve]",1
56cb8858edf8da000b6df354,reading-task-tabular-1,hjson,87,1746391668428.0,1746391719274.0,50.846,0,87,1
56cb8858edf8da000b6df354,reading-task-tabular-2,hjson,quiz2,1746391724224.0,1746391748657.0,24.433,0,quiz2,1
56cb8858edf8da000b6df354,reading-task-tabular-3,hjson,4,1746391751497.0,1746391765557.0,14.06,0,4,1
56cb8858edf8da000b6df354,reading-task-tabular-4,hjson,Bob,1746391768753.0,1746391784384.0,15.631,0,Bob,1
56cb8858edf8da000b6df354,reading-task-tabular-5,hjson,"['Bob', 'Alice']",1746391786929.0,1746391835272.0,48.343,0,"[Bob, Alice], [Eve]",1
67aee0dfad3492b61a9ba0eb,reading-task-tabular-1,jsonc,87,1746150135807.0,1746150154204.0,18.397,0,87,1
67aee0dfad3492b61a9ba0eb,reading-task-tabular-2,jsonc,quiz2,1746150160978.0,1746150220410.0,59.432,0,quiz2,1
67aee0dfad3492b61a9ba0eb,reading-task-tabular-3,jsonc,4,1746150227367.0,1746150265359.0,37.992,0,4,1
67aee0dfad3492b61a9ba0eb,reading-task-tabular-4,jsonc,Bob,1746150271023.0,1746150281650.0,10.627,0,Bob,1
67aee0dfad3492b61a9ba0eb,reading-task-tabular-5,jsonc,"['Bob', 'Alice']",1746150287427.0,1746150328382.0,40.955,0,"[Bob, Alice], [Eve]",1
667971a555af1f83d3f29ae7,reading-task-tabular-1,hjson,87,1746495016300.0,1746495093544.0,77.244,0,87,1
667971a555af1f83d3f29ae7,reading-task-tabular-2,hjson,quiz2,1746495100791.0,1746495144477.0,43.686,0,quiz2,1
667971a555af1f83d3f29ae7,reading-task-tabular-3,hjson,4,1746495149442.0,1746495183964.0,34.522,0,4,1
667971a555af1f83d3f29ae7,reading-task-tabular-4,hjson,Bob,1746495187726.0,1746495216753.0,29.027,0,Bob,1
667971a555af1f83d3f29ae7,reading-task-tabular-5,hjson,"['Bob', 'Alice']",1746495224183.0,1746495303075.0,78.892,0,"[Bob, Alice], [Eve]",1
5c6414540821d30001046198,reading-task-tabular-1,hjson,87,1747341394619.0,1747341501344.0,106.725,0,87,1
5c6414540821d30001046198,reading-task-tabular-2,hjson,quiz2,1747341515701.0,1747341628371.0,112.67,0,quiz2,1
5c6414540821d30001046198,reading-task-tabular-3,hjson,4,1747341635146.0,1747341670701.0,35.555,0,4,1
5c6414540821d30001046198,reading-task-tabular-4,hjson,Bob,1747341678874.0,1747341726237.0,47.363,0,Bob,1
5c6414540821d30001046198,reading-task-tabular-5,hjson,"['Bob', 'Alice']",1747341734935.0,1747341833372.0,98.437,0,"[Bob, Alice], [Eve]",1
6788c1c724c24dc56b08790a,reading-task-tabular-1,json5,87,1746528681556.0,1746528921061.0,239.505,1,87,1
6788c1c724c24dc56b08790a,reading-task-tabular-2,json5,quiz2,1746528928325.0,1746528983263.0,54.938,0,quiz2,1
6788c1c724c24dc56b08790a,reading-task-tabular-3,json5,3,1746529043482.0,1746529090350.0,46.868,0,4,0
6788c1c724c24dc56b08790a,reading-task-tabular-4,json5,Bob,1746529096699.0,1746529140142.0,43.443,0,Bob,1
6788c1c724c24dc56b08790a,reading-task-tabular-5,json5,"['Bob', 'Alice']",1746529144098.0,1746529206668.0,62.57,0,"[Bob, Alice], [Eve]",1
67adb520391eb17f214a50b4,reading-task-tabular-1,yaml,87,1746144977958.0,1746145091871.0,113.913,0,87,1
67adb520391eb17f214a50b4,reading-task-tabular-2,yaml,quiz2,1746145101616.0,1746145132983.0,31.367,0,quiz2,1
67adb520391eb17f214a50b4,reading-task-tabular-3,yaml,2,1746145140979.0,1746145174481.0,33.502,0,4,0
67adb520391eb17f214a50b4,reading-task-tabular-4,yaml,Bob,1746145181912.0,1746145262104.0,80.192,0,Bob,1
67adb520391eb17f214a50b4,reading-task-tabular-5,yaml,"['Bob', 'Alice']",1746145268147.0,1746145343890.0,75.743,0,"[Bob, Alice], [Eve]",1
67d95269b47464c18da766ca,reading-task-tabular-1,xml,77,1746149904694.0,1746150001888.0,97.194,1,87,0
67d95269b47464c18da766ca,reading-task-tabular-2,xml,quiz2,1746150016350.0,1746150168240.0,151.89,0,quiz2,1
67d95269b47464c18da766ca,reading-task-tabular-3,xml,4,1746150175648.0,1746150263483.0,87.835,0,4,1
67d95269b47464c18da766ca,reading-task-tabular-4,xml,Bob,1746150271884.0,1746150380215.0,108.331,0,Bob,1
67d95269b47464c18da766ca,reading-task-tabular-5,xml,"['Bob', 'Alice']",1746150386378.0,1746150475946.0,89.568,0,"[Bob, Alice], [Eve]",1
64275e53f51a5ed4f6b7d019,reading-task-tabular-1,toml,87,1746144474338.0,1746144603845.0,129.507,0,87,1
64275e53f51a5ed4f6b7d019,reading-task-tabular-2,toml,quiz2,1746144608795.0,1746144651020.0,42.225,0,quiz2,1
64275e53f51a5ed4f6b7d019,reading-task-tabular-3,toml,4,1746144655769.0,1746144681558.0,25.789,0,4,1
64275e53f51a5ed4f6b7d019,reading-task-tabular-4,toml,Bob,1746144685597.0,1746144723698.0,38.101,0,Bob,1
64275e53f51a5ed4f6b7d019,reading-task-tabular-5,toml,"['Bob', 'Alice']",1746144727382.0,1746144774091.0,46.709,0,"[Bob, Alice], [Eve]",1
6734346ca8e90c2da6fb4509,reading-task-tabular-1,jsonc,9,1747334901138.0,1747334927211.0,26.073,1,87,0
6734346ca8e90c2da6fb4509,reading-task-tabular-2,jsonc,quiz2,1747334932299.0,1747334978204.0,45.905,0,quiz2,1
6734346ca8e90c2da6fb4509,reading-task-tabular-3,jsonc,4,1747334982528.0,1747335033279.0,50.751,0,4,1
6734346ca8e90c2da6fb4509,reading-task-tabular-4,jsonc,Bob,1747335041352.0,1747335154283.0,112.931,0,Bob,1
6734346ca8e90c2da6fb4509,reading-task-tabular-5,jsonc,"['Bob', 'Alice']",1747335161018.0,1747335261896.0,100.878,0,"[Bob, Alice], [Eve]",1
66049694dfb8828a8f3dce70,reading-task-tabular-1,yaml,87,1745929646468.0,1745929822828.0,176.36,0,87,1
66049694dfb8828a8f3dce70,reading-task-tabular-2,yaml,quiz2,1745929836318.0,1745929881563.0,45.245,0,quiz2,1
66049694dfb8828a8f3dce70,reading-task-tabular-3,yaml,4,1745929891686.0,1745929925232.0,33.546,0,4,1
66049694dfb8828a8f3dce70,reading-task-tabular-4,yaml,Bob,1745929931328.0,1745929962037.0,30.709,0,Bob,1
66049694dfb8828a8f3dce70,reading-task-tabular-5,yaml,"['Bob', 'Alice']",1745929968606.0,1745930057936.0,89.33,0,"[Bob, Alice], [Eve]",1
67ab214c2cde1be7c45535ac,reading-task-tabular-1,jsonc,87,1745933107504.0,1745933188927.0,81.423,0,87,1
67ab214c2cde1be7c45535ac,reading-task-tabular-2,jsonc,quiz2,1745933200888.0,1745933217879.0,16.991,0,quiz2,1
67ab214c2cde1be7c45535ac,reading-task-tabular-3,jsonc,4,1745933223832.0,1745933234811.0,10.979,0,4,1
67ab214c2cde1be7c45535ac,reading-task-tabular-4,jsonc,Bob,1745933241737.0,1745933264427.0,22.69,0,Bob,1
67ab214c2cde1be7c45535ac,reading-task-tabular-5,jsonc,"['Bob', 'Alice']",1745933272279.0,1745933317616.0,45.337,0,"[Bob, Alice], [Eve]",1
607728dc0b4f8590b94ae57c,reading-task-tabular-1,jsonc,87,1746383839380.0,1746383875741.0,36.361,0,87,1
607728dc0b4f8590b94ae57c,reading-task-tabular-2,jsonc,quiz2,1746383880220.0,1746383919208.0,38.988,0,quiz2,1
607728dc0b4f8590b94ae57c,reading-task-tabular-3,jsonc,4,1746383924359.0,1746384174731.0,250.372,0,4,1
607728dc0b4f8590b94ae57c,reading-task-tabular-4,jsonc,Bob,1746384178834.0,1746384205008.0,26.174,0,Bob,1
607728dc0b4f8590b94ae57c,reading-task-tabular-5,jsonc,"['Bob', 'Alice']",1746384208264.0,1746384273795.0,65.531,0,"[Bob, Alice], [Eve]",1
667c18ace97ab6869cb1c50e,reading-task-tabular-1,hjson,87,1746385550356.0,1746385614539.0,64.183,0,87,1
667c18ace97ab6869cb1c50e,reading-task-tabular-2,hjson,quiz2,1746385618669.0,1746385676505.0,57.836,0,quiz2,1
667c18ace97ab6869cb1c50e,reading-task-tabular-3,hjson,4,1746385682087.0,1746385720873.0,38.786,0,4,1
667c18ace97ab6869cb1c50e,reading-task-tabular-4,hjson,Bob,1746385724377.0,1746385745522.0,21.145,0,Bob,1
667c18ace97ab6869cb1c50e,reading-task-tabular-5,hjson,"['Eve', 'Alice', 'Bob']",1746385748559.0,1746385786724.0,38.165,0,"[Bob, Alice], [Eve]",0
667ac09492ea0caadf488520,reading-task-tabular-1,json,8,1746489141734.0,1746489231720.0,89.986,0,87,0
667ac09492ea0caadf488520,reading-task-tabular-2,json,quiz1,1746489241760.0,1746489385584.0,143.824,0,quiz2,0
667ac09492ea0caadf488520,reading-task-tabular-3,json,5,1746489399271.0,1746489508187.0,108.916,0,4,0
667ac09492ea0caadf488520,reading-task-tabular-4,json,Bob,1746489515457.0,1746489547753.0,32.296,0,Bob,1
667ac09492ea0caadf488520,reading-task-tabular-5,json,"['Bob', 'Alice', 'Eve']",1746489560790.0,1746489646682.0,85.892,0,"[Bob, Alice], [Eve]",0
6740ae39809389d7da9de209,reading-task-tabular-1,xml,87,1746144511661.0,1746144660143.0,148.482,0,87,1
6740ae39809389d7da9de209,reading-task-tabular-2,xml,quiz2,1746144675332.0,1746144774746.0,99.414,0,quiz2,1
6740ae39809389d7da9de209,reading-task-tabular-3,xml,4,1746144781608.0,1746144830064.0,48.456,0,4,1
6740ae39809389d7da9de209,reading-task-tabular-4,xml,Bob,1746144838558.0,1746144925703.0,87.145,0,Bob,1
6740ae39809389d7da9de209,reading-task-tabular-5,xml,"['Bob', 'Alice']",1746144933978.0,1746145063103.0,129.125,0,"[Bob, Alice], [Eve]",1
67c246023b44ca64d40ae45a,reading-task-tabular-1,json5,87,1745940403085.0,1745940518757.0,115.672,0,87,1
67c246023b44ca64d40ae45a,reading-task-tabular-2,json5,quiz2,1745940532896.0,1745940563885.0,30.989,0,quiz2,1
67c246023b44ca64d40ae45a,reading-task-tabular-3,json5,2,1745940568779.0,1745940723821.0,155.042,0,4,0
67c246023b44ca64d40ae45a,reading-task-tabular-4,json5,Bob,1745940731679.0,1745940830582.0,98.903,0,Bob,1
67c246023b44ca64d40ae45a,reading-task-tabular-5,json5,['Alice'],1745940836339.0,1745941032973.0,196.634,0,"[Bob, Alice], [Eve]",0
67debe02a893eea51e8d02f2,reading-task-tabular-1,json,87,1745929927333.0,1745930009879.0,82.546,0,87,1
67debe02a893eea51e8d02f2,reading-task-tabular-2,json,quiz2,1745930020902.0,1745930060642.0,39.74,0,quiz2,1
67debe02a893eea51e8d02f2,reading-task-tabular-3,json,4,1745930069148.0,1745930099691.0,30.543,0,4,1
67debe02a893eea51e8d02f2,reading-task-tabular-4,json,Bob,1745930106380.0,1745930140881.0,34.501,0,Bob,1
67debe02a893eea51e8d02f2,reading-task-tabular-5,json,"['Bob', 'Alice']",1745930149150.0,1745930231829.0,82.679,0,"[Bob, Alice], [Eve]",1
673d0377254c407e5da57f97,reading-task-tabular-1,toml,87,1746384923052.0,1746385048224.0,125.172,0,87,1
673d0377254c407e5da57f97,reading-task-tabular-2,toml,quiz2,1746385055859.0,1746385122926.0,67.067,0,quiz2,1
673d0377254c407e5da57f97,reading-task-tabular-3,toml,4,1746385131019.0,1746385216814.0,85.795,0,4,1
673d0377254c407e5da57f97,reading-task-tabular-4,toml,Bob,1746385225868.0,1746385256964.0,31.096,0,Bob,1
673d0377254c407e5da57f97,reading-task-tabular-5,toml,"['Bob', 'Alice']",1746385264476.0,1746385367577.0,103.101,0,"[Bob, Alice], [Eve]",1
62fd14d7b1e0729dc8aadb79,reading-task-tabular-1,xml,87,1746487972332.0,1746488026494.0,54.162,0,87,1
62fd14d7b1e0729dc8aadb79,reading-task-tabular-2,xml,quiz2,1746488030976.0,1746488081606.0,50.63,0,quiz2,1
62fd14d7b1e0729dc8aadb79,reading-task-tabular-3,xml,4,1746488084959.0,1746488100883.0,15.924,0,4,1
62fd14d7b1e0729dc8aadb79,reading-task-tabular-4,xml,Bob,1746488104154.0,1746488133218.0,29.064,0,Bob,1
62fd14d7b1e0729dc8aadb79,reading-task-tabular-5,xml,"['Bob', 'Alice']",1746488137002.0,1746488205593.0,68.591,0,"[Bob, Alice], [Eve]",1
5dafea4de40355001651fa2f,reading-task-tabular-1,jsonc,87,1745929444296.0,1745929491297.0,47.001,0,87,1
5dafea4de40355001651fa2f,reading-task-tabular-2,jsonc,quiz2,1745929500864.0,1745929543889.0,43.025,0,quiz2,1
5dafea4de40355001651fa2f,reading-task-tabular-3,jsonc,2,1745929554295.0,1745929596619.0,42.324,0,4,0
5dafea4de40355001651fa2f,reading-task-tabular-4,jsonc,Bob,1745929615528.0,1745929670876.0,55.348,0,Bob,1
5dafea4de40355001651fa2f,reading-task-tabular-5,jsonc,"['Alice', 'Eve']",1745929677510.0,1745929737263.0,59.753,0,"[Bob, Alice], [Eve]",0
6787e4bd2bf9557a90208f03,reading-task-tabular-1,yaml,87,1746387297211.0,1746387355222.0,58.011,0,87,1
6787e4bd2bf9557a90208f03,reading-task-tabular-2,yaml,quiz2,1746387370992.0,1746387424664.0,53.672,0,quiz2,1
6787e4bd2bf9557a90208f03,reading-task-tabular-3,yaml,4,1746387433103.0,1746387483282.0,50.179,0,4,1
6787e4bd2bf9557a90208f03,reading-task-tabular-4,yaml,Bob,1746387489252.0,1746387536238.0,46.986,0,Bob,1
6787e4bd2bf9557a90208f03,reading-task-tabular-5,yaml,"['Bob', 'Alice']",1746387544501.0,1746387685586.0,141.085,0,"[Bob, Alice], [Eve]",1
5e8a5a892f6f027054a83d88,reading-task-tabular-1,toml,87,1746384210175.0,1746384260486.0,50.311,0,87,1
5e8a5a892f6f027054a83d88,reading-task-tabular-2,toml,quiz2,1746384265352.0,1746384311380.0,46.028,0,quiz2,1
5e8a5a892f6f027054a83d88,reading-task-tabular-3,toml,5,1746384315497.0,1746384358831.0,43.334,0,4,0
5e8a5a892f6f027054a83d88,reading-task-tabular-4,toml,Bob,1746384361896.0,1746384386315.0,24.419,0,Bob,1
5e8a5a892f6f027054a83d88,reading-task-tabular-5,toml,"['Bob', 'Alice']",1746384389102.0,1746384437667.0,48.565,0,"[Bob, Alice], [Eve]",1
67e4920c40c9561040ca01d0,reading-task-tabular-1,xml,8,1745929945921.0,1745930092169.0,146.248,0,87,0
67e4920c40c9561040ca01d0,reading-task-tabular-2,xml,quiz1,1745930103984.0,1745930182523.0,78.539,0,quiz2,0
67e4920c40c9561040ca01d0,reading-task-tabular-3,xml,2,1745930191034.0,1745930239216.0,48.182,0,4,0
67e4920c40c9561040ca01d0,reading-task-tabular-4,xml,Eve,1745930252128.0,1745930318641.0,66.513,0,Bob,0
67e4920c40c9561040ca01d0,reading-task-tabular-5,xml,['Bob'],1745930325267.0,1745930361722.0,36.455,0,"[Bob, Alice], [Eve]",0
615200d54efc832849db2259,reading-task-tabular-1,json,87,1746384662852.0,1746384769185.0,106.333,0,87,1
615200d54efc832849db2259,reading-task-tabular-2,json,quiz2,1746384796865.0,1746384856850.0,59.985,0,quiz2,1
615200d54efc832849db2259,reading-task-tabular-3,json,4,1746384865411.0,1746384952449.0,87.038,0,4,1
615200d54efc832849db2259,reading-task-tabular-4,json,Bob,1746384959105.0,1746384993373.0,34.268,0,Bob,1
615200d54efc832849db2259,reading-task-tabular-5,json,"['Bob', 'Alice']",1746384998385.0,1746385104433.0,106.048,0,"[Bob, Alice], [Eve]",1
67f184a3b82990251abd1592,reading-task-tabular-1,yaml,87,1746384536400.0,1746384627131.0,90.731,0,87,1
67f184a3b82990251abd1592,reading-task-tabular-2,yaml,quiz2,1746384636841.0,1746384768397.0,131.556,0,quiz2,1
67f184a3b82990251abd1592,reading-task-tabular-3,yaml,3,1746384776522.0,1746385003805.0,227.283,0,4,0
67f184a3b82990251abd1592,reading-task-tabular-4,yaml,Bob,1746385015318.0,1746385062199.0,46.881,0,Bob,1
67f184a3b82990251abd1592,reading-task-tabular-5,yaml,"['Bob', 'Alice', 'Eve']",1746385068798.0,1746385112663.0,43.865,0,"[Bob, Alice], [Eve]",0
67bf88cc763aae600b429a3e,reading-task-tabular-1,toml,87,1746150726411.0,1746150822268.0,95.857,0,87,1
67bf88cc763aae600b429a3e,reading-task-tabular-2,toml,quiz2,1746150833061.0,1746150916296.0,83.235,0,quiz2,1
67bf88cc763aae600b429a3e,reading-task-tabular-3,toml,4,1746150931718.0,1746151010004.0,78.286,0,4,1
67bf88cc763aae600b429a3e,reading-task-tabular-4,toml,Bob,1746151016077.0,1746151087602.0,71.525,0,Bob,1
67bf88cc763aae600b429a3e,reading-task-tabular-5,toml,['Alice'],1746151093236.0,1746151278146.0,184.91,0,"[Bob, Alice], [Eve]",0
67a754a5c8614c52a939d87b,reading-task-tabular-1,hjson,87,1746150005473.0,1746150094965.0,89.492,0,87,1
67a754a5c8614c52a939d87b,reading-task-tabular-2,hjson,quiz2,1746150103907.0,1746150202429.0,98.522,0,quiz2,1
67a754a5c8614c52a939d87b,reading-task-tabular-3,hjson,4,1746150209411.0,1746150240302.0,30.891,0,4,1
67a754a5c8614c52a939d87b,reading-task-tabular-4,hjson,Bob,1746150250487.0,1746150355989.0,105.502,0,Bob,1
67a754a5c8614c52a939d87b,reading-task-tabular-5,hjson,"['Bob', 'Alice']",1746150361512.0,1746150404436.0,42.924,0,"[Bob, Alice], [Eve]",1
60fce3df91350150e2e88423,reading-task-tabular-1,yaml,87,1744921095280.0,1744921115057.0,19.777,0,87,1
60fce3df91350150e2e88423,reading-task-tabular-2,yaml,quiz2,1744921121776.0,1744921146776.0,25.0,0,quiz2,1
60fce3df91350150e2e88423,reading-task-tabular-3,yaml,4,1744921154091.0,1744921168589.0,14.498,0,4,1
60fce3df91350150e2e88423,reading-task-tabular-4,yaml,Bob,1744921174421.0,1744921200489.0,26.068,0,Bob,1
60fce3df91350150e2e88423,reading-task-tabular-5,yaml,"['Bob', 'Alice']",1744921207186.0,1744921261357.0,54.171,0,"[Bob, Alice], [Eve]",1
67d29234dbfdb6668d124115,reading-task-tabular-1,yaml,77,1746149670117.0,1746149727475.0,57.358,0,87,0
67d29234dbfdb6668d124115,reading-task-tabular-2,yaml,quiz1,1746149736889.0,1746149804184.0,67.295,0,quiz2,0
67d29234dbfdb6668d124115,reading-task-tabular-3,yaml,3,1746149810065.0,1746149893621.0,83.556,0,4,0
67d29234dbfdb6668d124115,reading-task-tabular-4,yaml,Alice,1746149905406.0,1746149955392.0,49.986,0,Bob,0
67d29234dbfdb6668d124115,reading-task-tabular-5,yaml,['Alice'],1746149961858.0,1746150056725.0,94.867,0,"[Bob, Alice], [Eve]",0
65cf6d8a589a67afcab54e6f,reading-task-tabular-1,hjson,87,1746384034095.0,1746384118016.0,83.921,0,87,1
65cf6d8a589a67afcab54e6f,reading-task-tabular-2,hjson,quiz2,1746384123325.0,1746384164280.0,40.955,0,quiz2,1
65cf6d8a589a67afcab54e6f,reading-task-tabular-3,hjson,4,1746384168482.0,1746384247013.0,78.531,0,4,1
65cf6d8a589a67afcab54e6f,reading-task-tabular-4,hjson,Bob,1746384250850.0,1746384272478.0,21.628,0,Bob,1
65cf6d8a589a67afcab54e6f,reading-task-tabular-5,hjson,"['Bob', 'Alice']",1746384276429.0,1746384323988.0,47.559,0,"[Bob, Alice], [Eve]",1
672d98919cc177d28c204e76,reading-task-tabular-1,json5,87,1744921174446.0,1744921210200.0,35.754,0,87,1
672d98919cc177d28c204e76,reading-task-tabular-2,json5,quiz2,1744921223456.0,1744921317217.0,93.761,0,quiz2,1
672d98919cc177d28c204e76,reading-task-tabular-3,json5,2,1744921329054.0,1744921379624.0,50.57,0,4,0
672d98919cc177d28c204e76,reading-task-tabular-4,json5,Bob,1744921386102.0,1744921411288.0,25.186,0,Bob,1
672d98919cc177d28c204e76,reading-task-tabular-5,json5,"['Bob', 'Alice']",1744921416245.0,1744921476249.0,60.004,0,"[Bob, Alice], [Eve]",1
66b0d065329001a04e5ae671,reading-task-tabular-1,json,87,1746522916340.0,1746522990565.0,74.225,0,87,1
66b0d065329001a04e5ae671,reading-task-tabular-2,json,quiz2,1746522999162.0,1746523056125.0,56.963,0,quiz2,1
66b0d065329001a04e5ae671,reading-task-tabular-3,json,4,1746523059087.0,1746523106461.0,47.374,0,4,1
66b0d065329001a04e5ae671,reading-task-tabular-4,json,Bob,1746523110424.0,1746523195349.0,84.925,0,Bob,1
66b0d065329001a04e5ae671,reading-task-tabular-5,json,['Alice'],1746523198678.0,1746523377509.0,178.831,0,"[Bob, Alice], [Eve]",0
67f1a4f8dd44e7cd5adffa29,reading-task-tabular-1,json5,87,1746387904064.0,1746388233339.0,329.275,0,87,1
67f1a4f8dd44e7cd5adffa29,reading-task-tabular-2,json5,quiz2,1746388245562.0,1746388456395.0,210.833,0,quiz2,1
67f1a4f8dd44e7cd5adffa29,reading-task-tabular-3,json5,4,1746388466843.0,1746388634642.0,167.799,0,4,1
67f1a4f8dd44e7cd5adffa29,reading-task-tabular-4,json5,Bob,1746388640535.0,1746388695842.0,55.307,0,Bob,1
67f1a4f8dd44e7cd5adffa29,reading-task-tabular-5,json5,['Alice'],1746388702110.0,1746388995770.0,293.66,0,"[Bob, Alice], [Eve]",0
5e3b5fa9255e7a37bc841135,reading-task-tabular-1,json,87,1746391122811.0,1746391194590.0,71.779,0,87,1
5e3b5fa9255e7a37bc841135,reading-task-tabular-2,json,quiz2,1746391202667.0,1746391255072.0,52.405,0,quiz2,1
5e3b5fa9255e7a37bc841135,reading-task-tabular-3,json,4,1746391262467.0,1746391284309.0,21.842,0,4,1
5e3b5fa9255e7a37bc841135,reading-task-tabular-4,json,Bob,1746391292767.0,1746391313411.0,20.644,0,Bob,1
5e3b5fa9255e7a37bc841135,reading-task-tabular-5,json,"['Bob', 'Alice']",1746391318990.0,1746391382660.0,63.67,0,"[Bob, Alice], [Eve]",1
677c52fe648cd68583dd3b1e,reading-task-tabular-1,xml,87,1746144176778.0,1746144332840.0,156.062,0,87,1
677c52fe648cd68583dd3b1e,reading-task-tabular-2,xml,quiz2,1746144339815.0,1746144494839.0,155.024,0,quiz2,1
677c52fe648cd68583dd3b1e,reading-task-tabular-3,xml,4,1746144503066.0,1746144584994.0,81.928,0,4,1
677c52fe648cd68583dd3b1e,reading-task-tabular-4,xml,Bob,1746144597015.0,1746144664459.0,67.444,0,Bob,1
677c52fe648cd68583dd3b1e,reading-task-tabular-5,xml,"['Bob', 'Alice']",1746144671128.0,1746144745135.0,74.007,0,"[Bob, Alice], [Eve]",1
5d30dfa68b1523000134878f,reading-task-tabular-1,json,87,1745929616468.0,1745929663512.0,47.044,0,87,1
5d30dfa68b1523000134878f,reading-task-tabular-2,json,quiz2,1745929668475.0,1745929735388.0,66.913,0,quiz2,1
5d30dfa68b1523000134878f,reading-task-tabular-3,json,4,1745929739479.0,1745929765542.0,26.063,0,4,1
5d30dfa68b1523000134878f,reading-task-tabular-4,json,Bob,1745929768636.0,1745929812255.0,43.619,0,Bob,1
5d30dfa68b1523000134878f,reading-task-tabular-5,json,"['Bob', 'Alice']",1745929814790.0,1745929859601.0,44.811,0,"[Bob, Alice], [Eve]",1
671a519900a99ebc15a67672,reading-task-tabular-1,yaml,87,1746389316642.0,1746389416499.0,99.857,0,87,1
671a519900a99ebc15a67672,reading-task-tabular-2,yaml,quiz2,1746389432579.0,1746389548343.0,115.764,0,quiz2,1
671a519900a99ebc15a67672,reading-task-tabular-3,yaml,2,1746389557537.0,1746389705202.0,147.665,0,4,0
671a519900a99ebc15a67672,reading-task-tabular-4,yaml,Bob,1746389715416.0,1746389802514.0,87.098,0,Bob,1
671a519900a99ebc15a67672,reading-task-tabular-5,yaml,"['Bob', 'Alice', 'Eve']",1746389811216.0,1746389920742.0,109.526,0,"[Bob, Alice], [Eve]",0
672ca6c0324ac26cdc0dd298,reading-task-tabular-1,json5,87,1746522988434.0,1746523018304.0,29.87,0,87,1
672ca6c0324ac26cdc0dd298,reading-task-tabular-2,json5,quiz2,1746523027189.0,1746523085155.0,57.966,0,quiz2,1
672ca6c0324ac26cdc0dd298,reading-task-tabular-3,json5,2,1746523095696.0,1746523145582.0,49.886,0,4,0
672ca6c0324ac26cdc0dd298,reading-task-tabular-4,json5,Eve,1746523155541.0,1746523244385.0,88.844,0,Bob,0
672ca6c0324ac26cdc0dd298,reading-task-tabular-5,json5,['Alice'],1746523254305.0,1746523363219.0,108.914,0,"[Bob, Alice], [Eve]",0
67d7fa657f5ac0292a291a38,reading-task-tabular-1,hjson,87,1746145047840.0,1746145111475.0,63.635,0,87,1
67d7fa657f5ac0292a291a38,reading-task-tabular-2,hjson,quiz2,1746145122683.0,1746145283371.0,160.688,0,quiz2,1
67d7fa657f5ac0292a291a38,reading-task-tabular-3,hjson,2,1746145294286.0,1746145398254.0,103.968,0,4,0
67d7fa657f5ac0292a291a38,reading-task-tabular-4,hjson,Bob,1746145407140.0,1746145549830.0,142.69,0,Bob,1
67d7fa657f5ac0292a291a38,reading-task-tabular-5,hjson,"['Bob', 'Alice']",1746145556986.0,1746145776090.0,219.104,0,"[Bob, Alice], [Eve]",1
677d185800ab83d1b0185d82,reading-task-tabular-1,jsonc,87,1746149182666.0,1746149307787.0,125.121,0,87,1
677d185800ab83d1b0185d82,reading-task-tabular-2,jsonc,quiz2,1746149319841.0,1746149487226.0,167.385,0,quiz2,1
677d185800ab83d1b0185d82,reading-task-tabular-3,jsonc,2,1746149501582.0,1746149593149.0,91.567,0,4,0
677d185800ab83d1b0185d82,reading-task-tabular-4,jsonc,Eve,1746149603449.0,1746149697676.0,94.227,0,Bob,0
677d185800ab83d1b0185d82,reading-task-tabular-5,jsonc,['Alice'],1746149714309.0,1746149948332.0,234.023,0,"[Bob, Alice], [Eve]",0
5b68c9eb87af310001584803,reading-task-tabular-1,json5,87,1746383766694.0,1746383825624.0,58.93,0,87,1
5b68c9eb87af310001584803,reading-task-tabular-2,json5,quiz2,1746383830464.0,1746383880984.0,50.52,0,quiz2,1
5b68c9eb87af310001584803,reading-task-tabular-3,json5,4,1746383886449.0,1746383924048.0,37.599,2,4,1
5b68c9eb87af310001584803,reading-task-tabular-4,json5,Bob,1746383932171.0,1746383963769.0,31.598,0,Bob,1
5b68c9eb87af310001584803,reading-task-tabular-5,json5,"['Alice', 'Bob']",1746383968785.0,1746384007112.0,38.327,0,"[Bob, Alice], [Eve]",0
6784ff2095dd9b97e969b01f,reading-task-tabular-1,jsonc,87,1746390279134.0,1746390536276.0,257.142,0,87,1
6784ff2095dd9b97e969b01f,reading-task-tabular-2,jsonc,quiz2,1746390546530.0,1746390718114.0,171.584,0,quiz2,1
6784ff2095dd9b97e969b01f,reading-task-tabular-3,jsonc,4,1746390723901.0,1746390816835.0,92.934,0,4,1
6784ff2095dd9b97e969b01f,reading-task-tabular-4,jsonc,Bob,1746390824277.0,1746390867328.0,43.051,0,Bob,1
6784ff2095dd9b97e969b01f,reading-task-tabular-5,jsonc,"['Bob', 'Alice', 'Eve']",1746390873672.0,1746390943406.0,69.734,0,"[Bob, Alice], [Eve]",0
67eff2b1a264260e948a4d14,reading-task-tabular-1,xml,87,1746389963694.0,1746390228465.0,264.771,0,87,1
67eff2b1a264260e948a4d14,reading-task-tabular-2,xml,quiz2,1746390237385.0,1746390420137.0,182.752,0,quiz2,1
67eff2b1a264260e948a4d14,reading-task-tabular-3,xml,4,1746390427737.0,1746390472938.0,45.201,0,4,1
67eff2b1a264260e948a4d14,reading-task-tabular-4,xml,Bob,1746390477661.0,1746390525013.0,47.352,0,Bob,1
67eff2b1a264260e948a4d14,reading-task-tabular-5,xml,['Bob'],1746390528757.0,1746390585100.0,56.343,0,"[Bob, Alice], [Eve]",0
5ecc71c95c92c2000a9e9a19,reading-task-tabular-1,jsonc,87,1746231649036.0,1746231712436.0,63.4,0,87,1
5ecc71c95c92c2000a9e9a19,reading-task-tabular-2,jsonc,quiz2,1746231716489.0,1746231758660.0,42.171,0,quiz2,1
5ecc71c95c92c2000a9e9a19,reading-task-tabular-3,jsonc,4,1746231761557.0,1746231794203.0,32.646,0,4,1
5ecc71c95c92c2000a9e9a19,reading-task-tabular-4,jsonc,Bob,1746231796476.0,1746231836564.0,40.088,0,Bob,1
5ecc71c95c92c2000a9e9a19,reading-task-tabular-5,jsonc,"['Bob', 'Alice']",1746231838700.0,1746231886508.0,47.808,0,"[Bob, Alice], [Eve]",1
61267b828ead584bcf092e35,reading-task-tabular-1,hjson,87,1746234231046.0,1746234389600.0,158.554,0,87,1
61267b828ead584bcf092e35,reading-task-tabular-2,hjson,quiz2,1746234398083.0,1746234489851.0,91.768,0,quiz2,1
61267b828ead584bcf092e35,reading-task-tabular-3,hjson,4,1746234495013.0,1746234546621.0,51.608,0,4,1
61267b828ead584bcf092e35,reading-task-tabular-4,hjson,Bob,1746234551503.0,1746234609316.0,57.813,0,Bob,1
61267b828ead584bcf092e35,reading-task-tabular-5,hjson,"['Bob', 'Alice']",1746234615623.0,1746234812287.0,196.664,0,"[Bob, Alice], [Eve]",1
6501c0a2e788b5556c24569d,reading-task-tabular-1,xml,87,1746526539633.0,1746526603235.0,63.602,0,87,1
6501c0a2e788b5556c24569d,reading-task-tabular-2,xml,quiz2,1746526611546.0,1746526643896.0,32.35,0,quiz2,1
6501c0a2e788b5556c24569d,reading-task-tabular-3,xml,4,1746526650633.0,1746526675534.0,24.901,0,4,1
6501c0a2e788b5556c24569d,reading-task-tabular-4,xml,Bob,1746526682834.0,1746526701708.0,18.874,0,Bob,1
6501c0a2e788b5556c24569d,reading-task-tabular-5,xml,"['Bob', 'Alice']",1746526706805.0,1746526726138.0,19.333,0,"[Bob, Alice], [Eve]",1
637d8ca00150ac6e71a34ec9,reading-task-tabular-1,yaml,87,1746144236333.0,1746144333168.0,96.835,0,87,1
637d8ca00150ac6e71a34ec9,reading-task-tabular-2,yaml,quiz2,1746144348163.0,1746144418641.0,70.478,0,quiz2,1
637d8ca00150ac6e71a34ec9,reading-task-tabular-3,yaml,4,1746144429878.0,1746144454137.0,24.259,0,4,1
637d8ca00150ac6e71a34ec9,reading-task-tabular-4,yaml,Bob,1746144461218.0,1746144495312.0,34.094,0,Bob,1
637d8ca00150ac6e71a34ec9,reading-task-tabular-5,yaml,['Eve'],1746144500209.0,1746144631624.0,131.415,0,"[Bob, Alice], [Eve]",1
67cb01a82dda2577eb6ee320,reading-task-tabular-1,json,87,1746393251647.0,1746393747417.0,495.77,0,87,1
67cb01a82dda2577eb6ee320,reading-task-tabular-2,json,quiz2,1746393754153.0,1746393828160.0,74.007,0,quiz2,1
67cb01a82dda2577eb6ee320,reading-task-tabular-3,json,4,1746393832918.0,1746393923306.0,90.388,0,4,1
67cb01a82dda2577eb6ee320,reading-task-tabular-4,json,Bob,1746393926865.0,1746393990801.0,63.936,0,Bob,1
67cb01a82dda2577eb6ee320,reading-task-tabular-5,json,"['Alice', 'Bob']",1746393995040.0,1746394121316.0,126.276,0,"[Bob, Alice], [Eve]",0
67e17bac09359e09118892b4,reading-task-tabular-1,json5,87,1746146633576.0,1746146734366.0,100.79,0,87,1
67e17bac09359e09118892b4,reading-task-tabular-2,json5,quiz2,1746146741191.0,1746146814500.0,73.309,0,quiz2,1
67e17bac09359e09118892b4,reading-task-tabular-3,json5,4,1746146818224.0,1746146893411.0,75.187,0,4,1
67e17bac09359e09118892b4,reading-task-tabular-4,json5,Bob,1746146900790.0,1746147118971.0,218.181,0,Bob,1
67e17bac09359e09118892b4,reading-task-tabular-5,json5,['Alice'],1746147124366.0,1746147238344.0,113.978,0,"[Bob, Alice], [Eve]",0
6606b31155457e4f162ecf5a,reading-task-tabular-1,json5,87,1746548022118.0,1746548127736.0,105.618,1,87,1
6606b31155457e4f162ecf5a,reading-task-tabular-2,json5,quiz2,1746548136636.0,1746548214606.0,77.97,0,quiz2,1
6606b31155457e4f162ecf5a,reading-task-tabular-3,json5,4,1746548219248.0,1746548271425.0,52.177,0,4,1
6606b31155457e4f162ecf5a,reading-task-tabular-4,json5,Bob,1746548276594.0,1746548345711.0,69.117,0,Bob,1
6606b31155457e4f162ecf5a,reading-task-tabular-5,json5,"['Bob', 'Alice']",1746548353480.0,1746548441140.0,87.66,0,"[Bob, Alice], [Eve]",1
63e5b3e89a3823139cb9d35e,reading-task-tabular-1,toml,87,1746550315215.0,1746550535335.0,220.12,0,87,1
63e5b3e89a3823139cb9d35e,reading-task-tabular-2,toml,quiz2,1746550540823.0,1746550602199.0,61.376,0,quiz2,1
63e5b3e89a3823139cb9d35e,reading-task-tabular-3,toml,4,1746550606464.0,1746550703831.0,97.367,0,4,1
63e5b3e89a3823139cb9d35e,reading-task-tabular-4,toml,Bob,1746550706587.0,1746550752895.0,46.308,0,Bob,1
63e5b3e89a3823139cb9d35e,reading-task-tabular-5,toml,"['Bob', 'Alice']",1746550756113.0,1746550870007.0,113.894,0,"[Bob, Alice], [Eve]",1
66bb6b7e0ccbed81f3ed30a8,reading-task-tabular-1,xml,87,1746383853607.0,1746384104098.0,250.491,3,87,1
66bb6b7e0ccbed81f3ed30a8,reading-task-tabular-2,xml,quiz2,1746384110847.0,1746384183234.0,72.387,0,quiz2,1
66bb6b7e0ccbed81f3ed30a8,reading-task-tabular-3,xml,2,1746384190836.0,1746384224954.0,34.118,0,4,0
66bb6b7e0ccbed81f3ed30a8,reading-task-tabular-4,xml,Bob,1746384229451.0,1746384264442.0,34.991,0,Bob,1
66bb6b7e0ccbed81f3ed30a8,reading-task-tabular-5,xml,"['Bob', 'Alice', 'Eve']",1746384272578.0,1746384343634.0,71.056,0,"[Bob, Alice], [Eve]",0
6753746b1f8827e2bd586bf0,reading-task-tabular-1,xml,77,1746384045729.0,1746384063288.0,17.559,0,87,0
6753746b1f8827e2bd586bf0,reading-task-tabular-2,xml,quiz2,1746384071007.0,1746384118014.0,47.007,0,quiz2,1
6753746b1f8827e2bd586bf0,reading-task-tabular-3,xml,5,1746384123822.0,1746384257399.0,133.577,0,4,0
6753746b1f8827e2bd586bf0,reading-task-tabular-4,xml,Bob,1746384265515.0,1746384328913.0,63.398,0,Bob,1
6753746b1f8827e2bd586bf0,reading-task-tabular-5,xml,"['Bob', 'Eve', 'Alice']",1746384335476.0,1746384425791.0,90.315,0,"[Bob, Alice], [Eve]",0
67cd944859dabbd1d4552d39,reading-task-tabular-1,json,87,1746384710770.0,1746384819340.0,108.57,0,87,1
67cd944859dabbd1d4552d39,reading-task-tabular-2,json,quiz2,1746384829000.0,1746384937325.0,108.325,0,quiz2,1
67cd944859dabbd1d4552d39,reading-task-tabular-3,json,4,1746384945703.0,1746385020309.0,74.606,0,4,1
67cd944859dabbd1d4552d39,reading-task-tabular-4,json,Bob,1746385027027.0,1746385096893.0,69.866,0,Bob,1
67cd944859dabbd1d4552d39,reading-task-tabular-5,json,"['Bob', 'Alice']",1746385100652.0,1746385164456.0,63.804,0,"[Bob, Alice], [Eve]",1
57c357770e6a1f00015f6038,reading-task-tabular-1,json,87,1746384102976.0,1746384131584.0,28.608,0,87,1
57c357770e6a1f00015f6038,reading-task-tabular-2,json,quiz2,1746384139355.0,1746384176866.0,37.511,0,quiz2,1
57c357770e6a1f00015f6038,reading-task-tabular-3,json,4,1746384180312.0,1746384192266.0,11.954,0,4,1
57c357770e6a1f00015f6038,reading-task-tabular-4,json,Bob,1746384196305.0,1746384216267.0,19.962,0,Bob,1
57c357770e6a1f00015f6038,reading-task-tabular-5,json,"['Bob', 'Alice']",1746384220775.0,1746384242417.0,21.642,0,"[Bob, Alice], [Eve]",1
67d188bcc201cc08eac23f92,reading-task-tabular-1,json5,87,1746145742216.0,1746145794007.0,51.791,0,87,1
67d188bcc201cc08eac23f92,reading-task-tabular-2,json5,quiz2,1746145802137.0,1746145871475.0,69.338,0,quiz2,1
67d188bcc201cc08eac23f92,reading-task-tabular-3,json5,5,1746145880309.0,1746146052283.0,171.974,0,4,0
67d188bcc201cc08eac23f92,reading-task-tabular-4,json5,Bob,1746146059200.0,1746146110067.0,50.867,0,Bob,1
67d188bcc201cc08eac23f92,reading-task-tabular-5,json5,['Alice'],1746146120927.0,1746146179382.0,58.455,0,"[Bob, Alice], [Eve]",0
67f3619e16d4ca195fbd1bd0,reading-task-tabular-1,yaml,87,1746160157117.0,1746160289540.0,132.423,0,87,1
67f3619e16d4ca195fbd1bd0,reading-task-tabular-2,yaml,quiz2,1746160300092.0,1746160356437.0,56.345,0,quiz2,1
67f3619e16d4ca195fbd1bd0,reading-task-tabular-3,yaml,2,1746160360953.0,1746160434849.0,73.896,0,4,0
67f3619e16d4ca195fbd1bd0,reading-task-tabular-4,yaml,Bob,1746160441726.0,1746160655363.0,213.637,0,Bob,1
67f3619e16d4ca195fbd1bd0,reading-task-tabular-5,yaml,"['Bob', 'Alice']",1746160660768.0,1746160788346.0,127.578,0,"[Bob, Alice], [Eve]",1
66781db404eab5e142f849d9,reading-task-tabular-1,jsonc,77,1746497712786.0,1746497839704.0,126.918,0,87,0
66781db404eab5e142f849d9,reading-task-tabular-2,jsonc,quiz2,1746497874153.0,1746498020342.0,146.189,0,quiz2,1
66781db404eab5e142f849d9,reading-task-tabular-3,jsonc,4,1746498028506.0,1746498061279.0,32.773,0,4,1
66781db404eab5e142f849d9,reading-task-tabular-4,jsonc,Eve,1746498070391.0,1746498112975.0,42.584,0,Bob,0
66781db404eab5e142f849d9,reading-task-tabular-5,jsonc,"['Alice', 'Bob']",1746498120884.0,1746498252513.0,131.629,0,"[Bob, Alice], [Eve]",0
667c2175b570aa694ce2f63c,reading-task-tabular-1,toml,87,1746394920814.0,1746395033934.0,113.12,0,87,1
667c2175b570aa694ce2f63c,reading-task-tabular-2,toml,quiz2,1746395046627.0,1746395106812.0,60.185,0,quiz2,1
667c2175b570aa694ce2f63c,reading-task-tabular-3,toml,4,1746395113386.0,1746395144076.0,30.69,0,4,1
667c2175b570aa694ce2f63c,reading-task-tabular-4,toml,Bob,1746395148620.0,1746395194493.0,45.873,0,Bob,1
667c2175b570aa694ce2f63c,reading-task-tabular-5,toml,"['Alice', 'Bob']",1746395197894.0,1746395304347.0,106.453,0,"[Bob, Alice], [Eve]",0
67d1283c8f6169900d0072d2,reading-task-tabular-1,yaml,87,1745934693291.0,1745934806121.0,112.83,0,87,1
67d1283c8f6169900d0072d2,reading-task-tabular-2,yaml,quiz1,1745934819964.0,1745934923698.0,103.734,0,quiz2,0
67d1283c8f6169900d0072d2,reading-task-tabular-3,yaml,3,1745934942311.0,1745935037871.0,95.56,0,4,0
67d1283c8f6169900d0072d2,reading-task-tabular-4,yaml,Bob,1745935051644.0,1745935116345.0,64.701,0,Bob,1
67d1283c8f6169900d0072d2,reading-task-tabular-5,yaml,"['Bob', 'Alice']",1745935123546.0,1745935153981.0,30.435,0,"[Bob, Alice], [Eve]",1
5f29eff59714081a3594a331,reading-task-tabular-1,json,87,1746144355402.0,1746144512808.0,157.406,0,87,1
5f29eff59714081a3594a331,reading-task-tabular-2,json,quiz2,1746144525559.0,1746144718836.0,193.277,0,quiz2,1
5f29eff59714081a3594a331,reading-task-tabular-3,json,4,1746144724844.0,1746144759412.0,34.568,0,4,1
5f29eff59714081a3594a331,reading-task-tabular-4,json,Bob,1746144765103.0,1746144827052.0,61.949,0,Bob,1
5f29eff59714081a3594a331,reading-task-tabular-5,json,"['Bob', 'Alice']",1746144839532.0,1746144987841.0,148.309,0,"[Bob, Alice], [Eve]",1
65be552ceed6a0595fa1feb5,reading-task-tabular-1,json,87,1746384252122.0,1746384271576.0,19.454,0,87,1
65be552ceed6a0595fa1feb5,reading-task-tabular-2,json,quiz2,1746384280191.0,1746384313710.0,33.519,0,quiz2,1
65be552ceed6a0595fa1feb5,reading-task-tabular-3,json,3,1746384319515.0,1746384350603.0,31.088,0,4,0
65be552ceed6a0595fa1feb5,reading-task-tabular-4,json,Bob,1746384371639.0,1746384415788.0,44.149,0,Bob,1
65be552ceed6a0595fa1feb5,reading-task-tabular-5,json,['Bob'],1746384422185.0,1746384457658.0,35.473,0,"[Bob, Alice], [Eve]",0
6577a27da9f5297d49f38e6f,reading-task-tabular-1,hjson,87,1746156760819.0,1746156974477.0,213.658,1,87,1
6577a27da9f5297d49f38e6f,reading-task-tabular-2,hjson,quiz2,1746156984194.0,1746157067564.0,83.37,0,quiz2,1
6577a27da9f5297d49f38e6f,reading-task-tabular-3,hjson,4,1746157072051.0,1746157102167.0,30.116,0,4,1
6577a27da9f5297d49f38e6f,reading-task-tabular-4,hjson,Bob,1746157105603.0,1746157124485.0,18.882,0,Bob,1
6577a27da9f5297d49f38e6f,reading-task-tabular-5,hjson,"['Bob', 'Alice', 'Eve']",1746157129966.0,1746157178005.0,48.039,0,"[Bob, Alice], [Eve]",0
67eefd0739d752c54dd52686,reading-task-tabular-1,toml,77,1746149745342.0,1746149824059.0,78.717,0,87,0
67eefd0739d752c54dd52686,reading-task-tabular-2,toml,quiz2,1746149833623.0,1746149978199.0,144.576,0,quiz2,1
67eefd0739d752c54dd52686,reading-task-tabular-3,toml,3,1746149982857.0,1746150033294.0,50.437,0,4,0
67eefd0739d752c54dd52686,reading-task-tabular-4,toml,Bob,1746150038893.0,1746150165086.0,126.193,0,Bob,1
67eefd0739d752c54dd52686,reading-task-tabular-5,toml,"['Alice', 'Bob']",1746150170324.0,1746150247754.0,77.43,0,"[Bob, Alice], [Eve]",0
67e12acb51605ac16c227598,reading-task-tabular-1,jsonc,87,1746144852111.0,1746144911376.0,59.265,0,87,1
67e12acb51605ac16c227598,reading-task-tabular-2,jsonc,quiz2,1746144919406.0,1746145046504.0,127.098,0,quiz2,1
67e12acb51605ac16c227598,reading-task-tabular-3,jsonc,2,1746145051683.0,1746145107098.0,55.415,0,4,0
67e12acb51605ac16c227598,reading-task-tabular-4,jsonc,Bob,1746145111961.0,1746145163573.0,51.612,0,Bob,1
67e12acb51605ac16c227598,reading-task-tabular-5,jsonc,"['Bob', 'Alice', 'Eve']",1746145170877.0,1746145231864.0,60.987,0,"[Bob, Alice], [Eve]",0
67d9788747176969d8d0fa1d,reading-task-tabular-1,hjson,87,1746385271587.0,1746385405593.0,134.006,0,87,1
67d9788747176969d8d0fa1d,reading-task-tabular-2,hjson,quiz2,1746385422195.0,1746385555841.0,133.646,0,quiz2,1
67d9788747176969d8d0fa1d,reading-task-tabular-3,hjson,4,1746385566696.0,1746385734644.0,167.948,0,4,1
67d9788747176969d8d0fa1d,reading-task-tabular-4,hjson,Bob,1746385743852.0,1746385824883.0,81.031,0,Bob,1
67d9788747176969d8d0fa1d,reading-task-tabular-5,hjson,['Alice'],1746385831447.0,1746385907893.0,76.446,0,"[Bob, Alice], [Eve]",0
669a84e18da4349ece0ea67c,reading-task-tabular-1,xml,77,1746529471302.0,1746529588981.0,117.679,0,87,0
669a84e18da4349ece0ea67c,reading-task-tabular-2,xml,quiz2,1746529596411.0,1746529651039.0,54.628,0,quiz2,1
669a84e18da4349ece0ea67c,reading-task-tabular-3,xml,3,1746529674770.0,1746529747276.0,72.506,0,4,0
669a84e18da4349ece0ea67c,reading-task-tabular-4,xml,Bob,1746529755234.0,1746529786650.0,31.416,0,Bob,1
669a84e18da4349ece0ea67c,reading-task-tabular-5,xml,"['Bob', 'Eve', 'Alice']",1746529791093.0,1746529907841.0,116.748,0,"[Bob, Alice], [Eve]",0
67d548b5aa5737666a77a6d2,reading-task-tabular-1,json5,77,1746146719823.0,1746146954422.0,234.599,0,87,0
67d548b5aa5737666a77a6d2,reading-task-tabular-2,json5,quiz2,1746146980505.0,1746147076420.0,95.915,0,quiz2,1
67d548b5aa5737666a77a6d2,reading-task-tabular-3,json5,2,1746147085112.0,1746147209834.0,124.722,0,4,0
67d548b5aa5737666a77a6d2,reading-task-tabular-4,json5,Alice,1746147216246.0,1746147329501.0,113.255,0,Bob,0
67d548b5aa5737666a77a6d2,reading-task-tabular-5,json5,['Eve'],1746147334851.0,1746147457358.0,122.507,0,"[Bob, Alice], [Eve]",1
67ab57e88fd0774428bd1f32,reading-task-tabular-1,xml,87,1746148297294.0,1746148363979.0,66.685,0,87,1
67ab57e88fd0774428bd1f32,reading-task-tabular-2,xml,quiz2,1746148377530.0,1746148477383.0,99.853,0,quiz2,1
67ab57e88fd0774428bd1f32,reading-task-tabular-3,xml,4,1746148486238.0,1746148596490.0,110.252,0,4,1
67ab57e88fd0774428bd1f32,reading-task-tabular-4,xml,Bob,1746148605308.0,1746148746362.0,141.054,0,Bob,1
67ab57e88fd0774428bd1f32,reading-task-tabular-5,xml,['Eve'],1746148753504.0,1746148874792.0,121.288,0,"[Bob, Alice], [Eve]",1
667983594f7d5d70a78c6e5a,reading-task-tabular-1,json,87,1746144988411.0,1746145380401.0,391.99,0,87,1
667983594f7d5d70a78c6e5a,reading-task-tabular-2,json,quiz2,1746145386401.0,1746145490431.0,104.03,0,quiz2,1
667983594f7d5d70a78c6e5a,reading-task-tabular-3,json,4,1746145496880.0,1746145529169.0,32.289,0,4,1
667983594f7d5d70a78c6e5a,reading-task-tabular-4,json,Bob,1746145533744.0,1746145575584.0,41.84,0,Bob,1
667983594f7d5d70a78c6e5a,reading-task-tabular-5,json,"['Bob', 'Alice']",1746145578827.0,1746145678509.0,99.682,0,"[Bob, Alice], [Eve]",1
67f913a9b5c79e960807c7e3,reading-task-tabular-1,yaml,87,1745932672556.0,1745932773309.0,100.753,0,87,1
67f913a9b5c79e960807c7e3,reading-task-tabular-2,yaml,quiz2,1745932781232.0,1745932864532.0,83.3,0,quiz2,1
67f913a9b5c79e960807c7e3,reading-task-tabular-3,yaml,2,1745932868709.0,1745932975202.0,106.493,0,4,0
67f913a9b5c79e960807c7e3,reading-task-tabular-4,yaml,Bob,1745932983660.0,1745933067354.0,83.694,0,Bob,1
67f913a9b5c79e960807c7e3,reading-task-tabular-5,yaml,"['Bob', 'Alice']",1745933076419.0,1745933234189.0,157.77,0,"[Bob, Alice], [Eve]",1
672003022f1b667a20157c45,reading-task-tabular-1,yaml,8,1745929167074.0,1745929208937.0,41.863,0,87,0
672003022f1b667a20157c45,reading-task-tabular-2,yaml,quiz1,1745929222116.0,1745929290648.0,68.532,0,quiz2,0
672003022f1b667a20157c45,reading-task-tabular-3,yaml,4,1745929295270.0,1745929330780.0,35.51,0,4,1
672003022f1b667a20157c45,reading-task-tabular-4,yaml,Bob,1745929333569.0,1745929401492.0,67.923,0,Bob,1
672003022f1b667a20157c45,reading-task-tabular-5,yaml,['Eve'],1745929404913.0,1745929435876.0,30.963,0,"[Bob, Alice], [Eve]",1
671b65fe04c301eb14263ba5,reading-task-tabular-1,toml,87,1746146401064.0,1746146463982.0,62.918,0,87,1
671b65fe04c301eb14263ba5,reading-task-tabular-2,toml,quiz2,1746146472230.0,1746146549850.0,77.62,0,quiz2,1
671b65fe04c301eb14263ba5,reading-task-tabular-3,toml,4,1746146556844.0,1746146599871.0,43.027,0,4,1
671b65fe04c301eb14263ba5,reading-task-tabular-4,toml,Bob,1746146608529.0,1746146640500.0,31.971,0,Bob,1
671b65fe04c301eb14263ba5,reading-task-tabular-5,toml,"['Bob', 'Alice']",1746146646458.0,1746146706637.0,60.179,0,"[Bob, Alice], [Eve]",1
6787d648d7b1963c661f9443,reading-task-tabular-1,json5,87,1746153397651.0,1746153405504.0,7.853,0,87,1
6787d648d7b1963c661f9443,reading-task-tabular-2,json5,quiz2,1746153411043.0,1746153417398.0,6.355,0,quiz2,1
6787d648d7b1963c661f9443,reading-task-tabular-3,json5,4,1746153421752.0,1746153431201.0,9.449,0,4,1
6787d648d7b1963c661f9443,reading-task-tabular-4,json5,Eve,1746153436725.0,1746153478590.0,41.865,0,Bob,0
6787d648d7b1963c661f9443,reading-task-tabular-5,json5,['Alice'],1746153485625.0,1746153492356.0,6.731,0,"[Bob, Alice], [Eve]",0
66a9285501ac98053902d481,reading-task-tabular-1,toml,87,1746383732259.0,1746383777847.0,45.588,0,87,1
66a9285501ac98053902d481,reading-task-tabular-2,toml,quiz2,1746383781884.0,1746383815195.0,33.311,0,quiz2,1
66a9285501ac98053902d481,reading-task-tabular-3,toml,4,1746383818522.0,1746383838810.0,20.288,0,4,1
66a9285501ac98053902d481,reading-task-tabular-4,toml,Bob,1746383842386.0,1746383865222.0,22.836,0,Bob,1
66a9285501ac98053902d481,reading-task-tabular-5,toml,"['Alice', 'Bob']",1746383867563.0,1746383951151.0,83.588,0,"[Bob, Alice], [Eve]",0
66a662a0a709312db9de01f2,reading-task-tabular-1,jsonc,87,1746156649221.0,1746156718660.0,69.439,0,87,1
66a662a0a709312db9de01f2,reading-task-tabular-2,jsonc,quiz2,1746156729907.0,1746156830729.0,100.822,0,quiz2,1
66a662a0a709312db9de01f2,reading-task-tabular-3,jsonc,4,1746156839233.0,1746156899583.0,60.35,0,4,1
66a662a0a709312db9de01f2,reading-task-tabular-4,jsonc,Bob,1746156909738.0,1746156991444.0,81.706,0,Bob,1
66a662a0a709312db9de01f2,reading-task-tabular-5,jsonc,['Bob'],1746156999939.0,1746157036291.0,36.352,0,"[Bob, Alice], [Eve]",0
66b246951b9aefec80b7158a,reading-task-tabular-1,json,87,1746231082574.0,1746231154445.0,71.871,0,87,1
66b246951b9aefec80b7158a,reading-task-tabular-2,json,quiz2,1746231165725.0,1746231193274.0,27.549,0,quiz2,1
66b246951b9aefec80b7158a,reading-task-tabular-3,json,4,1746231200375.0,1746231222913.0,22.538,0,4,1
66b246951b9aefec80b7158a,reading-task-tabular-4,json,Bob,1746231230875.0,1746231257347.0,26.472,0,Bob,1
66b246951b9aefec80b7158a,reading-task-tabular-5,json,"['Bob', 'Alice']",1746231263535.0,1746231327286.0,63.751,0,"[Bob, Alice], [Eve]",1
5d766978f47e6200019a2acf,reading-task-tabular-1,yaml,87,1745929617935.0,1745929684868.0,66.933,0,87,1
5d766978f47e6200019a2acf,reading-task-tabular-2,yaml,quiz2,1745929690355.0,1745929740526.0,50.171,0,quiz2,1
5d766978f47e6200019a2acf,reading-task-tabular-3,yaml,4,1745929745458.0,1745929793964.0,48.506,0,4,1
5d766978f47e6200019a2acf,reading-task-tabular-4,yaml,Bob,1745929798249.0,1745929842782.0,44.533,0,Bob,1
5d766978f47e6200019a2acf,reading-task-tabular-5,yaml,"['Bob', 'Alice']",1745929846085.0,1745929970363.0,124.278,0,"[Bob, Alice], [Eve]",1
677d32c679491be18090225b,reading-task-tabular-1,xml,87,1746488473200.0,1746488555242.0,82.042,0,87,1
677d32c679491be18090225b,reading-task-tabular-2,xml,quiz2,1746488562176.0,1746488667787.0,105.611,0,quiz2,1
677d32c679491be18090225b,reading-task-tabular-3,xml,5,1746488675224.0,1746488708765.0,33.541,0,4,0
677d32c679491be18090225b,reading-task-tabular-4,xml,Eve,1746488716526.0,1746488788222.0,71.696,0,Bob,0
677d32c679491be18090225b,reading-task-tabular-5,xml,['Alice'],1746488793101.0,1746488874606.0,81.505,0,"[Bob, Alice], [Eve]",0
67d163e7b7bcc1e9718e01da,reading-task-tabular-1,json5,87,1745930603886.0,1745930625099.0,21.213,0,87,1
67d163e7b7bcc1e9718e01da,reading-task-tabular-2,json5,quiz1,1745930635594.0,1745930870657.0,235.063,0,quiz2,0
67d163e7b7bcc1e9718e01da,reading-task-tabular-3,json5,2,1745930882267.0,1745931002902.0,120.635,0,4,0
67d163e7b7bcc1e9718e01da,reading-task-tabular-4,json5,Bob,1745931016600.0,1745931214358.0,197.758,0,Bob,1
67d163e7b7bcc1e9718e01da,reading-task-tabular-5,json5,"['Bob', 'Alice']",1745931247009.0,1745931440424.0,193.415,0,"[Bob, Alice], [Eve]",1
665c5d94303fdf202ac9ded0,reading-task-tabular-1,toml,77,1747339776523.0,1747339805141.0,28.618,0,87,0
665c5d94303fdf202ac9ded0,reading-task-tabular-2,toml,quiz2,1747339817378.0,1747339864240.0,46.862,0,quiz2,1
665c5d94303fdf202ac9ded0,reading-task-tabular-3,toml,4,1747339868989.0,1747339886576.0,17.587,0,4,1
665c5d94303fdf202ac9ded0,reading-task-tabular-4,toml,Bob,1747339890110.0,1747339917064.0,26.954,0,Bob,1
665c5d94303fdf202ac9ded0,reading-task-tabular-5,toml,"['Bob', 'Alice', 'Eve']",1747339920397.0,1747340022997.0,102.6,0,"[Bob, Alice], [Eve]",0
67ab650c320eccf6141d4010,reading-task-tabular-1,jsonc,8,1746145309474.0,1746145418397.0,108.923,0,87,0
67ab650c320eccf6141d4010,reading-task-tabular-2,jsonc,quiz2,1746145434204.0,1746145526162.0,91.958,0,quiz2,1
67ab650c320eccf6141d4010,reading-task-tabular-3,jsonc,2,1746145533913.0,1746145717396.0,183.483,0,4,0
67ab650c320eccf6141d4010,reading-task-tabular-4,jsonc,Alice,1746145726730.0,1746145875053.0,148.323,0,Bob,0
67ab650c320eccf6141d4010,reading-task-tabular-5,jsonc,['Alice'],1746145884493.0,1746146017741.0,133.248,0,"[Bob, Alice], [Eve]",0
65fad673a546ab14baf2f8d3,reading-task-tabular-1,json5,87,1745929877289.0,1745930211251.0,333.962,0,87,1
65fad673a546ab14baf2f8d3,reading-task-tabular-2,json5,quiz2,1745930221729.0,1745930262678.0,40.949,0,quiz2,1
65fad673a546ab14baf2f8d3,reading-task-tabular-3,json5,4,1745930269416.0,1745930297421.0,28.005,0,4,1
65fad673a546ab14baf2f8d3,reading-task-tabular-4,json5,Bob,1745930305687.0,1745930353694.0,48.007,0,Bob,1
65fad673a546ab14baf2f8d3,reading-task-tabular-5,json5,"['Bob', 'Alice']",1745930359972.0,1745930421104.0,61.132,0,"[Bob, Alice], [Eve]",1
67f1c7bd6f1c4a3d8deae02f,reading-task-tabular-1,toml,87,1746144428166.0,1746144591063.0,162.897,0,87,1
67f1c7bd6f1c4a3d8deae02f,reading-task-tabular-2,toml,quiz2,1746144604600.0,1746144676076.0,71.476,0,quiz2,1
67f1c7bd6f1c4a3d8deae02f,reading-task-tabular-3,toml,4,1746144684715.0,1746144902850.0,218.135,0,4,1
67f1c7bd6f1c4a3d8deae02f,reading-task-tabular-4,toml,Bob,1746144909111.0,1746144963206.0,54.095,0,Bob,1
67f1c7bd6f1c4a3d8deae02f,reading-task-tabular-5,toml,"['Bob', 'Alice']",1746144973027.0,1746145043861.0,70.834,0,"[Bob, Alice], [Eve]",1
67adb27bd5f5776fcb16da62,reading-task-tabular-1,hjson,87,1746145448981.0,1746145614988.0,166.007,0,87,1
67adb27bd5f5776fcb16da62,reading-task-tabular-2,hjson,quiz2,1746145624754.0,1746145764677.0,139.923,0,quiz2,1
67adb27bd5f5776fcb16da62,reading-task-tabular-3,hjson,2,1746145776381.0,1746145870798.0,94.417,0,4,0
67adb27bd5f5776fcb16da62,reading-task-tabular-4,hjson,Bob,1746145879603.0,1746145964893.0,85.29,0,Bob,1
67adb27bd5f5776fcb16da62,reading-task-tabular-5,hjson,"['Bob', 'Alice']",1746145973796.0,1746146228465.0,254.669,1,"[Bob, Alice], [Eve]",1
6675c40cdc52b37294f0514e,reading-task-tabular-1,hjson,87,1746233727732.0,1746233901525.0,173.793,0,87,1
6675c40cdc52b37294f0514e,reading-task-tabular-2,hjson,quiz2,1746233907262.0,1746233960037.0,52.775,0,quiz2,1
6675c40cdc52b37294f0514e,reading-task-tabular-3,hjson,4,1746233966788.0,1746233995855.0,29.067,0,4,1
6675c40cdc52b37294f0514e,reading-task-tabular-4,hjson,Bob,1746234000908.0,1746234202457.0,201.549,0,Bob,1
6675c40cdc52b37294f0514e,reading-task-tabular-5,hjson,['Alice'],1746234212423.0,1746234418629.0,206.206,0,"[Bob, Alice], [Eve]",0
56cb8858edf8da000b6df354,reading-task-tabular,hjson,,,,153.313,0,,5
57c357770e6a1f00015f6038,reading-task-tabular,json,,,,119.677,0,,5
5b68c9eb87af310001584803,reading-task-tabular,json5,,,,216.974,2,,4
5c6414540821d30001046198,reading-task-tabular,hjson,,,,400.75,0,,5
5d30dfa68b1523000134878f,reading-task-tabular,json,,,,228.45,0,,5
5d766978f47e6200019a2acf,reading-task-tabular,yaml,,,,334.42100000000005,0,,5
5dafea4de40355001651fa2f,reading-task-tabular,jsonc,,,,247.451,0,,3
5e3b5fa9255e7a37bc841135,reading-task-tabular,json,,,,230.34,0,,5
5e8a5a892f6f027054a83d88,reading-task-tabular,toml,,,,212.65699999999998,0,,4
5ecc71c95c92c2000a9e9a19,reading-task-tabular,jsonc,,,,226.113,0,,5
5f29eff59714081a3594a331,reading-task-tabular,json,,,,595.509,0,,5
60721c2da01b3a616edba9a7,reading-task-tabular,xml,,,,446.926,0,,3
607728dc0b4f8590b94ae57c,reading-task-tabular,jsonc,,,,417.42600000000004,0,,5
60a0b744298c64d46b63e893,reading-task-tabular,hjson,,,,309.549,0,,5
60f1f1d4ac991a259b83f603,reading-task-tabular,json,,,,333.15500000000003,0,,4
60fce3df91350150e2e88423,reading-task-tabular,yaml,,,,139.514,0,,5
61267b828ead584bcf092e35,reading-task-tabular,hjson,,,,556.4069999999999,0,,5
615200d54efc832849db2259,reading-task-tabular,json,,,,393.672,0,,5
62fd14d7b1e0729dc8aadb79,reading-task-tabular,xml,,,,218.37099999999998,0,,5
637d8ca00150ac6e71a34ec9,reading-task-tabular,yaml,,,,357.081,0,,5
63e5b3e89a3823139cb9d35e,reading-task-tabular,toml,,,,539.065,0,,5
64275e53f51a5ed4f6b7d019,reading-task-tabular,toml,,,,282.331,0,,5
64457bc906c125cebd4bf66b,reading-task-tabular,json5,,,,234.732,0,,4
6501c0a2e788b5556c24569d,reading-task-tabular,xml,,,,159.06,0,,5
6577a27da9f5297d49f38e6f,reading-task-tabular,hjson,,,,394.065,1,,4
65be552ceed6a0595fa1feb5,reading-task-tabular,json,,,,163.683,0,,3
65cf6d8a589a67afcab54e6f,reading-task-tabular,hjson,,,,272.594,0,,5
65fad673a546ab14baf2f8d3,reading-task-tabular,json5,,,,512.055,0,,5
66049694dfb8828a8f3dce70,reading-task-tabular,yaml,,,,375.19,0,,5
6606b31155457e4f162ecf5a,reading-task-tabular,json5,,,,392.54200000000003,1,,5
66475d6f7b27e4443ef0d031,reading-task-tabular,json,,,,186.918,0,,5
665c5d94303fdf202ac9ded0,reading-task-tabular,toml,,,,222.62099999999998,0,,3
6672d878f68b9e349b56e871,reading-task-tabular,toml,,,,561.48,0,,5
6675c40cdc52b37294f0514e,reading-task-tabular,hjson,,,,663.39,0,,4
66781db404eab5e142f849d9,reading-task-tabular,jsonc,,,,480.09299999999996,0,,2
667971a555af1f83d3f29ae7,reading-task-tabular,hjson,,,,263.371,0,,5
667983594f7d5d70a78c6e5a,reading-task-tabular,json,,,,669.831,0,,5
667ac09492ea0caadf488520,reading-task-tabular,json,,,,460.914,0,,1
667c18ace97ab6869cb1c50e,reading-task-tabular,hjson,,,,220.115,0,,4
667c2175b570aa694ce2f63c,reading-task-tabular,toml,,,,356.321,0,,4
6697c8b6d9d7baa7edd8c4d3,reading-task-tabular,hjson,,,,492.879,0,,4
66992f58a7964f557fc75f58,reading-task-tabular,toml,,,,2673.43,0,,5
669a84e18da4349ece0ea67c,reading-task-tabular,xml,,,,392.977,0,,2
669b961e1c9cf30a26bb57d2,reading-task-tabular,xml,,,,329.69,0,,5
66a662a0a709312db9de01f2,reading-task-tabular,jsonc,,,,348.669,0,,4
66a9285501ac98053902d481,reading-task-tabular,toml,,,,205.611,0,,4
66b0d065329001a04e5ae671,reading-task-tabular,json,,,,442.318,0,,4
66b246951b9aefec80b7158a,reading-task-tabular,json,,,,212.18099999999998,0,,5
66bb6b7e0ccbed81f3ed30a8,reading-task-tabular,xml,,,,463.043,3,,3
66cdfebcb908ea2717d06b6c,reading-task-tabular,hjson,,,,245.577,0,,4
671a519900a99ebc15a67672,reading-task-tabular,yaml,,,,559.91,0,,3
671b65fe04c301eb14263ba5,reading-task-tabular,toml,,,,275.71500000000003,0,,5
672003022f1b667a20157c45,reading-task-tabular,yaml,,,,244.791,0,,3
672ca6c0324ac26cdc0dd298,reading-task-tabular,json5,,,,335.48,0,,2
672d98919cc177d28c204e76,reading-task-tabular,json5,,,,265.275,0,,4
6734346ca8e90c2da6fb4509,reading-task-tabular,jsonc,,,,336.538,1,,4
673c13c9d37c8a73bc80b8ce,reading-task-tabular,json,,,,471.185,0,,4
673d0377254c407e5da57f97,reading-task-tabular,toml,,,,412.231,0,,5
673e43cc760355e9e4f042a3,reading-task-tabular,json5,,,,269.43399999999997,0,,3
6740ae39809389d7da9de209,reading-task-tabular,xml,,,,512.6220000000001,0,,5
6753746b1f8827e2bd586bf0,reading-task-tabular,xml,,,,351.856,0,,2
677c52fe648cd68583dd3b1e,reading-task-tabular,xml,,,,534.465,0,,5
677d185800ab83d1b0185d82,reading-task-tabular,jsonc,,,,712.323,0,,2
677d32c679491be18090225b,reading-task-tabular,xml,,,,374.395,0,,2
6784ff2095dd9b97e969b01f,reading-task-tabular,jsonc,,,,634.4449999999999,0,,4
6787d648d7b1963c661f9443,reading-task-tabular,json5,,,,72.253,0,,3
6787e4bd2bf9557a90208f03,reading-task-tabular,yaml,,,,349.933,0,,5
6788c1c724c24dc56b08790a,reading-task-tabular,json5,,,,447.324,1,,4
678bad003d15e6aba1ee5a5d,reading-task-tabular,jsonc,,,,351.811,0,,5
678f0bb28ec3307e4f1afb78,reading-task-tabular,hjson,,,,318.91200000000003,0,,5
67a754a5c8614c52a939d87b,reading-task-tabular,hjson,,,,367.331,0,,5
67ab214c2cde1be7c45535ac,reading-task-tabular,jsonc,,,,177.42000000000002,0,,5
67ab57e88fd0774428bd1f32,reading-task-tabular,xml,,,,539.132,0,,5
67ab650c320eccf6141d4010,reading-task-tabular,jsonc,,,,665.935,0,,1
67adb27bd5f5776fcb16da62,reading-task-tabular,hjson,,,,740.306,1,,4
67adb520391eb17f214a50b4,reading-task-tabular,yaml,,,,334.717,0,,4
67aee0dfad3492b61a9ba0eb,reading-task-tabular,jsonc,,,,167.403,0,,5
67bf88cc763aae600b429a3e,reading-task-tabular,toml,,,,513.813,0,,4
67c246023b44ca64d40ae45a,reading-task-tabular,json5,,,,597.24,0,,3
67cb01a82dda2577eb6ee320,reading-task-tabular,json,,,,850.377,0,,4
67cd944859dabbd1d4552d39,reading-task-tabular,json,,,,425.171,0,,5
67d00f24466a67ba7e41228e,reading-task-tabular,toml,,,,508.708,0,,5
67d1283c8f6169900d0072d2,reading-task-tabular,yaml,,,,407.26,0,,3
67d163e7b7bcc1e9718e01da,reading-task-tabular,json5,,,,768.084,0,,3
67d188bcc201cc08eac23f92,reading-task-tabular,json5,,,,402.42499999999995,0,,3
67d29234dbfdb6668d124115,reading-task-tabular,yaml,,,,353.062,0,,0
67d548b5aa5737666a77a6d2,reading-task-tabular,json5,,,,690.998,0,,2
67d7fa657f5ac0292a291a38,reading-task-tabular,hjson,,,,690.085,0,,4
67d95269b47464c18da766ca,reading-task-tabular,xml,,,,534.818,1,,4
67d9788747176969d8d0fa1d,reading-task-tabular,hjson,,,,593.077,0,,4
67dc19c31078d1581e39e75a,reading-task-tabular,yaml,,,,227.01999999999998,0,,2
67debe02a893eea51e8d02f2,reading-task-tabular,json,,,,270.009,0,,5
67e12acb51605ac16c227598,reading-task-tabular,jsonc,,,,354.377,0,,3
67e17bac09359e09118892b4,reading-task-tabular,json5,,,,581.445,0,,4
67e25388d573ec2d5f1c8442,reading-task-tabular,yaml,,,,335.165,0,,4
67e4920c40c9561040ca01d0,reading-task-tabular,xml,,,,375.937,0,,0
67e571bef6af7ecd9c29ad72,reading-task-tabular,json,,,,521.034,1,,4
67e5cf90b79d0874e1cf16b0,reading-task-tabular,toml,,,,969.043,0,,5
67eefd0739d752c54dd52686,reading-task-tabular,toml,,,,477.35299999999995,0,,2
67eff2b1a264260e948a4d14,reading-task-tabular,xml,,,,596.419,0,,4
67f0c5d37f91ceae5cb3b318,reading-task-tabular,jsonc,,,,406.92999999999995,0,,5
67f184a3b82990251abd1592,reading-task-tabular,yaml,,,,540.316,0,,3
67f1a4f8dd44e7cd5adffa29,reading-task-tabular,json5,,,,1056.874,0,,4
67f1c7bd6f1c4a3d8deae02f,reading-task-tabular,toml,,,,577.437,0,,5
67f3619e16d4ca195fbd1bd0,reading-task-tabular,yaml,,,,603.879,0,,4
67f5bb69760b211cdfe8021c,reading-task-tabular,jsonc,,,,173.583,0,,5
67f913a9b5c79e960807c7e3,reading-task-tabular,yaml,,,,532.01,0,,4
