participantId,task,format,response,start_time,end_time,duration_sec,help_count
67895b7d6400163124042af7,reading-task-config-1,jsonc,7.9.0,1747335882150,1747335947784,65.634,0
67895b7d6400163124042af7,reading-task-config-2,jsonc,12,1747335955819,1747336024757,68.938,0
67895b7d6400163124042af7,reading-task-config-3,jsonc,6,1747336031704,1747336066889,35.185,0
67895b7d6400163124042af7,reading-task-config-4,jsonc,devDependencies,1747336076341,1747336151040,74.699,0
67895b7d6400163124042af7,reading-task-config-5,jsonc,d3-scale,1747336156746,1747336187067,30.321,0
659960f32faa4ff4b116de92,reading-task-config-1,toml,7.9.0,1747173689983,1747173743824,53.841,0
659960f32faa4ff4b116de92,reading-task-config-2,toml,>=12,1747173752673,1747173772256,19.583,0
659960f32faa4ff4b116de92,reading-task-config-3,toml,6,1747173784086,1747173817307,33.221,0
659960f32faa4ff4b116de92,reading-task-config-4,toml,keywords,1747173826434,1747174200055,373.621,2
659960f32faa4ff4b116de92,reading-task-config-5,toml,d3-delaunay,1747174204925,1747174233272,28.347,0
5f7f239e9b204e05b6c36538,reading-task-config-1,json5,7.9.0,1746771964989,1746772270889,305.9,1
5f7f239e9b204e05b6c36538,reading-task-config-2,json5,>=12,1746772278059,1746772305330,27.271,0
5f7f239e9b204e05b6c36538,reading-task-config-3,json5,6,1746772310223,1746772343380,33.157,0
5f7f239e9b204e05b6c36538,reading-task-config-4,json5,devDependencies,1746772348071,1746772452894,104.823,0
5f7f239e9b204e05b6c36538,reading-task-config-5,json5,d3-scale,1746772457329,1746772535622,78.293,0
67b8636acd5ed420cc098b64,reading-task-config-1,toml,7.9.0,1747174617563,1747174757130,139.567,0
67b8636acd5ed420cc098b64,reading-task-config-2,toml,>=12,1747174776360,1747174871127,94.767,0
67b8636acd5ed420cc098b64,reading-task-config-3,toml,7,1747174895679,1747174960807,65.128,0
67b8636acd5ed420cc098b64,reading-task-config-4,toml,keywords,1747174979304,1747175118550,139.246,0
67b8636acd5ed420cc098b64,reading-task-config-5,toml,d3-delaunay,1747175137655,1747175196325,58.67,0
57ca4b09993b08000192297b,reading-task-config-1,xml,7.9.0,1747172985562,1747173007897,22.335,0
57ca4b09993b08000192297b,reading-task-config-2,xml,>=12,1747173015417,1747173034863,19.446,0
57ca4b09993b08000192297b,reading-task-config-3,xml,6,1747173039926,1747173122672,82.746,0
57ca4b09993b08000192297b,reading-task-config-4,xml,keywords,1747173127529,1747173178336,50.807,0
57ca4b09993b08000192297b,reading-task-config-5,xml,d3-delaunay,1747173185343,1747173234257,48.914,0
67d1cc8044430e99a7d91b4a,reading-task-config-1,toml,7.9.0,1746778301140,1746778364201,63.061,0
67d1cc8044430e99a7d91b4a,reading-task-config-2,toml,>=12,1746778386050,1746778411074,25.024,0
67d1cc8044430e99a7d91b4a,reading-task-config-3,toml,6,1746778423599,1746778538521,114.922,0
67d1cc8044430e99a7d91b4a,reading-task-config-4,toml,exports,1746778554937,1746778670535,115.598,0
67d1cc8044430e99a7d91b4a,reading-task-config-5,toml,d3-delaunay,1746778675989,1746778896151,220.162,0
6693ce87e76d32ccf07fbcd8,reading-task-config-1,xml,7.9.0,1746769543614,1746769644330,100.716,0
6693ce87e76d32ccf07fbcd8,reading-task-config-2,xml,>=12,1746769656370,1746769867012,210.642,0
6693ce87e76d32ccf07fbcd8,reading-task-config-3,xml,6,1746769880093,1746769941804,61.711,0
6693ce87e76d32ccf07fbcd8,reading-task-config-4,xml,keywords,1746769952687,1746770157877,205.19,0
6693ce87e76d32ccf07fbcd8,reading-task-config-5,xml,d3-delaunay,1746770168521,1746770247034,78.513,0
680ebf035ab59d342f31726e,reading-task-config-1,hjson,7.9.0,1747175242900,1747175340164,97.264,0
680ebf035ab59d342f31726e,reading-task-config-2,hjson,>=12,1747175351423,1747175407960,56.537,0
680ebf035ab59d342f31726e,reading-task-config-3,hjson,6,1747175418469,1747175455755,37.286,0
680ebf035ab59d342f31726e,reading-task-config-4,hjson,keywords,1747175463783,1747175573321,109.538,0
680ebf035ab59d342f31726e,reading-task-config-5,hjson,d3-delaunay,1747175581053,1747175674247,93.194,0
67f0d86fabc081fdc410e828,reading-task-config-1,yaml,7.9.0,1746769428495,1746769724289,295.794,0
67f0d86fabc081fdc410e828,reading-task-config-2,yaml,>=12,1746769740762,1746769934498,193.736,0
67f0d86fabc081fdc410e828,reading-task-config-3,yaml,6,1746769945121,1746769986040,40.919,0
67f0d86fabc081fdc410e828,reading-task-config-4,yaml,keywords,1746769995975,1746770187823,191.848,0
67f0d86fabc081fdc410e828,reading-task-config-5,yaml,d3-delaunay,1746770198193,1746770264425,66.232,0
6691809035e52ca9b2b0f39a,reading-task-config-1,yaml,7.9.0,1747174137473,1747174226949,89.476,0
6691809035e52ca9b2b0f39a,reading-task-config-2,yaml,>=12,1747174237961,1747174373213,135.252,0
6691809035e52ca9b2b0f39a,reading-task-config-3,yaml,6,1747174382761,1747174421021,38.26,0
6691809035e52ca9b2b0f39a,reading-task-config-4,yaml,keywords,1747174428119,1747174732342,304.223,1
6691809035e52ca9b2b0f39a,reading-task-config-5,yaml,d3-delaunay,1747174744144,1747174784565,40.421,0
678faf5b31008609fd85b185,reading-task-config-1,json5,keywords,1747346158522,1747346176153,17.631,0
678faf5b31008609fd85b185,reading-task-config-2,json5,7.9.0,1747346187873,1747346231637,43.764,0
678faf5b31008609fd85b185,reading-task-config-3,json5,6,1747346240240,1747346263484,23.244,0
678faf5b31008609fd85b185,reading-task-config-4,json5,author,1747346274028,1747346323678,49.65,0
678faf5b31008609fd85b185,reading-task-config-5,json5,d3-array,1747346330970,1747346451834,120.864,0
65e85a421f2dee53c62fbf45,reading-task-config-1,json5,7.9.0,1746775157842,1746775410255,252.413,0
65e85a421f2dee53c62fbf45,reading-task-config-2,json5,>=12,1746775431606,1746775499265,67.659,0
65e85a421f2dee53c62fbf45,reading-task-config-3,json5,6,1746775513555,1746775624373,110.818,0
65e85a421f2dee53c62fbf45,reading-task-config-4,json5,author,1746775634347,1746776160812,526.465,0
65e85a421f2dee53c62fbf45,reading-task-config-5,json5,d3-delaunay,1746776171421,1746776578527,407.106,0
666b0b42bb6fa2822fa27a32,reading-task-config-1,json5,7.9.0,1746769072942,1746769193835,120.893,0
666b0b42bb6fa2822fa27a32,reading-task-config-2,json5,d3,1746769203702,1746769317732,114.03,0
666b0b42bb6fa2822fa27a32,reading-task-config-3,json5,4,1746769322980,1746769423084,100.104,0
666b0b42bb6fa2822fa27a32,reading-task-config-4,json5,exports,1746769428343,1746769524068,95.725,0
666b0b42bb6fa2822fa27a32,reading-task-config-5,json5,d3-delaunay,1746769529859,1746769658844,128.985,0
6708da9c62672d0fe65b6683,reading-task-config-1,jsonc,keywords,1747173327385,1747173391027,63.642,0
6708da9c62672d0fe65b6683,reading-task-config-2,jsonc,d3,1747173403312,1747173439159,35.847,0
6708da9c62672d0fe65b6683,reading-task-config-3,jsonc,6,1747173447774,1747173478970,31.196,0
6708da9c62672d0fe65b6683,reading-task-config-4,jsonc,dependencies,1747173487507,1747173579942,92.435,0
6708da9c62672d0fe65b6683,reading-task-config-5,jsonc,d3-delaunay,1747173588877,1747173623483,34.606,0
60f70af563ef757f65e750e0,reading-task-config-1,xml,7.9.0,1746768622121,1746768677615,55.494,0
60f70af563ef757f65e750e0,reading-task-config-2,xml,>=12,1746768690676,1746768768626,77.95,0
60f70af563ef757f65e750e0,reading-task-config-3,xml,6,1746768780141,1746768807119,26.978,0
60f70af563ef757f65e750e0,reading-task-config-4,xml,exports,1746768816503,1746769101292,284.789,0
60f70af563ef757f65e750e0,reading-task-config-5,xml,d3-delaunay,1746769113161,1746769142055,28.894,0
670f9ddb0e32533c222c3031,reading-task-config-1,json,^3.2.4,1746769045306,1746769065739,20.433,0
670f9ddb0e32533c222c3031,reading-task-config-2,json,>=12,1746769075085,1746769112843,37.758,0
670f9ddb0e32533c222c3031,reading-task-config-3,json,7,1746769117840,1746769144411,26.571,0
670f9ddb0e32533c222c3031,reading-task-config-4,json,keywords,1746769148230,1746769162939,14.709,0
670f9ddb0e32533c222c3031,reading-task-config-5,json,d3-array,1746769169830,1746769226987,57.157,0
67d03135f855dd0ff0994265,reading-task-config-1,toml,7.9.0,1746769568082,1746769647688,79.606,0
67d03135f855dd0ff0994265,reading-task-config-2,toml,>=12,1746769657724,1746769748359,90.635,0
67d03135f855dd0ff0994265,reading-task-config-3,toml,6,1746769761595,1746769823666,62.071,0
67d03135f855dd0ff0994265,reading-task-config-4,toml,repository,1746769830452,1746769970836,140.384,0
67d03135f855dd0ff0994265,reading-task-config-5,toml,d3-delaunay,1746769979830,1746770093568,113.738,0
674f479b2a4ef75e4551f258,reading-task-config-1,json5,7.9.0,1747338079039,1747338134383,55.344,0
674f479b2a4ef75e4551f258,reading-task-config-2,json5,>=12,1747338145442,1747338254489,109.047,0
674f479b2a4ef75e4551f258,reading-task-config-3,json5,6,1747338263633,1747338337646,74.013,0
674f479b2a4ef75e4551f258,reading-task-config-4,json5,scripts,1747338342515,1747338540097,197.582,0
674f479b2a4ef75e4551f258,reading-task-config-5,json5,d3-array,1747338547927,1747338696842,148.915,0
5ee4a14b578f8a000b384376,reading-task-config-1,yaml,7.9.0,1746767934805,1746767950049,15.244,0
5ee4a14b578f8a000b384376,reading-task-config-2,yaml,>=12,1746767957905,1746767993122,35.217,0
5ee4a14b578f8a000b384376,reading-task-config-3,yaml,6,1746767998965,1746768011395,12.43,0
5ee4a14b578f8a000b384376,reading-task-config-4,yaml,keywords,1746768017612,1746768090332,72.72,0
5ee4a14b578f8a000b384376,reading-task-config-5,yaml,d3-delaunay,1746768096563,1746768127426,30.863,0
63af557b3d4f219c3226b7d6,reading-task-config-1,yaml,7.9.0,1747334019575,1747334170411,150.836,2
63af557b3d4f219c3226b7d6,reading-task-config-2,yaml,>=12,1747334179718,1747334209432,29.714,0
63af557b3d4f219c3226b7d6,reading-task-config-3,yaml,6,1747334215783,1747334229884,14.101,0
63af557b3d4f219c3226b7d6,reading-task-config-4,yaml,keywords,1747334236241,1747334333292,97.051,1
63af557b3d4f219c3226b7d6,reading-task-config-5,yaml,d3-delaunay,1747334339439,1747334374501,35.062,0
65583ffa38bfc41805a553cd,reading-task-config-1,hjson,7.9.0,1747180714650,1747180920270,205.62,3
65583ffa38bfc41805a553cd,reading-task-config-2,hjson,>=12,1747180932060,1747180960506,28.446,0
65583ffa38bfc41805a553cd,reading-task-config-3,hjson,6,1747180971398,1747180999436,28.038,0
65583ffa38bfc41805a553cd,reading-task-config-4,hjson,engines,1747181008280,1747181302568,294.288,1
65583ffa38bfc41805a553cd,reading-task-config-5,hjson,d3-delaunay,1747181315576,1747181394417,78.841,0
66684d30d1a0d64a3a348c82,reading-task-config-1,yaml,7.9.0,1747334657733,1747334799746,142.013,0
66684d30d1a0d64a3a348c82,reading-task-config-2,yaml,>=12,1747334810579,1747334894483,83.904,0
66684d30d1a0d64a3a348c82,reading-task-config-3,yaml,6,1747334903497,1747334984083,80.586,0
66684d30d1a0d64a3a348c82,reading-task-config-4,yaml,keywords,1747334994167,1747335176384,182.217,0
66684d30d1a0d64a3a348c82,reading-task-config-5,yaml,d3-delaunay,1747335185238,1747335261603,76.365,0
60ec51c51a3158a50ded8a3e,reading-task-config-1,json5,7.9.0,1747334660739,1747334687442,26.703,0
60ec51c51a3158a50ded8a3e,reading-task-config-2,json5,>=12,1747334693396,1747334722541,29.145,0
60ec51c51a3158a50ded8a3e,reading-task-config-3,json5,6,1747334726385,1747334751386,25.001,0
60ec51c51a3158a50ded8a3e,reading-task-config-4,json5,keywords,1747334754888,1747334879340,124.452,0
60ec51c51a3158a50ded8a3e,reading-task-config-5,json5,d3-delaunay,1747334886118,1747334937529,51.411,0
671bdd06525adeea062a1d73,reading-task-config-1,json,7.9.0,1747173043788,1747173068907,25.119,0
671bdd06525adeea062a1d73,reading-task-config-2,json,>=12,1747173073298,1747173089496,16.198,0
671bdd06525adeea062a1d73,reading-task-config-3,json,6,1747173093646,1747173115383,21.737,0
671bdd06525adeea062a1d73,reading-task-config-4,json,keywords,1747173118661,1747173177096,58.435,0
671bdd06525adeea062a1d73,reading-task-config-5,json,d3-delaunay,1747173180627,1747173198480,17.853,0
6647e8618c77f7b938865d25,reading-task-config-1,json5,7.9.0,1747361309535,1747361373826,64.291,0
6647e8618c77f7b938865d25,reading-task-config-2,json5,d3,1747361388929,1747361552267,163.338,0
6647e8618c77f7b938865d25,reading-task-config-3,json5,6,1747361561084,1747361600774,39.69,0
6647e8618c77f7b938865d25,reading-task-config-4,json5,devDependencies,1747361607641,1747361741984,134.343,0
6647e8618c77f7b938865d25,reading-task-config-5,json5,d3-delaunay,1747361750712,1747361826746,76.034,0
613a541cf948d295c1df8752,reading-task-config-1,jsonc,7.9.0,1746767879567,1746767924860,45.293,0
613a541cf948d295c1df8752,reading-task-config-2,jsonc,>=12,1746767931026,1746767948272,17.246,0
613a541cf948d295c1df8752,reading-task-config-3,jsonc,6,1746767953187,1746767974991,21.804,0
613a541cf948d295c1df8752,reading-task-config-4,jsonc,keywords,1746767979167,1746768072733,93.566,0
613a541cf948d295c1df8752,reading-task-config-5,jsonc,d3-delaunay,1746768077655,1746768112060,34.405,0
5e5c993cd0394c474f7cc502,reading-task-config-1,toml,7.9.0,1747618616410,1747618635855,19.445,0
5e5c993cd0394c474f7cc502,reading-task-config-2,toml,>=12,1747618641798,1747618674626,32.828,0
5e5c993cd0394c474f7cc502,reading-task-config-3,toml,6,1747618679083,1747618688831,9.748,0
5e5c993cd0394c474f7cc502,reading-task-config-4,toml,keywords,1747618692100,1747618746956,54.856,0
5e5c993cd0394c474f7cc502,reading-task-config-5,toml,d3-delaunay,1747618751894,1747618777328,25.434,0
67c045fa5074c5500ca40e76,reading-task-config-1,xml,7.9.0,1746772073278,1746772311364,238.086,0
67c045fa5074c5500ca40e76,reading-task-config-2,xml,d3,1746772326149,1746772736797,410.648,0
67c045fa5074c5500ca40e76,reading-task-config-3,xml,6,1746772747502,1746772805104,57.602,0
67c045fa5074c5500ca40e76,reading-task-config-4,xml,engines,1746772820618,1746773399023,578.405,0
67c045fa5074c5500ca40e76,reading-task-config-5,xml,d3-contour,1746773408459,1746773483753,75.294,0
67d2eaf9d5996dc6be1c7072,reading-task-config-1,xml,7.9.0,1746769337646,1746769594456,256.81,0
67d2eaf9d5996dc6be1c7072,reading-task-config-2,xml,>=12,1746769602408,1746769719060,116.652,0
67d2eaf9d5996dc6be1c7072,reading-task-config-3,xml,6,1746769723709,1746769893402,169.693,0
67d2eaf9d5996dc6be1c7072,reading-task-config-4,xml,keywords,1746769900324,1746770071205,170.881,0
67d2eaf9d5996dc6be1c7072,reading-task-config-5,xml,d3-delaunay,1746770077956,1746770348340,270.384,0
60e2ebb6ad1d5ee0e515a7c5,reading-task-config-1,yaml,7.9.0,1746768191316,1746768284704,93.388,2
60e2ebb6ad1d5ee0e515a7c5,reading-task-config-2,yaml,>=12,1746768296748,1746768329123,32.375,0
60e2ebb6ad1d5ee0e515a7c5,reading-task-config-3,yaml,6,1746768338409,1746768374491,36.082,1
60e2ebb6ad1d5ee0e515a7c5,reading-task-config-4,yaml,keywords,1746768384919,1746768517020,132.101,0
60e2ebb6ad1d5ee0e515a7c5,reading-task-config-5,yaml,d3-delaunay,1746768526294,1746768592283,65.989,0
67153c0d669d191ab273b865,reading-task-config-1,yaml,keywords,1747176103587,1747176254868,151.281,1
67153c0d669d191ab273b865,reading-task-config-2,yaml,>=12,1747176265742,1747176320702,54.96,0
67153c0d669d191ab273b865,reading-task-config-3,yaml,6,1747176328785,1747176390716,61.931,0
67153c0d669d191ab273b865,reading-task-config-4,yaml,author,1747176396204,1747176619621,223.417,0
67153c0d669d191ab273b865,reading-task-config-5,yaml,d3-delaunay,1747176628836,1747176704968,76.132,0
67ab1d683813ed19603e1030,reading-task-config-1,yaml,7.9.0,1746778556279,1746778813350,257.071,0
67ab1d683813ed19603e1030,reading-task-config-2,yaml,>=12,1746778823727,1746778915901,92.174,0
67ab1d683813ed19603e1030,reading-task-config-3,yaml,6,1746778919949,1746778940777,20.828,0
67ab1d683813ed19603e1030,reading-task-config-4,yaml,keywords,1746778944086,1746779216081,271.995,0
67ab1d683813ed19603e1030,reading-task-config-5,yaml,d3-delaunay,1746779221900,1746779243822,21.922,0
60e343946a7faddde88fbe3c,reading-task-config-1,yaml,7.9.0,1747174454796,1747174502267,47.471,0
60e343946a7faddde88fbe3c,reading-task-config-2,yaml,>=12,1747174513226,1747174559053,45.827,0
60e343946a7faddde88fbe3c,reading-task-config-3,yaml,6,1747174567701,1747174598761,31.06,0
60e343946a7faddde88fbe3c,reading-task-config-4,yaml,engines,1747174605267,1747174738900,133.633,0
60e343946a7faddde88fbe3c,reading-task-config-5,yaml,eslint,1747174749719,1747175016926,267.207,0
67e0333064ddada0e2fc6f1e,reading-task-config-1,yaml,7.9.0,1746774459118,1746774486241,27.123,0
67e0333064ddada0e2fc6f1e,reading-task-config-2,yaml,7.9.0,1746774498181,1746774517969,19.788,0
67e0333064ddada0e2fc6f1e,reading-task-config-3,yaml,6,1746774522846,1746774571556,48.71,0
67e0333064ddada0e2fc6f1e,reading-task-config-4,yaml,keywords,1746774585239,1746774628111,42.872,0
67e0333064ddada0e2fc6f1e,reading-task-config-5,yaml,d3-delaunay,1746774632753,1746774658831,26.078,0
5b3ec4332a5fbf00014eae57,reading-task-config-1,toml,7.9.0,1747346526402,1747346584585,58.183,0
5b3ec4332a5fbf00014eae57,reading-task-config-2,toml,>=12,1747346590463,1747346656200,65.737,0
5b3ec4332a5fbf00014eae57,reading-task-config-3,toml,6,1747346668669,1747346694736,26.067,0
5b3ec4332a5fbf00014eae57,reading-task-config-4,toml,keywords,1747346699465,1747346944217,244.752,1
5b3ec4332a5fbf00014eae57,reading-task-config-5,toml,d3-delaunay,1747346954006,1747347067106,113.1,0
66912d7bf9d35c08f6919958,reading-task-config-1,json,7.9.0,1746769875231,1746769955984,80.753,0
66912d7bf9d35c08f6919958,reading-task-config-2,json,7.9.0,1746769972874,1746769988780,15.906,0
66912d7bf9d35c08f6919958,reading-task-config-3,json,7,1746770000065,1746770118271,118.206,0
66912d7bf9d35c08f6919958,reading-task-config-4,json,keywords,1746770134692,1746770219691,84.999,0
66912d7bf9d35c08f6919958,reading-task-config-5,json,d3-time-format,1746770228721,1746770552893,324.172,0
6717980047b565ab5b849317,reading-task-config-1,hjson,7.9.0,1746769793833,1746769882555,88.722,0
6717980047b565ab5b849317,reading-task-config-2,hjson,12,1746769893475,1746769949286,55.811,0
6717980047b565ab5b849317,reading-task-config-3,hjson,6,1746769957884,1746770015295,57.411,0
6717980047b565ab5b849317,reading-task-config-4,hjson,keywords,1746770026056,1746770088702,62.646,0
6717980047b565ab5b849317,reading-task-config-5,hjson,d3-delaunay,1746770102891,1746770173832,70.941,0
651b29ff3a6cadf518640abe,reading-task-config-1,xml,7.9.0,1746768752222,1746768801578,49.356,0
651b29ff3a6cadf518640abe,reading-task-config-2,xml,>=12,1746768813043,1746768886829,73.786,0
651b29ff3a6cadf518640abe,reading-task-config-3,xml,6,1746768894259,1746769014110,119.851,0
651b29ff3a6cadf518640abe,reading-task-config-4,xml,keywords,1746769021845,1746769282639,260.794,0
651b29ff3a6cadf518640abe,reading-task-config-5,xml,d3-delaunay,1746769288690,1746769414153,125.463,0
6818ca1523ece90f671e3601,reading-task-config-1,json,7.9.0,1746769836678,1746769867687,31.009,0
6818ca1523ece90f671e3601,reading-task-config-2,json,>=12,1746769875334,1746769904836,29.502,0
6818ca1523ece90f671e3601,reading-task-config-3,json,6,1746769912140,1746769980072,67.932,0
6818ca1523ece90f671e3601,reading-task-config-4,json,keywords,1746769988283,1746770268247,279.964,0
6818ca1523ece90f671e3601,reading-task-config-5,json,d3-delaunay,1746770275967,1746770323583,47.616,0
67c1dd323984fa84ae83e162,reading-task-config-1,jsonc,keywords,1747175808848,1747176107754,298.906,2
67c1dd323984fa84ae83e162,reading-task-config-2,jsonc,>=12,1747176120213,1747176151450,31.237,0
67c1dd323984fa84ae83e162,reading-task-config-3,jsonc,6,1747176162566,1747176226456,63.89,0
67c1dd323984fa84ae83e162,reading-task-config-4,jsonc,keywords,1747176236624,1747176399481,162.857,0
67c1dd323984fa84ae83e162,reading-task-config-5,jsonc,eslint,1747176417982,1747176513252,95.27,0
67d2a409ab3638e33fc417b9,reading-task-config-1,hjson,7.9.0,1747348203497,1747348287629,84.132,0
67d2a409ab3638e33fc417b9,reading-task-config-2,hjson,>=12,1747348297103,1747348314244,17.141,0
67d2a409ab3638e33fc417b9,reading-task-config-3,hjson,4,1747348318875,1747348428653,109.778,0
67d2a409ab3638e33fc417b9,reading-task-config-4,hjson,keywords,1747348433752,1747348529885,96.133,0
67d2a409ab3638e33fc417b9,reading-task-config-5,hjson,d3-delaunay,1747348534757,1747348608997,74.24,0
66ec8f7ce843d25227820f97,reading-task-config-1,hjson,7.9.0,1747335077554,1747335253773,176.219,0
66ec8f7ce843d25227820f97,reading-task-config-2,hjson,>=12,1747335259505,1747335294741,35.236,0
66ec8f7ce843d25227820f97,reading-task-config-3,hjson,6,1747335301039,1747335401707,100.668,1
66ec8f7ce843d25227820f97,reading-task-config-4,hjson,keywords,1747335417670,1747335612241,194.571,1
66ec8f7ce843d25227820f97,reading-task-config-5,hjson,d3-delaunay,1747335623089,1747335697791,74.702,0
6680d2279263349cc005956a,reading-task-config-1,json,7.9.0,1746768881701,1746769486624,604.923,0
6680d2279263349cc005956a,reading-task-config-2,json,>=12,1746769494239,1746769521491,27.252,0
6680d2279263349cc005956a,reading-task-config-3,json,6,1746769526947,1746769585581,58.634,0
6680d2279263349cc005956a,reading-task-config-4,json,dependencies,1746769593119,1746769786900,193.781,0
6680d2279263349cc005956a,reading-task-config-5,json,d3-delaunay,1746769794684,1746769894438,99.754,0
6081728972120aa7f9685791,reading-task-config-1,json,7.9.0,1746768593565,1746768654797,61.232,0
6081728972120aa7f9685791,reading-task-config-2,json,>=12,1746768659356,1746768679810,20.454,0
6081728972120aa7f9685791,reading-task-config-3,json,6,1746768684305,1746768749319,65.014,0
6081728972120aa7f9685791,reading-task-config-4,json,keywords,1746768752141,1746769047105,294.964,0
6081728972120aa7f9685791,reading-task-config-5,json,d3-delaunay,1746769053309,1746769115537,62.228,0
67aca6831f2b0b79416bdb6c,reading-task-config-1,xml,^3.2.4,1747176249696,1747176435037,185.341,0
67aca6831f2b0b79416bdb6c,reading-task-config-2,xml,7.9.0,1747176441003,1747176476396,35.393,0
67aca6831f2b0b79416bdb6c,reading-task-config-3,xml,5,1747176481902,1747176487505,5.603,0
67aca6831f2b0b79416bdb6c,reading-task-config-4,xml,exports,1747176495610,1747176606086,110.476,1
67aca6831f2b0b79416bdb6c,reading-task-config-5,xml,d3-delaunay,1747176611112,1747176619462,8.35,0
675aaf0eb1b401136f37c475,reading-task-config-1,json,7.9.0,1747346382724,1747346483422,100.698,0
675aaf0eb1b401136f37c475,reading-task-config-2,json,>=12,1747346499402,1747346550894,51.492,0
675aaf0eb1b401136f37c475,reading-task-config-3,json,6,1747346562679,1747346629172,66.493,0
675aaf0eb1b401136f37c475,reading-task-config-4,json,keywords,1747346643019,1747346972480,329.461,1
675aaf0eb1b401136f37c475,reading-task-config-5,json,d3-delaunay,1747346984750,1747347069765,85.015,0
6723422d5f63c70998014b03,reading-task-config-1,jsonc,^3.2.4,1747346212748,1747346266630,53.882,0
6723422d5f63c70998014b03,reading-task-config-2,jsonc,>=12,1747346276821,1747346305826,29.005,0
6723422d5f63c70998014b03,reading-task-config-3,jsonc,6,1747346315592,1747346363366,47.774,0
6723422d5f63c70998014b03,reading-task-config-4,jsonc,author,1747346398740,1747346502522,103.782,0
6723422d5f63c70998014b03,reading-task-config-5,jsonc,@rollup/plugin-json,1747346515852,1747346638966,123.114,0
6554e79557e3d6be08e32ceb,reading-task-config-1,yaml,7.9.0,1746768223423,1746768288585,65.162,0
6554e79557e3d6be08e32ceb,reading-task-config-2,yaml,>=12,1746768302163,1746768377509,75.346,0
6554e79557e3d6be08e32ceb,reading-task-config-3,yaml,6,1746768384000,1746768412385,28.385,0
6554e79557e3d6be08e32ceb,reading-task-config-4,yaml,dependencies,1746768418068,1746768577451,159.383,0
6554e79557e3d6be08e32ceb,reading-task-config-5,yaml,d3-delaunay,1746768584506,1746768628007,43.501,0
645b519f108c046164a6d232,reading-task-config-1,yaml,7.9.0,1746767852259,1746767889970,37.711,0
645b519f108c046164a6d232,reading-task-config-2,yaml,>=12,1746767899541,1746767929587,30.046,0
645b519f108c046164a6d232,reading-task-config-3,yaml,6,1746767937131,1746767952594,15.463,0
645b519f108c046164a6d232,reading-task-config-4,yaml,keywords,1746767957898,1746768034434,76.536,0
645b519f108c046164a6d232,reading-task-config-5,yaml,d3-delaunay,1746768040009,1746768070067,30.058,0
589cd166b2a7180001f0527d,reading-task-config-1,jsonc,7.9.0,1747173973303,1747174026800,53.497,0
589cd166b2a7180001f0527d,reading-task-config-2,jsonc,d3,1747174039594,1747174153675,114.081,0
589cd166b2a7180001f0527d,reading-task-config-3,jsonc,6,1747174164168,1747174232922,68.754,0
589cd166b2a7180001f0527d,reading-task-config-4,jsonc,author,1747174241423,1747174369767,128.344,0
589cd166b2a7180001f0527d,reading-task-config-5,jsonc,d3-delaunay,1747174376732,1747174417487,40.755,0
6682a94b061954ae8483fb08,reading-task-config-1,toml,7.9.0,1746768919288,1746768962004,42.716,1
6682a94b061954ae8483fb08,reading-task-config-2,toml,>=12,1746768970161,1746768995362,25.201,0
6682a94b061954ae8483fb08,reading-task-config-3,toml,6,1746769000004,1746769022196,22.192,0
6682a94b061954ae8483fb08,reading-task-config-4,toml,keywords,1746769026005,1746769124702,98.697,0
6682a94b061954ae8483fb08,reading-task-config-5,toml,d3-delaunay,1746769133121,1746769175781,42.66,0
6735b2a6112cf17b7b8df8d1,reading-task-config-1,jsonc,7.9.0,1747173554708,1747173639521,84.813,1
6735b2a6112cf17b7b8df8d1,reading-task-config-2,jsonc,>=12,1747173647551,1747173821322,173.771,0
6735b2a6112cf17b7b8df8d1,reading-task-config-3,jsonc,6,1747173829025,1747174294882,465.857,0
6735b2a6112cf17b7b8df8d1,reading-task-config-4,jsonc,scripts,1747174302887,1747174729216,426.329,0
6735b2a6112cf17b7b8df8d1,reading-task-config-5,jsonc,d3-delaunay,1747174734080,1747174776339,42.259,0
67792abbab2fa21bf3644c09,reading-task-config-1,hjson,7.9.0,1746770025024,1746770703754,678.73,1
67792abbab2fa21bf3644c09,reading-task-config-2,hjson,d3,1746770717877,1746770993096,275.219,0
67792abbab2fa21bf3644c09,reading-task-config-3,hjson,6,1746771010547,1746771615439,604.892,0
67792abbab2fa21bf3644c09,reading-task-config-4,hjson,keywords,1746771623138,1746771861008,237.87,0
67792abbab2fa21bf3644c09,reading-task-config-5,hjson,d3-delaunay,1746771872996,1746771917148,44.152,0
5ea90bb434d5e337e98c7edd,reading-task-config-1,json5,7.9.0,1746768608479,1746768673937,65.458,0
5ea90bb434d5e337e98c7edd,reading-task-config-2,json5,>=12,1746768678657,1746768699797,21.14,0
5ea90bb434d5e337e98c7edd,reading-task-config-3,json5,6,1746768702814,1746768719712,16.898,0
5ea90bb434d5e337e98c7edd,reading-task-config-4,json5,keywords,1746768723918,1746768887162,163.244,0
5ea90bb434d5e337e98c7edd,reading-task-config-5,json5,d3-delaunay,1746768894538,1746768930282,35.744,0
677f8968bbb08bc37c8d2a4b,reading-task-config-1,xml,7.9.0,1746770750945,1746770881241,130.296,0
677f8968bbb08bc37c8d2a4b,reading-task-config-2,xml,>=12,1746770892037,1746770944377,52.34,0
677f8968bbb08bc37c8d2a4b,reading-task-config-3,xml,4,1746770956472,1746771083541,127.069,0
677f8968bbb08bc37c8d2a4b,reading-task-config-4,xml,scripts,1746771092748,1746771333485,240.737,0
677f8968bbb08bc37c8d2a4b,reading-task-config-5,xml,d3-contour,1746771343227,1746771428815,85.588,0
672f51ea346fba23ddd5a793,reading-task-config-1,xml,7.9.0,1746768774858,1746768892952,118.094,0
672f51ea346fba23ddd5a793,reading-task-config-2,xml,>=12,1746768906822,1746768959736,52.914,0
672f51ea346fba23ddd5a793,reading-task-config-3,xml,6,1746768966378,1746769017084,50.706,0
672f51ea346fba23ddd5a793,reading-task-config-4,xml,keywords,1746769032444,1746769314332,281.888,0
672f51ea346fba23ddd5a793,reading-task-config-5,xml,d3-delaunay,1746769320958,1746769502625,181.667,0
67d13a1ec91ae2216896de44,reading-task-config-1,json,7.9.0,1747174234966,1747174268034,33.068,0
67d13a1ec91ae2216896de44,reading-task-config-2,json,>=12,1747174276419,1747174603046,326.627,0
67d13a1ec91ae2216896de44,reading-task-config-3,json,4,1747174615982,1747174931207,315.225,0
67d13a1ec91ae2216896de44,reading-task-config-4,json,engines,1747174942005,1747175631966,689.961,0
67d13a1ec91ae2216896de44,reading-task-config-5,json,d3-delaunay,1747175636666,1747175836205,199.539,0
67bf5ad9c5a4637861cfd21e,reading-task-config-1,toml,7.9.0,1746769380405,1746769452827,72.422,0
67bf5ad9c5a4637861cfd21e,reading-task-config-2,toml,>=12,1746769462766,1746769505344,42.578,0
67bf5ad9c5a4637861cfd21e,reading-task-config-3,toml,6,1746769515070,1746769538630,23.56,0
67bf5ad9c5a4637861cfd21e,reading-task-config-4,toml,devDependencies,1746769547315,1746769607593,60.278,0
67bf5ad9c5a4637861cfd21e,reading-task-config-5,toml,d3-delaunay,1746769623608,1746769735981,112.373,0
616e5ae706e970fe0aff99b6,reading-task-config-1,hjson,7.9.0,1747345988822,1747346001373,12.551,0
616e5ae706e970fe0aff99b6,reading-task-config-2,hjson,>=12,1747346006112,1747346020934,14.822,0
616e5ae706e970fe0aff99b6,reading-task-config-3,hjson,6,1747346025267,1747346035664,10.397,0
616e5ae706e970fe0aff99b6,reading-task-config-4,hjson,keywords,1747346040290,1747346114059,73.769,0
616e5ae706e970fe0aff99b6,reading-task-config-5,hjson,d3-delaunay,1747346120373,1747346142335,21.962,0
66311bae532a469f4858933e,reading-task-config-1,toml,7.9.0,1747173865377,1747173946610,81.233,1
66311bae532a469f4858933e,reading-task-config-2,toml,>=12,1747173957864,1747174006200,48.336,0
66311bae532a469f4858933e,reading-task-config-3,toml,6,1747174010643,1747174043575,32.932,0
66311bae532a469f4858933e,reading-task-config-4,toml,keywords,1747174047023,1747174198537,151.514,2
66311bae532a469f4858933e,reading-task-config-5,toml,d3-delaunay,1747174202741,1747174309401,106.66,0
669284eabea5b8c9655927da,reading-task-config-1,yaml,git,1747337243892,1747337348179,104.287,0
669284eabea5b8c9655927da,reading-task-config-2,yaml,>=12,1747337360359,1747337396745,36.386,0
669284eabea5b8c9655927da,reading-task-config-3,yaml,6,1747337408151,1747337430822,22.671,0
669284eabea5b8c9655927da,reading-task-config-4,yaml,engines,1747337438005,1747337604242,166.237,0
669284eabea5b8c9655927da,reading-task-config-5,yaml,d3-delaunay,1747337612443,1747337789724,177.281,0
67da5ae29f57419143d2b99a,reading-task-config-1,jsonc,7.9.0,1746769739440,1746769917430,177.99,0
67da5ae29f57419143d2b99a,reading-task-config-2,jsonc,>=12,1746769924774,1746769957932,33.158,0
67da5ae29f57419143d2b99a,reading-task-config-3,jsonc,6,1746769973952,1746770002533,28.581,0
67da5ae29f57419143d2b99a,reading-task-config-4,jsonc,engines,1746770009841,1746770359788,349.947,0
67da5ae29f57419143d2b99a,reading-task-config-5,jsonc,@rollup/plugin-json,1746770367237,1746770430300,63.063,0
68138e7f96395f4c5f3a0a87,reading-task-config-1,json,7.9.0,1746779498264,1746779515109,16.845,0
68138e7f96395f4c5f3a0a87,reading-task-config-2,json,>=12,1746779528162,1746779560086,31.924,0
68138e7f96395f4c5f3a0a87,reading-task-config-3,json,6,1746779566900,1746779585889,18.989,0
68138e7f96395f4c5f3a0a87,reading-task-config-4,json,dependencies,1746779594490,1746779664693,70.203,0
68138e7f96395f4c5f3a0a87,reading-task-config-5,json,d3-delaunay,1746779672029,1746779710943,38.914,0
66684beba2a2d24645a6d782,reading-task-config-1,jsonc,keywords,1746770645257,1746770783904,138.647,0
66684beba2a2d24645a6d782,reading-task-config-2,jsonc,>=12,1746770794926,1746770837074,42.148,0
66684beba2a2d24645a6d782,reading-task-config-3,jsonc,6,1746770845651,1746770876564,30.913,0
66684beba2a2d24645a6d782,reading-task-config-4,jsonc,keywords,1746770885403,1746771040890,155.487,0
66684beba2a2d24645a6d782,reading-task-config-5,jsonc,d3-delaunay,1746771048856,1746771129420,80.564,0
660eafee7515c432e850362d,reading-task-config-1,hjson,git,1746768806108,1746768914533,108.425,0
660eafee7515c432e850362d,reading-task-config-2,hjson,>=12,1746768929970,1746769028594,98.624,0
660eafee7515c432e850362d,reading-task-config-3,hjson,6,1746769035747,1746769055003,19.256,0
660eafee7515c432e850362d,reading-task-config-4,hjson,keywords,1746769062753,1746769407369,344.616,0
660eafee7515c432e850362d,reading-task-config-5,hjson,d3-delaunay,1746769415588,1746769485725,70.137,0
62d7fef5538b81f205ba4656,reading-task-config-1,xml,7.9.0,1747337196639,1747337217354,20.715,0
62d7fef5538b81f205ba4656,reading-task-config-2,xml,>=12,1747337221280,1747337236441,15.161,0
62d7fef5538b81f205ba4656,reading-task-config-3,xml,6,1747337239090,1747337252667,13.577,0
62d7fef5538b81f205ba4656,reading-task-config-4,xml,keywords,1747337255410,1747337289485,34.075,0
62d7fef5538b81f205ba4656,reading-task-config-5,xml,d3-delaunay,1747337292626,1747337317661,25.035,0
67caa7fe00179edfb74d3e1a,reading-task-config-1,json5,7.9.0,1746771393841,1746772118743,724.902,0
67caa7fe00179edfb74d3e1a,reading-task-config-2,json5,>=12,1746772131521,1746772251048,119.527,0
67caa7fe00179edfb74d3e1a,reading-task-config-3,json5,6,1746772266611,1746772344711,78.1,0
67caa7fe00179edfb74d3e1a,reading-task-config-4,json5,exports,1746772364618,1746772848236,483.618,0
67caa7fe00179edfb74d3e1a,reading-task-config-5,json5,d3-delaunay,1746772858035,1746773056178,198.143,0
65fae23bd06ae76bcc297e8b,reading-task-config-1,hjson,^3.2.4,1746769188675,1746769401393,212.718,0
65fae23bd06ae76bcc297e8b,reading-task-config-2,hjson,>=12,1746769410553,1746769540259,129.706,0
65fae23bd06ae76bcc297e8b,reading-task-config-3,hjson,6,1746769551287,1746769639941,88.654,0
65fae23bd06ae76bcc297e8b,reading-task-config-4,hjson,exports,1746769646529,1746769907216,260.687,0
65fae23bd06ae76bcc297e8b,reading-task-config-5,hjson,d3-delaunay,1746769915703,1746769968290,52.587,0
588ab33542c8e900019d02ae,reading-task-config-1,jsonc,7.9.0,1747422717051,1747422734704,17.653,0
588ab33542c8e900019d02ae,reading-task-config-2,jsonc,>=12,1747422739940,1747422768145,28.205,0
588ab33542c8e900019d02ae,reading-task-config-3,jsonc,6,1747422772496,1747422790370,17.874,0
588ab33542c8e900019d02ae,reading-task-config-4,jsonc,engines,1747422794217,1747422895266,101.049,0
588ab33542c8e900019d02ae,reading-task-config-5,jsonc,@rollup/plugin-json,1747422900301,1747422931726,31.425,0
67f4ea448eb6a2b293c1f2fc,reading-task-config-1,json,7.9.0,1747338462682,1747338472613,9.931,0
67f4ea448eb6a2b293c1f2fc,reading-task-config-2,json,>=12,1747338484370,1747338499066,14.696,0
67f4ea448eb6a2b293c1f2fc,reading-task-config-3,json,5,1747338505202,1747338533166,27.964,0
67f4ea448eb6a2b293c1f2fc,reading-task-config-4,json,keywords,1747338540590,1747339396727,856.137,0
67f4ea448eb6a2b293c1f2fc,reading-task-config-5,json,d3-delaunay,1747339405264,1747339449484,44.22,0
65f4ab7884f8411c9e11a34e,reading-task-config-1,json5,7.9.0,1747173121706,1747173195531,73.825,0
65f4ab7884f8411c9e11a34e,reading-task-config-2,json5,>=12,1747173203399,1747173291747,88.348,0
65f4ab7884f8411c9e11a34e,reading-task-config-3,json5,6,1747173296842,1747173318087,21.245,0
65f4ab7884f8411c9e11a34e,reading-task-config-4,json5,keywords,1747173321878,1747173388289,66.411,0
65f4ab7884f8411c9e11a34e,reading-task-config-5,json5,d3-delaunay,1747173392029,1747173431556,39.527,0
611d0afbb2a19acfd012545b,reading-task-config-1,toml,7.9.0,1746768554617,1746768583573,28.956,0
611d0afbb2a19acfd012545b,reading-task-config-2,toml,>=12,1746768590104,1746768616737,26.633,0
611d0afbb2a19acfd012545b,reading-task-config-3,toml,6,1746768625084,1746768650958,25.874,0
611d0afbb2a19acfd012545b,reading-task-config-4,toml,dependencies,1746768658750,1746768813662,154.912,0
611d0afbb2a19acfd012545b,reading-task-config-5,toml,d3-delaunay,1746768821276,1746768862361,41.085,0
67406c1303bd39d206ff2b50,reading-task-config-1,xml,7.9.0,1746776218917,1746776317803,98.886,0
67406c1303bd39d206ff2b50,reading-task-config-2,xml,>=12,1746776332150,1746776373969,41.819,0
67406c1303bd39d206ff2b50,reading-task-config-3,xml,6,1746776381233,1746776431491,50.258,0
67406c1303bd39d206ff2b50,reading-task-config-4,xml,engines,1746776437186,1746776767212,330.026,0
67406c1303bd39d206ff2b50,reading-task-config-5,xml,d3-delaunay,1746776775770,1746776854677,78.907,0
61601e9a6b8306196d2a129c,reading-task-config-1,hjson,7.9.0,1746779243831,1746779283171,39.34,0
61601e9a6b8306196d2a129c,reading-task-config-2,hjson,>=12,1746779287511,1746779312139,24.628,0
61601e9a6b8306196d2a129c,reading-task-config-3,hjson,6,1746779316535,1746779345316,28.781,0
61601e9a6b8306196d2a129c,reading-task-config-4,hjson,keywords,1746779349433,1746779527005,177.572,0
61601e9a6b8306196d2a129c,reading-task-config-5,hjson,d3-delaunay,1746779533792,1746779601597,67.805,0
65fad6c874ac75642ffc254b,reading-task-config-1,hjson,7.9.0,1746768033837,1746768068606,34.769,0
65fad6c874ac75642ffc254b,reading-task-config-2,hjson,>=12,1746768076473,1746768104648,28.175,0
65fad6c874ac75642ffc254b,reading-task-config-3,hjson,6,1746768108072,1746768133078,25.006,0
65fad6c874ac75642ffc254b,reading-task-config-4,hjson,keywords,1746768138775,1746768216937,78.162,0
65fad6c874ac75642ffc254b,reading-task-config-5,hjson,d3-delaunay,1746768221114,1746768342710,121.596,0
606c7d27f4f3ae688332a55d,reading-task-config-1,toml,7.9.0,1747173034077,1747173069141,35.064,1
606c7d27f4f3ae688332a55d,reading-task-config-2,toml,>=12,1747173072421,1747173084936,12.515,0
606c7d27f4f3ae688332a55d,reading-task-config-3,toml,6,1747173088030,1747173098432,10.402,0
606c7d27f4f3ae688332a55d,reading-task-config-4,toml,keywords,1747173100720,1747173159267,58.547,0
606c7d27f4f3ae688332a55d,reading-task-config-5,toml,d3-delaunay,1747173166158,1747173182654,16.496,0
67f66486e35051403284eb5e,reading-task-config-1,xml,7.9.0,1746771968747,1746772429848,461.101,0
67f66486e35051403284eb5e,reading-task-config-2,xml,d3,1746772452408,1746772521899,69.491,0
67f66486e35051403284eb5e,reading-task-config-3,xml,6,1746772543247,1746772588151,44.904,0
67f66486e35051403284eb5e,reading-task-config-4,xml,keywords,1746772624258,1746772704588,80.33,0
67f66486e35051403284eb5e,reading-task-config-5,xml,d3-time-format,1746772715216,1746772782025,66.809,0
67a8fa10b4db1990f7372f01,reading-task-config-1,json5,7.9.0,1746768921904,1746769125312,203.408,0
67a8fa10b4db1990f7372f01,reading-task-config-2,json5,d3,1746769134761,1746769259456,124.695,0
67a8fa10b4db1990f7372f01,reading-task-config-3,json5,6,1746769264692,1746769278330,13.638,0
67a8fa10b4db1990f7372f01,reading-task-config-4,json5,keywords,1746769290058,1746769533821,243.763,0
67a8fa10b4db1990f7372f01,reading-task-config-5,json5,d3-delaunay,1746769540911,1746769559523,18.612,0
6094ce8d0764c24f352d1fe5,reading-task-config-1,hjson,7.9.0,1747340311849,1747340351094,39.245,0
6094ce8d0764c24f352d1fe5,reading-task-config-2,hjson,>=12,1747340357754,1747340433605,75.851,0
6094ce8d0764c24f352d1fe5,reading-task-config-3,hjson,6,1747340444092,1747340472453,28.361,0
6094ce8d0764c24f352d1fe5,reading-task-config-4,hjson,keywords,1747340477324,1747340684809,207.485,0
6094ce8d0764c24f352d1fe5,reading-task-config-5,hjson,d3-delaunay,1747340690349,1747340737921,47.572,0
6715c7aedee148c65c10509c,reading-task-config-1,yaml,7.9.0,1746767889775,1746767916756,26.981,0
6715c7aedee148c65c10509c,reading-task-config-2,yaml,12,1746767923004,1746767977472,54.468,0
6715c7aedee148c65c10509c,reading-task-config-3,yaml,6,1746767984976,1746767999174,14.198,0
6715c7aedee148c65c10509c,reading-task-config-4,yaml,keywords,1746768002758,1746768096027,93.269,0
6715c7aedee148c65c10509c,reading-task-config-5,yaml,d3-delaunay,1746768101189,1746768165805,64.616,0
664e413a5f3eb7f99d90e15b,reading-task-config-1,json,7.9.0,1746770534599,1746770670715,136.116,0
664e413a5f3eb7f99d90e15b,reading-task-config-2,json,>=12,1746770681405,1746770708369,26.964,0
664e413a5f3eb7f99d90e15b,reading-task-config-3,json,6,1746770713965,1746770741411,27.446,0
664e413a5f3eb7f99d90e15b,reading-task-config-4,json,engines,1746770747167,1746771000500,253.333,0
664e413a5f3eb7f99d90e15b,reading-task-config-5,json,d3-delaunay,1746771007897,1746771112117,104.22,0
65fb13bebfa339f73b4cf76a,reading-task-config-1,jsonc,7.9.0,1746770229389,1746770261048,31.659,0
65fb13bebfa339f73b4cf76a,reading-task-config-2,jsonc,d3,1746770266634,1746770288776,22.142,0
65fb13bebfa339f73b4cf76a,reading-task-config-3,jsonc,6,1746770295881,1746770307112,11.231,0
65fb13bebfa339f73b4cf76a,reading-task-config-4,jsonc,keywords,1746770311763,1746770369922,58.159,0
65fb13bebfa339f73b4cf76a,reading-task-config-5,jsonc,d3-delaunay,1746770377985,1746770425988,48.003,0
65fb236a5a78fcf672df7469,reading-task-config-1,json,7.9.0,1747425406194,1747425468545,62.351,0
65fb236a5a78fcf672df7469,reading-task-config-2,json,d3,1747425482420,1747425644022,161.602,3
65fb236a5a78fcf672df7469,reading-task-config-3,json,6,1747425651154,1747425729792,78.638,0
65fb236a5a78fcf672df7469,reading-task-config-4,json,keywords,1747425737993,1747426071282,333.289,1
65fb236a5a78fcf672df7469,reading-task-config-5,json,d3-delaunay,1747426081357,1747426150070,68.713,0
60f7c71d1cffec381351b0b3,reading-task-config-1,xml,7.9.0,1746768264444,1746768323521,59.077,0
60f7c71d1cffec381351b0b3,reading-task-config-2,xml,>=12,1746768333402,1746768368952,35.55,0
60f7c71d1cffec381351b0b3,reading-task-config-3,xml,6,1746768377423,1746768414114,36.691,0
60f7c71d1cffec381351b0b3,reading-task-config-4,xml,repository,1746768421832,1746768551843,130.011,0
60f7c71d1cffec381351b0b3,reading-task-config-5,xml,d3-delaunay,1746768559345,1746768629354,70.009,0
675330fb23080b9ae3ec8239,reading-task-config-1,json5,7.9.0,1746768964112,1746769017291,53.179,0
675330fb23080b9ae3ec8239,reading-task-config-2,json5,d3,1746769027261,1746769108258,80.997,0
675330fb23080b9ae3ec8239,reading-task-config-3,json5,6,1746769120757,1746769241751,120.994,0
675330fb23080b9ae3ec8239,reading-task-config-4,json5,keywords,1746769250350,1746769423780,173.43,0
675330fb23080b9ae3ec8239,reading-task-config-5,json5,d3-delaunay,1746769432367,1746769512486,80.119,0
671e39c25e5e3f340a6f21d4,reading-task-config-1,jsonc,7.9.0,1746769912240,1746770113538,201.298,0
671e39c25e5e3f340a6f21d4,reading-task-config-2,jsonc,>=12,1746770131458,1746770419675,288.217,0
671e39c25e5e3f340a6f21d4,reading-task-config-3,jsonc,6,1746770429202,1746770686553,257.351,0
671e39c25e5e3f340a6f21d4,reading-task-config-4,jsonc,engines,1746770701004,1746770896671,195.667,0
671e39c25e5e3f340a6f21d4,reading-task-config-5,jsonc,d3-delaunay,1746770904149,1746771427310,523.161,0
5fb4fcd1fce53c30649dd704,reading-task-config-1,xml,7.9.0,1746768409338,1746768462870,53.532,0
5fb4fcd1fce53c30649dd704,reading-task-config-2,xml,d3,1746768474861,1746768576227,101.366,0
5fb4fcd1fce53c30649dd704,reading-task-config-3,xml,6,1746768582963,1746768645762,62.799,0
5fb4fcd1fce53c30649dd704,reading-task-config-4,xml,keywords,1746768651753,1746768763029,111.276,0
5fb4fcd1fce53c30649dd704,reading-task-config-5,xml,d3-delaunay,1746768771249,1746768936389,165.14,0
67d0251c804fc17732eb948a,reading-task-config-1,toml,7.9.0,1746768818865,1746768874814,55.949,0
67d0251c804fc17732eb948a,reading-task-config-2,toml,>=12,1746768885227,1746768918697,33.47,0
67d0251c804fc17732eb948a,reading-task-config-3,toml,6,1746768928064,1746768962762,34.698,0
67d0251c804fc17732eb948a,reading-task-config-4,toml,exports,1746768969122,1746769233219,264.097,0
67d0251c804fc17732eb948a,reading-task-config-5,toml,d3-delaunay,1746769241712,1746769375375,133.663,0
67d11644421446068e1fec14,reading-task-config-1,toml,7.9.0,1747337167132,1747337323022,155.89,0
67d11644421446068e1fec14,reading-task-config-2,toml,>=12,1747337328363,1747337346338,17.975,0
67d11644421446068e1fec14,reading-task-config-3,toml,6,1747337350086,1747337401476,51.39,0
67d11644421446068e1fec14,reading-task-config-4,toml,engines,1747337405457,1747337487713,82.256,0
67d11644421446068e1fec14,reading-task-config-5,toml,d3-delaunay,1747337492809,1747337540324,47.515,0
67d0088c269b3e96d9ba6019,reading-task-config-1,hjson,keywords,1746770841098,1746771334527,493.429,1
67d0088c269b3e96d9ba6019,reading-task-config-2,hjson,>=12,1746771353851,1746771392682,38.831,0
67d0088c269b3e96d9ba6019,reading-task-config-3,hjson,6,1746771399750,1746771426173,26.423,0
67d0088c269b3e96d9ba6019,reading-task-config-4,hjson,dependencies,1746771433631,1746771546367,112.736,0
67d0088c269b3e96d9ba6019,reading-task-config-5,hjson,d3-contour,1746771552964,1746771629414,76.45,0
678a94ff1cf9f0775cb89e69,reading-task-config-1,hjson,keywords,1747174177251,1747174210799,33.548,0
678a94ff1cf9f0775cb89e69,reading-task-config-2,hjson,7.9.0,1747174219432,1747174228394,8.962,0
678a94ff1cf9f0775cb89e69,reading-task-config-3,hjson,6,1747174237779,1747174249674,11.895,0
678a94ff1cf9f0775cb89e69,reading-task-config-4,hjson,repository,1747174257210,1747174284667,27.457,0
678a94ff1cf9f0775cb89e69,reading-task-config-5,hjson,d3-time-format,1747174294484,1747174328559,34.075,0
67176f0792ed8c4064f61a2c,reading-task-config-1,json,7.9.0,1746775600120,1746775753537,153.417,1
67176f0792ed8c4064f61a2c,reading-task-config-2,json,>=12,1746775761771,1746775817472,55.701,0
67176f0792ed8c4064f61a2c,reading-task-config-3,json,6,1746775824362,1746775865654,41.292,0
67176f0792ed8c4064f61a2c,reading-task-config-4,json,author,1746775875575,1746776130322,254.747,0
67176f0792ed8c4064f61a2c,reading-task-config-5,json,d3-delaunay,1746776141765,1746776196713,54.948,0
678526627e48ded12935af38,reading-task-config-1,yaml,7.9.0,1746769243123,1746769268286,25.163,0
678526627e48ded12935af38,reading-task-config-2,yaml,12,1746769279094,1746769297863,18.769,0
678526627e48ded12935af38,reading-task-config-3,yaml,6,1746769308398,1746769325076,16.678,0
678526627e48ded12935af38,reading-task-config-4,yaml,engines,1746769330427,1746769384218,53.791,0
678526627e48ded12935af38,reading-task-config-5,yaml,d3-delaunay,1746769390258,1746769435240,44.982,0
6738d09a032bf7224008ce7e,reading-task-config-1,yaml,7.9.0,1747337388572,1747337516448,127.876,0
6738d09a032bf7224008ce7e,reading-task-config-2,yaml,>=12,1747337523192,1747337755352,232.16,0
6738d09a032bf7224008ce7e,reading-task-config-3,yaml,6,1747337762155,1747337833342,71.187,0
6738d09a032bf7224008ce7e,reading-task-config-4,yaml,keywords,1747337841022,1747337948489,107.467,0
6738d09a032bf7224008ce7e,reading-task-config-5,yaml,d3-delaunay,1747337954253,1747338114860,160.607,0
62d6d87d91cf24a3c1c0f10c,reading-task-config-1,hjson,7.9.0,1747335939997,1747335959138,19.141,0
62d6d87d91cf24a3c1c0f10c,reading-task-config-2,hjson,>=12,1747335963999,1747336045823,81.824,0
62d6d87d91cf24a3c1c0f10c,reading-task-config-3,hjson,6,1747336050037,1747336058678,8.641,0
62d6d87d91cf24a3c1c0f10c,reading-task-config-4,hjson,dependencies,1747336062981,1747336131395,68.414,0
62d6d87d91cf24a3c1c0f10c,reading-task-config-5,hjson,d3-delaunay,1747336140271,1747336167170,26.899,0
67c6ed1e12728e4fe7a1edf6,reading-task-config-1,jsonc,7.9.0,1747173582926,1747174194268,611.342,4
67c6ed1e12728e4fe7a1edf6,reading-task-config-2,jsonc,>=12,1747174205806,1747175234154,1028.348,1
67c6ed1e12728e4fe7a1edf6,reading-task-config-3,jsonc,6,1747175247221,1747175849492,602.271,1
67c6ed1e12728e4fe7a1edf6,reading-task-config-4,jsonc,keywords,1747175854135,1747175976516,122.381,1
67c6ed1e12728e4fe7a1edf6,reading-task-config-5,jsonc,d3-array,1747175981696,1747176161736,180.04,1
672b5998daafdbf9c43a531b,reading-task-config-1,jsonc,git,1746770580578,1746770596756,16.178,0
672b5998daafdbf9c43a531b,reading-task-config-2,jsonc,12,1746770606013,1746770619090,13.077,0
672b5998daafdbf9c43a531b,reading-task-config-3,jsonc,7,1746770627255,1746770644851,17.596,0
672b5998daafdbf9c43a531b,reading-task-config-4,jsonc,exports,1746770651390,1746770670361,18.971,0
672b5998daafdbf9c43a531b,reading-task-config-5,jsonc,d3-scale,1746770677174,1746770686795,9.621,0
5795af044a84da00014c5df1,reading-task-config-1,json,7.9.0,1746767878414,1746767914879,36.465,0
5795af044a84da00014c5df1,reading-task-config-2,json,>=12,1746767921337,1746767957403,36.066,0
5795af044a84da00014c5df1,reading-task-config-3,json,6,1746767963594,1746767975352,11.758,0
5795af044a84da00014c5df1,reading-task-config-4,json,engines,1746767980314,1746768210006,229.692,0
5795af044a84da00014c5df1,reading-task-config-5,json,d3-delaunay,1746768216176,1746768258747,42.571,0
65298aca34ac384b783169d4,reading-task-config-1,jsonc,7.9.0,1746768505583,1746768559507,53.924,0
65298aca34ac384b783169d4,reading-task-config-2,jsonc,>=12,1746768574703,1746768603480,28.777,0
65298aca34ac384b783169d4,reading-task-config-3,jsonc,6,1746768611919,1746768631965,20.046,0
65298aca34ac384b783169d4,reading-task-config-4,jsonc,keywords,1746768636883,1746768768434,131.551,0
65298aca34ac384b783169d4,reading-task-config-5,jsonc,d3-delaunay,1746768788097,1746768823301,35.204,0
681374d36d7bd7ccb6f914f5,reading-task-config-1,json5,7.9.0,1747341892730,1747341902621,9.891,0
681374d36d7bd7ccb6f914f5,reading-task-config-2,json5,>=12,1747341905748,1747341938397,32.649,0
681374d36d7bd7ccb6f914f5,reading-task-config-3,json5,6,1747341941403,1747341978943,37.54,0
681374d36d7bd7ccb6f914f5,reading-task-config-4,json5,engines,1747341981787,1747342014593,32.806,0
681374d36d7bd7ccb6f914f5,reading-task-config-5,json5,d3-delaunay,1747342018937,1747342065233,46.296,0
61287939bc5a971fc15333e4,reading-task-config-1,json,7.9.0,1746769037059,1746769093806,56.747,0
61287939bc5a971fc15333e4,reading-task-config-2,json,>=12,1746769111183,1746769174866,63.683,0
61287939bc5a971fc15333e4,reading-task-config-3,json,6,1746769184962,1746769259275,74.313,0
61287939bc5a971fc15333e4,reading-task-config-4,json,keywords,1746769269665,1746769473944,204.279,0
61287939bc5a971fc15333e4,reading-task-config-5,json,d3-delaunay,1746769485104,1746769582977,97.873,0
65feaaac53eb219f09ad5ea0,reading-task-config-1,toml,7.9.0,1746769650690,1746769777801,127.111,0
65feaaac53eb219f09ad5ea0,reading-task-config-2,toml,>=12,1746769788966,1746769918615,129.649,0
65feaaac53eb219f09ad5ea0,reading-task-config-3,toml,6,1746769929935,1746769969866,39.931,0
65feaaac53eb219f09ad5ea0,reading-task-config-4,toml,engines,1746769978206,1746770152893,174.687,0
65feaaac53eb219f09ad5ea0,reading-task-config-5,toml,d3-delaunay,1746770162423,1746770225440,63.017,0
5755c957eb80c4000741a9ce,reading-task-config-1,json5,7.9.0,1747173207813,1747173232182,24.369,0
5755c957eb80c4000741a9ce,reading-task-config-2,json5,>=12,1747173236950,1747173254843,17.893,0
5755c957eb80c4000741a9ce,reading-task-config-3,json5,6,1747173258132,1747173269971,11.839,0
5755c957eb80c4000741a9ce,reading-task-config-4,json5,keywords,1747173273236,1747173351520,78.284,0
5755c957eb80c4000741a9ce,reading-task-config-5,json5,d3-delaunay,1747173357678,1747173382340,24.662,0
6693d3ae2bd15cf7a058e6a7,reading-task-config-1,json5,keywords,1746769014007,1746769085941,71.934,0
6693d3ae2bd15cf7a058e6a7,reading-task-config-2,json5,>=12,1746769096033,1746769162103,66.07,0
6693d3ae2bd15cf7a058e6a7,reading-task-config-3,json5,6,1746769169113,1746769262696,93.583,0
6693d3ae2bd15cf7a058e6a7,reading-task-config-4,json5,keywords,1746769272252,1746769353947,81.695,0
6693d3ae2bd15cf7a058e6a7,reading-task-config-5,json5,d3-delaunay,1746769363267,1746769447999,84.732,0
60e2bf0aa568b97e8d525872,reading-task-config-1,toml,^3.2.4,1746768448205,1746768554754,106.549,0
60e2bf0aa568b97e8d525872,reading-task-config-2,toml,7.9.0,1746768564063,1746768644052,79.989,0
60e2bf0aa568b97e8d525872,reading-task-config-3,toml,6,1746768651308,1746768689601,38.293,0
60e2bf0aa568b97e8d525872,reading-task-config-4,toml,engines,1746768695787,1746768800890,105.103,0
60e2bf0aa568b97e8d525872,reading-task-config-5,toml,d3-delaunay,1746768806702,1746768839473,32.771,0
67d24179c5bd87691f1fe036,reading-task-config-1,yaml,7.9.0,1746768277045,1746768300312,23.267,0
67d24179c5bd87691f1fe036,reading-task-config-2,yaml,>=12,1746768304428,1746768319814,15.386,0
67d24179c5bd87691f1fe036,reading-task-config-3,yaml,6,1746768325629,1746768352198,26.569,0
67d24179c5bd87691f1fe036,reading-task-config-4,yaml,dependencies,1746768355852,1746769335954,980.102,5
67d24179c5bd87691f1fe036,reading-task-config-5,yaml,d3-delaunay,1746769341141,1746769497716,156.575,0
5c4f5967aac8be0001716a65,reading-task-config-1,xml,7.9.0,1747173003809,1747173078063,74.254,0
5c4f5967aac8be0001716a65,reading-task-config-2,xml,>=12,1747173082895,1747173104833,21.938,0
5c4f5967aac8be0001716a65,reading-task-config-3,xml,6,1747173109732,1747173135117,25.385,0
5c4f5967aac8be0001716a65,reading-task-config-4,xml,keywords,1747173138032,1747173255172,117.14,0
5c4f5967aac8be0001716a65,reading-task-config-5,xml,d3-delaunay,1747173259944,1747173290209,30.265,0
