participantId,task,score,score_z,format
64457bc906c125cebd4bf66b,reading-task-1,0.0,-2.3848480035423645,json5
64457bc906c125cebd4bf66b,reading-task-2,1.0,0.26457513110645925,json5
64457bc906c125cebd4bf66b,reading-task-3,1.0,0.6677918432759907,json5
64457bc906c125cebd4bf66b,reading-task-4,1.0,0.30304576336566325,json5
64457bc906c125cebd4bf66b,reading-task-5,1.0,0.8038369524685001,json5
6697c8b6d9d7baa7edd8c4d3,reading-task-1,1.0,0.41931393468876743,hjson
6697c8b6d9d7baa7edd8c4d3,reading-task-2,1.0,0.26457513110645925,hjson
6697c8b6d9d7baa7edd8c4d3,reading-task-3,1.0,0.6677918432759907,hjson
6697c8b6d9d7baa7edd8c4d3,reading-task-4,1.0,0.30304576336566325,hjson
6697c8b6d9d7baa7edd8c4d3,reading-task-5,0.0,-1.2440333788202975,hjson
67e25388d573ec2d5f1c8442,reading-task-1,1.0,0.41931393468876743,yaml
67e25388d573ec2d5f1c8442,reading-task-2,0.0,-3.7796447300922744,yaml
67e25388d573ec2d5f1c8442,reading-task-3,1.0,0.6677918432759907,yaml
67e25388d573ec2d5f1c8442,reading-task-4,1.0,0.30304576336566325,yaml
67e25388d573ec2d5f1c8442,reading-task-5,1.0,0.8038369524685001,yaml
67e5cf90b79d0874e1cf16b0,reading-task-1,1.0,0.41931393468876743,toml
67e5cf90b79d0874e1cf16b0,reading-task-2,1.0,0.26457513110645925,toml
67e5cf90b79d0874e1cf16b0,reading-task-3,1.0,0.6677918432759907,toml
67e5cf90b79d0874e1cf16b0,reading-task-4,1.0,0.30304576336566325,toml
67e5cf90b79d0874e1cf16b0,reading-task-5,1.0,0.8038369524685001,toml
67d00f24466a67ba7e41228e,reading-task-1,1.0,0.41931393468876743,toml
67d00f24466a67ba7e41228e,reading-task-2,1.0,0.26457513110645925,toml
67d00f24466a67ba7e41228e,reading-task-3,1.0,0.6677918432759907,toml
67d00f24466a67ba7e41228e,reading-task-4,1.0,0.30304576336566325,toml
67d00f24466a67ba7e41228e,reading-task-5,1.0,0.8038369524685001,toml
66475d6f7b27e4443ef0d031,reading-task-1,1.0,0.41931393468876743,json
66475d6f7b27e4443ef0d031,reading-task-2,1.0,0.26457513110645925,json
66475d6f7b27e4443ef0d031,reading-task-3,1.0,0.6677918432759907,json
66475d6f7b27e4443ef0d031,reading-task-4,1.0,0.30304576336566325,json
66475d6f7b27e4443ef0d031,reading-task-5,1.0,0.8038369524685001,json
6672d878f68b9e349b56e871,reading-task-1,1.0,0.41931393468876743,toml
6672d878f68b9e349b56e871,reading-task-2,1.0,0.26457513110645925,toml
6672d878f68b9e349b56e871,reading-task-3,1.0,0.6677918432759907,toml
6672d878f68b9e349b56e871,reading-task-4,1.0,0.30304576336566325,toml
6672d878f68b9e349b56e871,reading-task-5,1.0,0.8038369524685001,toml
67f5bb69760b211cdfe8021c,reading-task-1,1.0,0.41931393468876743,jsonc
67f5bb69760b211cdfe8021c,reading-task-2,1.0,0.26457513110645925,jsonc
67f5bb69760b211cdfe8021c,reading-task-3,1.0,0.6677918432759907,jsonc
67f5bb69760b211cdfe8021c,reading-task-4,1.0,0.30304576336566325,jsonc
67f5bb69760b211cdfe8021c,reading-task-5,1.0,0.8038369524685001,jsonc
67e571bef6af7ecd9c29ad72,reading-task-1,1.0,0.41931393468876743,json
67e571bef6af7ecd9c29ad72,reading-task-2,1.0,0.26457513110645925,json
67e571bef6af7ecd9c29ad72,reading-task-3,1.0,0.6677918432759907,json
67e571bef6af7ecd9c29ad72,reading-task-4,1.0,0.30304576336566325,json
67e571bef6af7ecd9c29ad72,reading-task-5,0.0,-1.2440333788202975,json
60f1f1d4ac991a259b83f603,reading-task-1,1.0,0.41931393468876743,json
60f1f1d4ac991a259b83f603,reading-task-2,1.0,0.26457513110645925,json
60f1f1d4ac991a259b83f603,reading-task-3,0.0,-1.4974726182552518,json
60f1f1d4ac991a259b83f603,reading-task-4,1.0,0.30304576336566325,json
60f1f1d4ac991a259b83f603,reading-task-5,1.0,0.8038369524685001,json
678f0bb28ec3307e4f1afb78,reading-task-1,1.0,0.41931393468876743,hjson
678f0bb28ec3307e4f1afb78,reading-task-2,1.0,0.26457513110645925,hjson
678f0bb28ec3307e4f1afb78,reading-task-3,1.0,0.6677918432759907,hjson
678f0bb28ec3307e4f1afb78,reading-task-4,1.0,0.30304576336566325,hjson
678f0bb28ec3307e4f1afb78,reading-task-5,1.0,0.8038369524685001,hjson
669b961e1c9cf30a26bb57d2,reading-task-1,1.0,0.41931393468876743,xml
669b961e1c9cf30a26bb57d2,reading-task-2,1.0,0.26457513110645925,xml
669b961e1c9cf30a26bb57d2,reading-task-3,1.0,0.6677918432759907,xml
669b961e1c9cf30a26bb57d2,reading-task-4,1.0,0.30304576336566325,xml
669b961e1c9cf30a26bb57d2,reading-task-5,1.0,0.8038369524685001,xml
673c13c9d37c8a73bc80b8ce,reading-task-1,1.0,0.41931393468876743,json
673c13c9d37c8a73bc80b8ce,reading-task-2,1.0,0.26457513110645925,json
673c13c9d37c8a73bc80b8ce,reading-task-3,1.0,0.6677918432759907,json
673c13c9d37c8a73bc80b8ce,reading-task-4,1.0,0.30304576336566325,json
673c13c9d37c8a73bc80b8ce,reading-task-5,0.0,-1.2440333788202975,json
66992f58a7964f557fc75f58,reading-task-1,1.0,0.41931393468876743,toml
66992f58a7964f557fc75f58,reading-task-2,1.0,0.26457513110645925,toml
66992f58a7964f557fc75f58,reading-task-3,1.0,0.6677918432759907,toml
66992f58a7964f557fc75f58,reading-task-4,1.0,0.30304576336566325,toml
66992f58a7964f557fc75f58,reading-task-5,1.0,0.8038369524685001,toml
60721c2da01b3a616edba9a7,reading-task-1,0.0,-2.3848480035423645,xml
60721c2da01b3a616edba9a7,reading-task-2,1.0,0.26457513110645925,xml
60721c2da01b3a616edba9a7,reading-task-3,0.0,-1.4974726182552518,xml
60721c2da01b3a616edba9a7,reading-task-4,1.0,0.30304576336566325,xml
60721c2da01b3a616edba9a7,reading-task-5,1.0,0.8038369524685001,xml
673e43cc760355e9e4f042a3,reading-task-1,1.0,0.41931393468876743,json5
673e43cc760355e9e4f042a3,reading-task-2,1.0,0.26457513110645925,json5
673e43cc760355e9e4f042a3,reading-task-3,0.0,-1.4974726182552518,json5
673e43cc760355e9e4f042a3,reading-task-4,1.0,0.30304576336566325,json5
673e43cc760355e9e4f042a3,reading-task-5,0.0,-1.2440333788202975,json5
60a0b744298c64d46b63e893,reading-task-1,1.0,0.41931393468876743,hjson
60a0b744298c64d46b63e893,reading-task-2,1.0,0.26457513110645925,hjson
60a0b744298c64d46b63e893,reading-task-3,1.0,0.6677918432759907,hjson
60a0b744298c64d46b63e893,reading-task-4,1.0,0.30304576336566325,hjson
60a0b744298c64d46b63e893,reading-task-5,1.0,0.8038369524685001,hjson
67dc19c31078d1581e39e75a,reading-task-1,0.0,-2.3848480035423645,yaml
67dc19c31078d1581e39e75a,reading-task-2,1.0,0.26457513110645925,yaml
67dc19c31078d1581e39e75a,reading-task-3,0.0,-1.4974726182552518,yaml
67dc19c31078d1581e39e75a,reading-task-4,1.0,0.30304576336566325,yaml
67dc19c31078d1581e39e75a,reading-task-5,0.0,-1.2440333788202975,yaml
678bad003d15e6aba1ee5a5d,reading-task-1,1.0,0.41931393468876743,jsonc
678bad003d15e6aba1ee5a5d,reading-task-2,1.0,0.26457513110645925,jsonc
678bad003d15e6aba1ee5a5d,reading-task-3,1.0,0.6677918432759907,jsonc
678bad003d15e6aba1ee5a5d,reading-task-4,1.0,0.30304576336566325,jsonc
678bad003d15e6aba1ee5a5d,reading-task-5,1.0,0.8038369524685001,jsonc
66cdfebcb908ea2717d06b6c,reading-task-1,1.0,0.41931393468876743,hjson
66cdfebcb908ea2717d06b6c,reading-task-2,1.0,0.26457513110645925,hjson
66cdfebcb908ea2717d06b6c,reading-task-3,1.0,0.6677918432759907,hjson
66cdfebcb908ea2717d06b6c,reading-task-4,1.0,0.30304576336566325,hjson
66cdfebcb908ea2717d06b6c,reading-task-5,0.0,-1.2440333788202975,hjson
67f0c5d37f91ceae5cb3b318,reading-task-1,1.0,0.41931393468876743,jsonc
67f0c5d37f91ceae5cb3b318,reading-task-2,1.0,0.26457513110645925,jsonc
67f0c5d37f91ceae5cb3b318,reading-task-3,1.0,0.6677918432759907,jsonc
67f0c5d37f91ceae5cb3b318,reading-task-4,1.0,0.30304576336566325,jsonc
67f0c5d37f91ceae5cb3b318,reading-task-5,1.0,0.8038369524685001,jsonc
56cb8858edf8da000b6df354,reading-task-1,1.0,0.41931393468876743,hjson
56cb8858edf8da000b6df354,reading-task-2,1.0,0.26457513110645925,hjson
56cb8858edf8da000b6df354,reading-task-3,1.0,0.6677918432759907,hjson
56cb8858edf8da000b6df354,reading-task-4,1.0,0.30304576336566325,hjson
56cb8858edf8da000b6df354,reading-task-5,1.0,0.8038369524685001,hjson
67aee0dfad3492b61a9ba0eb,reading-task-1,1.0,0.41931393468876743,jsonc
67aee0dfad3492b61a9ba0eb,reading-task-2,1.0,0.26457513110645925,jsonc
67aee0dfad3492b61a9ba0eb,reading-task-3,1.0,0.6677918432759907,jsonc
67aee0dfad3492b61a9ba0eb,reading-task-4,1.0,0.30304576336566325,jsonc
67aee0dfad3492b61a9ba0eb,reading-task-5,1.0,0.8038369524685001,jsonc
667971a555af1f83d3f29ae7,reading-task-1,1.0,0.41931393468876743,hjson
667971a555af1f83d3f29ae7,reading-task-2,1.0,0.26457513110645925,hjson
667971a555af1f83d3f29ae7,reading-task-3,1.0,0.6677918432759907,hjson
667971a555af1f83d3f29ae7,reading-task-4,1.0,0.30304576336566325,hjson
667971a555af1f83d3f29ae7,reading-task-5,1.0,0.8038369524685001,hjson
5c6414540821d30001046198,reading-task-1,1.0,0.41931393468876743,hjson
5c6414540821d30001046198,reading-task-2,1.0,0.26457513110645925,hjson
5c6414540821d30001046198,reading-task-3,1.0,0.6677918432759907,hjson
5c6414540821d30001046198,reading-task-4,1.0,0.30304576336566325,hjson
5c6414540821d30001046198,reading-task-5,1.0,0.8038369524685001,hjson
6788c1c724c24dc56b08790a,reading-task-1,1.0,0.41931393468876743,json5
6788c1c724c24dc56b08790a,reading-task-2,1.0,0.26457513110645925,json5
6788c1c724c24dc56b08790a,reading-task-3,0.0,-1.4974726182552518,json5
6788c1c724c24dc56b08790a,reading-task-4,1.0,0.30304576336566325,json5
6788c1c724c24dc56b08790a,reading-task-5,1.0,0.8038369524685001,json5
67adb520391eb17f214a50b4,reading-task-1,1.0,0.41931393468876743,yaml
67adb520391eb17f214a50b4,reading-task-2,1.0,0.26457513110645925,yaml
67adb520391eb17f214a50b4,reading-task-3,0.0,-1.4974726182552518,yaml
67adb520391eb17f214a50b4,reading-task-4,1.0,0.30304576336566325,yaml
67adb520391eb17f214a50b4,reading-task-5,1.0,0.8038369524685001,yaml
67d95269b47464c18da766ca,reading-task-1,0.0,-2.3848480035423645,xml
67d95269b47464c18da766ca,reading-task-2,1.0,0.26457513110645925,xml
67d95269b47464c18da766ca,reading-task-3,1.0,0.6677918432759907,xml
67d95269b47464c18da766ca,reading-task-4,1.0,0.30304576336566325,xml
67d95269b47464c18da766ca,reading-task-5,1.0,0.8038369524685001,xml
64275e53f51a5ed4f6b7d019,reading-task-1,1.0,0.41931393468876743,toml
64275e53f51a5ed4f6b7d019,reading-task-2,1.0,0.26457513110645925,toml
64275e53f51a5ed4f6b7d019,reading-task-3,1.0,0.6677918432759907,toml
64275e53f51a5ed4f6b7d019,reading-task-4,1.0,0.30304576336566325,toml
64275e53f51a5ed4f6b7d019,reading-task-5,1.0,0.8038369524685001,toml
6734346ca8e90c2da6fb4509,reading-task-1,0.0,-2.3848480035423645,jsonc
6734346ca8e90c2da6fb4509,reading-task-2,1.0,0.26457513110645925,jsonc
6734346ca8e90c2da6fb4509,reading-task-3,1.0,0.6677918432759907,jsonc
6734346ca8e90c2da6fb4509,reading-task-4,1.0,0.30304576336566325,jsonc
6734346ca8e90c2da6fb4509,reading-task-5,1.0,0.8038369524685001,jsonc
66049694dfb8828a8f3dce70,reading-task-1,1.0,0.41931393468876743,yaml
66049694dfb8828a8f3dce70,reading-task-2,1.0,0.26457513110645925,yaml
66049694dfb8828a8f3dce70,reading-task-3,1.0,0.6677918432759907,yaml
66049694dfb8828a8f3dce70,reading-task-4,1.0,0.30304576336566325,yaml
66049694dfb8828a8f3dce70,reading-task-5,1.0,0.8038369524685001,yaml
67ab214c2cde1be7c45535ac,reading-task-1,1.0,0.41931393468876743,jsonc
67ab214c2cde1be7c45535ac,reading-task-2,1.0,0.26457513110645925,jsonc
67ab214c2cde1be7c45535ac,reading-task-3,1.0,0.6677918432759907,jsonc
67ab214c2cde1be7c45535ac,reading-task-4,1.0,0.30304576336566325,jsonc
67ab214c2cde1be7c45535ac,reading-task-5,1.0,0.8038369524685001,jsonc
607728dc0b4f8590b94ae57c,reading-task-1,1.0,0.41931393468876743,jsonc
607728dc0b4f8590b94ae57c,reading-task-2,1.0,0.26457513110645925,jsonc
607728dc0b4f8590b94ae57c,reading-task-3,1.0,0.6677918432759907,jsonc
607728dc0b4f8590b94ae57c,reading-task-4,1.0,0.30304576336566325,jsonc
607728dc0b4f8590b94ae57c,reading-task-5,1.0,0.8038369524685001,jsonc
667c18ace97ab6869cb1c50e,reading-task-1,1.0,0.41931393468876743,hjson
667c18ace97ab6869cb1c50e,reading-task-2,1.0,0.26457513110645925,hjson
667c18ace97ab6869cb1c50e,reading-task-3,1.0,0.6677918432759907,hjson
667c18ace97ab6869cb1c50e,reading-task-4,1.0,0.30304576336566325,hjson
667c18ace97ab6869cb1c50e,reading-task-5,0.0,-1.2440333788202975,hjson
667ac09492ea0caadf488520,reading-task-1,0.0,-2.3848480035423645,json
667ac09492ea0caadf488520,reading-task-2,0.0,-3.7796447300922744,json
667ac09492ea0caadf488520,reading-task-3,0.0,-1.4974726182552518,json
667ac09492ea0caadf488520,reading-task-4,1.0,0.30304576336566325,json
667ac09492ea0caadf488520,reading-task-5,0.0,-1.2440333788202975,json
6740ae39809389d7da9de209,reading-task-1,1.0,0.41931393468876743,xml
6740ae39809389d7da9de209,reading-task-2,1.0,0.26457513110645925,xml
6740ae39809389d7da9de209,reading-task-3,1.0,0.6677918432759907,xml
6740ae39809389d7da9de209,reading-task-4,1.0,0.30304576336566325,xml
6740ae39809389d7da9de209,reading-task-5,1.0,0.8038369524685001,xml
67c246023b44ca64d40ae45a,reading-task-1,1.0,0.41931393468876743,json5
67c246023b44ca64d40ae45a,reading-task-2,1.0,0.26457513110645925,json5
67c246023b44ca64d40ae45a,reading-task-3,0.0,-1.4974726182552518,json5
67c246023b44ca64d40ae45a,reading-task-4,1.0,0.30304576336566325,json5
67c246023b44ca64d40ae45a,reading-task-5,0.0,-1.2440333788202975,json5
67debe02a893eea51e8d02f2,reading-task-1,1.0,0.41931393468876743,json
67debe02a893eea51e8d02f2,reading-task-2,1.0,0.26457513110645925,json
67debe02a893eea51e8d02f2,reading-task-3,1.0,0.6677918432759907,json
67debe02a893eea51e8d02f2,reading-task-4,1.0,0.30304576336566325,json
67debe02a893eea51e8d02f2,reading-task-5,1.0,0.8038369524685001,json
673d0377254c407e5da57f97,reading-task-1,1.0,0.41931393468876743,toml
673d0377254c407e5da57f97,reading-task-2,1.0,0.26457513110645925,toml
673d0377254c407e5da57f97,reading-task-3,1.0,0.6677918432759907,toml
673d0377254c407e5da57f97,reading-task-4,1.0,0.30304576336566325,toml
673d0377254c407e5da57f97,reading-task-5,1.0,0.8038369524685001,toml
62fd14d7b1e0729dc8aadb79,reading-task-1,1.0,0.41931393468876743,xml
62fd14d7b1e0729dc8aadb79,reading-task-2,1.0,0.26457513110645925,xml
62fd14d7b1e0729dc8aadb79,reading-task-3,1.0,0.6677918432759907,xml
62fd14d7b1e0729dc8aadb79,reading-task-4,1.0,0.30304576336566325,xml
62fd14d7b1e0729dc8aadb79,reading-task-5,1.0,0.8038369524685001,xml
5dafea4de40355001651fa2f,reading-task-1,1.0,0.41931393468876743,jsonc
5dafea4de40355001651fa2f,reading-task-2,1.0,0.26457513110645925,jsonc
5dafea4de40355001651fa2f,reading-task-3,0.0,-1.4974726182552518,jsonc
5dafea4de40355001651fa2f,reading-task-4,1.0,0.30304576336566325,jsonc
5dafea4de40355001651fa2f,reading-task-5,0.0,-1.2440333788202975,jsonc
6787e4bd2bf9557a90208f03,reading-task-1,1.0,0.41931393468876743,yaml
6787e4bd2bf9557a90208f03,reading-task-2,1.0,0.26457513110645925,yaml
6787e4bd2bf9557a90208f03,reading-task-3,1.0,0.6677918432759907,yaml
6787e4bd2bf9557a90208f03,reading-task-4,1.0,0.30304576336566325,yaml
6787e4bd2bf9557a90208f03,reading-task-5,1.0,0.8038369524685001,yaml
5e8a5a892f6f027054a83d88,reading-task-1,1.0,0.41931393468876743,toml
5e8a5a892f6f027054a83d88,reading-task-2,1.0,0.26457513110645925,toml
5e8a5a892f6f027054a83d88,reading-task-3,0.0,-1.4974726182552518,toml
5e8a5a892f6f027054a83d88,reading-task-4,1.0,0.30304576336566325,toml
5e8a5a892f6f027054a83d88,reading-task-5,1.0,0.8038369524685001,toml
67e4920c40c9561040ca01d0,reading-task-1,0.0,-2.3848480035423645,xml
67e4920c40c9561040ca01d0,reading-task-2,0.0,-3.7796447300922744,xml
67e4920c40c9561040ca01d0,reading-task-3,0.0,-1.4974726182552518,xml
67e4920c40c9561040ca01d0,reading-task-4,0.0,-3.299831645537221,xml
67e4920c40c9561040ca01d0,reading-task-5,0.0,-1.2440333788202975,xml
615200d54efc832849db2259,reading-task-1,1.0,0.41931393468876743,json
615200d54efc832849db2259,reading-task-2,1.0,0.26457513110645925,json
615200d54efc832849db2259,reading-task-3,1.0,0.6677918432759907,json
615200d54efc832849db2259,reading-task-4,1.0,0.30304576336566325,json
615200d54efc832849db2259,reading-task-5,1.0,0.8038369524685001,json
67f184a3b82990251abd1592,reading-task-1,1.0,0.41931393468876743,yaml
67f184a3b82990251abd1592,reading-task-2,1.0,0.26457513110645925,yaml
67f184a3b82990251abd1592,reading-task-3,0.0,-1.4974726182552518,yaml
67f184a3b82990251abd1592,reading-task-4,1.0,0.30304576336566325,yaml
67f184a3b82990251abd1592,reading-task-5,0.0,-1.2440333788202975,yaml
67bf88cc763aae600b429a3e,reading-task-1,1.0,0.41931393468876743,toml
67bf88cc763aae600b429a3e,reading-task-2,1.0,0.26457513110645925,toml
67bf88cc763aae600b429a3e,reading-task-3,1.0,0.6677918432759907,toml
67bf88cc763aae600b429a3e,reading-task-4,1.0,0.30304576336566325,toml
67bf88cc763aae600b429a3e,reading-task-5,0.0,-1.2440333788202975,toml
67a754a5c8614c52a939d87b,reading-task-1,1.0,0.41931393468876743,hjson
67a754a5c8614c52a939d87b,reading-task-2,1.0,0.26457513110645925,hjson
67a754a5c8614c52a939d87b,reading-task-3,1.0,0.6677918432759907,hjson
67a754a5c8614c52a939d87b,reading-task-4,1.0,0.30304576336566325,hjson
67a754a5c8614c52a939d87b,reading-task-5,1.0,0.8038369524685001,hjson
60fce3df91350150e2e88423,reading-task-1,1.0,0.41931393468876743,yaml
60fce3df91350150e2e88423,reading-task-2,1.0,0.26457513110645925,yaml
60fce3df91350150e2e88423,reading-task-3,1.0,0.6677918432759907,yaml
60fce3df91350150e2e88423,reading-task-4,1.0,0.30304576336566325,yaml
60fce3df91350150e2e88423,reading-task-5,1.0,0.8038369524685001,yaml
67d29234dbfdb6668d124115,reading-task-1,0.0,-2.3848480035423645,yaml
67d29234dbfdb6668d124115,reading-task-2,0.0,-3.7796447300922744,yaml
67d29234dbfdb6668d124115,reading-task-3,0.0,-1.4974726182552518,yaml
67d29234dbfdb6668d124115,reading-task-4,0.0,-3.299831645537221,yaml
67d29234dbfdb6668d124115,reading-task-5,0.0,-1.2440333788202975,yaml
65cf6d8a589a67afcab54e6f,reading-task-1,1.0,0.41931393468876743,hjson
65cf6d8a589a67afcab54e6f,reading-task-2,1.0,0.26457513110645925,hjson
65cf6d8a589a67afcab54e6f,reading-task-3,1.0,0.6677918432759907,hjson
65cf6d8a589a67afcab54e6f,reading-task-4,1.0,0.30304576336566325,hjson
65cf6d8a589a67afcab54e6f,reading-task-5,1.0,0.8038369524685001,hjson
672d98919cc177d28c204e76,reading-task-1,1.0,0.41931393468876743,json5
672d98919cc177d28c204e76,reading-task-2,1.0,0.26457513110645925,json5
672d98919cc177d28c204e76,reading-task-3,0.0,-1.4974726182552518,json5
672d98919cc177d28c204e76,reading-task-4,1.0,0.30304576336566325,json5
672d98919cc177d28c204e76,reading-task-5,1.0,0.8038369524685001,json5
66b0d065329001a04e5ae671,reading-task-1,1.0,0.41931393468876743,json
66b0d065329001a04e5ae671,reading-task-2,1.0,0.26457513110645925,json
66b0d065329001a04e5ae671,reading-task-3,1.0,0.6677918432759907,json
66b0d065329001a04e5ae671,reading-task-4,1.0,0.30304576336566325,json
66b0d065329001a04e5ae671,reading-task-5,0.0,-1.2440333788202975,json
67f1a4f8dd44e7cd5adffa29,reading-task-1,1.0,0.41931393468876743,json5
67f1a4f8dd44e7cd5adffa29,reading-task-2,1.0,0.26457513110645925,json5
67f1a4f8dd44e7cd5adffa29,reading-task-3,1.0,0.6677918432759907,json5
67f1a4f8dd44e7cd5adffa29,reading-task-4,1.0,0.30304576336566325,json5
67f1a4f8dd44e7cd5adffa29,reading-task-5,0.0,-1.2440333788202975,json5
5e3b5fa9255e7a37bc841135,reading-task-1,1.0,0.41931393468876743,json
5e3b5fa9255e7a37bc841135,reading-task-2,1.0,0.26457513110645925,json
5e3b5fa9255e7a37bc841135,reading-task-3,1.0,0.6677918432759907,json
5e3b5fa9255e7a37bc841135,reading-task-4,1.0,0.30304576336566325,json
5e3b5fa9255e7a37bc841135,reading-task-5,1.0,0.8038369524685001,json
677c52fe648cd68583dd3b1e,reading-task-1,1.0,0.41931393468876743,xml
677c52fe648cd68583dd3b1e,reading-task-2,1.0,0.26457513110645925,xml
677c52fe648cd68583dd3b1e,reading-task-3,1.0,0.6677918432759907,xml
677c52fe648cd68583dd3b1e,reading-task-4,1.0,0.30304576336566325,xml
677c52fe648cd68583dd3b1e,reading-task-5,1.0,0.8038369524685001,xml
5d30dfa68b1523000134878f,reading-task-1,1.0,0.41931393468876743,json
5d30dfa68b1523000134878f,reading-task-2,1.0,0.26457513110645925,json
5d30dfa68b1523000134878f,reading-task-3,1.0,0.6677918432759907,json
5d30dfa68b1523000134878f,reading-task-4,1.0,0.30304576336566325,json
5d30dfa68b1523000134878f,reading-task-5,1.0,0.8038369524685001,json
671a519900a99ebc15a67672,reading-task-1,1.0,0.41931393468876743,yaml
671a519900a99ebc15a67672,reading-task-2,1.0,0.26457513110645925,yaml
671a519900a99ebc15a67672,reading-task-3,0.0,-1.4974726182552518,yaml
671a519900a99ebc15a67672,reading-task-4,1.0,0.30304576336566325,yaml
671a519900a99ebc15a67672,reading-task-5,0.0,-1.2440333788202975,yaml
672ca6c0324ac26cdc0dd298,reading-task-1,1.0,0.41931393468876743,json5
672ca6c0324ac26cdc0dd298,reading-task-2,1.0,0.26457513110645925,json5
672ca6c0324ac26cdc0dd298,reading-task-3,0.0,-1.4974726182552518,json5
672ca6c0324ac26cdc0dd298,reading-task-4,0.0,-3.299831645537221,json5
672ca6c0324ac26cdc0dd298,reading-task-5,0.0,-1.2440333788202975,json5
67d7fa657f5ac0292a291a38,reading-task-1,1.0,0.41931393468876743,hjson
67d7fa657f5ac0292a291a38,reading-task-2,1.0,0.26457513110645925,hjson
67d7fa657f5ac0292a291a38,reading-task-3,0.0,-1.4974726182552518,hjson
67d7fa657f5ac0292a291a38,reading-task-4,1.0,0.30304576336566325,hjson
67d7fa657f5ac0292a291a38,reading-task-5,1.0,0.8038369524685001,hjson
677d185800ab83d1b0185d82,reading-task-1,1.0,0.41931393468876743,jsonc
677d185800ab83d1b0185d82,reading-task-2,1.0,0.26457513110645925,jsonc
677d185800ab83d1b0185d82,reading-task-3,0.0,-1.4974726182552518,jsonc
677d185800ab83d1b0185d82,reading-task-4,0.0,-3.299831645537221,jsonc
677d185800ab83d1b0185d82,reading-task-5,0.0,-1.2440333788202975,jsonc
5b68c9eb87af310001584803,reading-task-1,1.0,0.41931393468876743,json5
5b68c9eb87af310001584803,reading-task-2,1.0,0.26457513110645925,json5
5b68c9eb87af310001584803,reading-task-3,1.0,0.6677918432759907,json5
5b68c9eb87af310001584803,reading-task-4,1.0,0.30304576336566325,json5
5b68c9eb87af310001584803,reading-task-5,0.0,-1.2440333788202975,json5
6784ff2095dd9b97e969b01f,reading-task-1,1.0,0.41931393468876743,jsonc
6784ff2095dd9b97e969b01f,reading-task-2,1.0,0.26457513110645925,jsonc
6784ff2095dd9b97e969b01f,reading-task-3,1.0,0.6677918432759907,jsonc
6784ff2095dd9b97e969b01f,reading-task-4,1.0,0.30304576336566325,jsonc
6784ff2095dd9b97e969b01f,reading-task-5,0.0,-1.2440333788202975,jsonc
67eff2b1a264260e948a4d14,reading-task-1,1.0,0.41931393468876743,xml
67eff2b1a264260e948a4d14,reading-task-2,1.0,0.26457513110645925,xml
67eff2b1a264260e948a4d14,reading-task-3,1.0,0.6677918432759907,xml
67eff2b1a264260e948a4d14,reading-task-4,1.0,0.30304576336566325,xml
67eff2b1a264260e948a4d14,reading-task-5,0.0,-1.2440333788202975,xml
5ecc71c95c92c2000a9e9a19,reading-task-1,1.0,0.41931393468876743,jsonc
5ecc71c95c92c2000a9e9a19,reading-task-2,1.0,0.26457513110645925,jsonc
5ecc71c95c92c2000a9e9a19,reading-task-3,1.0,0.6677918432759907,jsonc
5ecc71c95c92c2000a9e9a19,reading-task-4,1.0,0.30304576336566325,jsonc
5ecc71c95c92c2000a9e9a19,reading-task-5,1.0,0.8038369524685001,jsonc
61267b828ead584bcf092e35,reading-task-1,1.0,0.41931393468876743,hjson
61267b828ead584bcf092e35,reading-task-2,1.0,0.26457513110645925,hjson
61267b828ead584bcf092e35,reading-task-3,1.0,0.6677918432759907,hjson
61267b828ead584bcf092e35,reading-task-4,1.0,0.30304576336566325,hjson
61267b828ead584bcf092e35,reading-task-5,1.0,0.8038369524685001,hjson
6501c0a2e788b5556c24569d,reading-task-1,1.0,0.41931393468876743,xml
6501c0a2e788b5556c24569d,reading-task-2,1.0,0.26457513110645925,xml
6501c0a2e788b5556c24569d,reading-task-3,1.0,0.6677918432759907,xml
6501c0a2e788b5556c24569d,reading-task-4,1.0,0.30304576336566325,xml
6501c0a2e788b5556c24569d,reading-task-5,1.0,0.8038369524685001,xml
637d8ca00150ac6e71a34ec9,reading-task-1,1.0,0.41931393468876743,yaml
637d8ca00150ac6e71a34ec9,reading-task-2,1.0,0.26457513110645925,yaml
637d8ca00150ac6e71a34ec9,reading-task-3,1.0,0.6677918432759907,yaml
637d8ca00150ac6e71a34ec9,reading-task-4,1.0,0.30304576336566325,yaml
637d8ca00150ac6e71a34ec9,reading-task-5,1.0,0.8038369524685001,yaml
67cb01a82dda2577eb6ee320,reading-task-1,1.0,0.41931393468876743,json
67cb01a82dda2577eb6ee320,reading-task-2,1.0,0.26457513110645925,json
67cb01a82dda2577eb6ee320,reading-task-3,1.0,0.6677918432759907,json
67cb01a82dda2577eb6ee320,reading-task-4,1.0,0.30304576336566325,json
67cb01a82dda2577eb6ee320,reading-task-5,0.0,-1.2440333788202975,json
67e17bac09359e09118892b4,reading-task-1,1.0,0.41931393468876743,json5
67e17bac09359e09118892b4,reading-task-2,1.0,0.26457513110645925,json5
67e17bac09359e09118892b4,reading-task-3,1.0,0.6677918432759907,json5
67e17bac09359e09118892b4,reading-task-4,1.0,0.30304576336566325,json5
67e17bac09359e09118892b4,reading-task-5,0.0,-1.2440333788202975,json5
6606b31155457e4f162ecf5a,reading-task-1,1.0,0.41931393468876743,json5
6606b31155457e4f162ecf5a,reading-task-2,1.0,0.26457513110645925,json5
6606b31155457e4f162ecf5a,reading-task-3,1.0,0.6677918432759907,json5
6606b31155457e4f162ecf5a,reading-task-4,1.0,0.30304576336566325,json5
6606b31155457e4f162ecf5a,reading-task-5,1.0,0.8038369524685001,json5
63e5b3e89a3823139cb9d35e,reading-task-1,1.0,0.41931393468876743,toml
63e5b3e89a3823139cb9d35e,reading-task-2,1.0,0.26457513110645925,toml
63e5b3e89a3823139cb9d35e,reading-task-3,1.0,0.6677918432759907,toml
63e5b3e89a3823139cb9d35e,reading-task-4,1.0,0.30304576336566325,toml
63e5b3e89a3823139cb9d35e,reading-task-5,1.0,0.8038369524685001,toml
66bb6b7e0ccbed81f3ed30a8,reading-task-1,1.0,0.41931393468876743,xml
66bb6b7e0ccbed81f3ed30a8,reading-task-2,1.0,0.26457513110645925,xml
66bb6b7e0ccbed81f3ed30a8,reading-task-3,0.0,-1.4974726182552518,xml
66bb6b7e0ccbed81f3ed30a8,reading-task-4,1.0,0.30304576336566325,xml
66bb6b7e0ccbed81f3ed30a8,reading-task-5,0.0,-1.2440333788202975,xml
6753746b1f8827e2bd586bf0,reading-task-1,0.0,-2.3848480035423645,xml
6753746b1f8827e2bd586bf0,reading-task-2,1.0,0.26457513110645925,xml
6753746b1f8827e2bd586bf0,reading-task-3,0.0,-1.4974726182552518,xml
6753746b1f8827e2bd586bf0,reading-task-4,1.0,0.30304576336566325,xml
6753746b1f8827e2bd586bf0,reading-task-5,0.0,-1.2440333788202975,xml
67cd944859dabbd1d4552d39,reading-task-1,1.0,0.41931393468876743,json
67cd944859dabbd1d4552d39,reading-task-2,1.0,0.26457513110645925,json
67cd944859dabbd1d4552d39,reading-task-3,1.0,0.6677918432759907,json
67cd944859dabbd1d4552d39,reading-task-4,1.0,0.30304576336566325,json
67cd944859dabbd1d4552d39,reading-task-5,1.0,0.8038369524685001,json
57c357770e6a1f00015f6038,reading-task-1,1.0,0.41931393468876743,json
57c357770e6a1f00015f6038,reading-task-2,1.0,0.26457513110645925,json
57c357770e6a1f00015f6038,reading-task-3,1.0,0.6677918432759907,json
57c357770e6a1f00015f6038,reading-task-4,1.0,0.30304576336566325,json
57c357770e6a1f00015f6038,reading-task-5,1.0,0.8038369524685001,json
67d188bcc201cc08eac23f92,reading-task-1,1.0,0.41931393468876743,json5
67d188bcc201cc08eac23f92,reading-task-2,1.0,0.26457513110645925,json5
67d188bcc201cc08eac23f92,reading-task-3,0.0,-1.4974726182552518,json5
67d188bcc201cc08eac23f92,reading-task-4,1.0,0.30304576336566325,json5
67d188bcc201cc08eac23f92,reading-task-5,0.0,-1.2440333788202975,json5
67f3619e16d4ca195fbd1bd0,reading-task-1,1.0,0.41931393468876743,yaml
67f3619e16d4ca195fbd1bd0,reading-task-2,1.0,0.26457513110645925,yaml
67f3619e16d4ca195fbd1bd0,reading-task-3,0.0,-1.4974726182552518,yaml
67f3619e16d4ca195fbd1bd0,reading-task-4,1.0,0.30304576336566325,yaml
67f3619e16d4ca195fbd1bd0,reading-task-5,1.0,0.8038369524685001,yaml
66781db404eab5e142f849d9,reading-task-1,0.0,-2.3848480035423645,jsonc
66781db404eab5e142f849d9,reading-task-2,1.0,0.26457513110645925,jsonc
66781db404eab5e142f849d9,reading-task-3,1.0,0.6677918432759907,jsonc
66781db404eab5e142f849d9,reading-task-4,0.0,-3.299831645537221,jsonc
66781db404eab5e142f849d9,reading-task-5,0.0,-1.2440333788202975,jsonc
667c2175b570aa694ce2f63c,reading-task-1,1.0,0.41931393468876743,toml
667c2175b570aa694ce2f63c,reading-task-2,1.0,0.26457513110645925,toml
667c2175b570aa694ce2f63c,reading-task-3,1.0,0.6677918432759907,toml
667c2175b570aa694ce2f63c,reading-task-4,1.0,0.30304576336566325,toml
667c2175b570aa694ce2f63c,reading-task-5,0.0,-1.2440333788202975,toml
67d1283c8f6169900d0072d2,reading-task-1,1.0,0.41931393468876743,yaml
67d1283c8f6169900d0072d2,reading-task-2,0.0,-3.7796447300922744,yaml
67d1283c8f6169900d0072d2,reading-task-3,0.0,-1.4974726182552518,yaml
67d1283c8f6169900d0072d2,reading-task-4,1.0,0.30304576336566325,yaml
67d1283c8f6169900d0072d2,reading-task-5,1.0,0.8038369524685001,yaml
5f29eff59714081a3594a331,reading-task-1,1.0,0.41931393468876743,json
5f29eff59714081a3594a331,reading-task-2,1.0,0.26457513110645925,json
5f29eff59714081a3594a331,reading-task-3,1.0,0.6677918432759907,json
5f29eff59714081a3594a331,reading-task-4,1.0,0.30304576336566325,json
5f29eff59714081a3594a331,reading-task-5,1.0,0.8038369524685001,json
65be552ceed6a0595fa1feb5,reading-task-1,1.0,0.41931393468876743,json
65be552ceed6a0595fa1feb5,reading-task-2,1.0,0.26457513110645925,json
65be552ceed6a0595fa1feb5,reading-task-3,0.0,-1.4974726182552518,json
65be552ceed6a0595fa1feb5,reading-task-4,1.0,0.30304576336566325,json
65be552ceed6a0595fa1feb5,reading-task-5,0.0,-1.2440333788202975,json
6577a27da9f5297d49f38e6f,reading-task-1,1.0,0.41931393468876743,hjson
6577a27da9f5297d49f38e6f,reading-task-2,1.0,0.26457513110645925,hjson
6577a27da9f5297d49f38e6f,reading-task-3,1.0,0.6677918432759907,hjson
6577a27da9f5297d49f38e6f,reading-task-4,1.0,0.30304576336566325,hjson
6577a27da9f5297d49f38e6f,reading-task-5,0.0,-1.2440333788202975,hjson
67eefd0739d752c54dd52686,reading-task-1,0.0,-2.3848480035423645,toml
67eefd0739d752c54dd52686,reading-task-2,1.0,0.26457513110645925,toml
67eefd0739d752c54dd52686,reading-task-3,0.0,-1.4974726182552518,toml
67eefd0739d752c54dd52686,reading-task-4,1.0,0.30304576336566325,toml
67eefd0739d752c54dd52686,reading-task-5,0.0,-1.2440333788202975,toml
67e12acb51605ac16c227598,reading-task-1,1.0,0.41931393468876743,jsonc
67e12acb51605ac16c227598,reading-task-2,1.0,0.26457513110645925,jsonc
67e12acb51605ac16c227598,reading-task-3,0.0,-1.4974726182552518,jsonc
67e12acb51605ac16c227598,reading-task-4,1.0,0.30304576336566325,jsonc
67e12acb51605ac16c227598,reading-task-5,0.0,-1.2440333788202975,jsonc
67d9788747176969d8d0fa1d,reading-task-1,1.0,0.41931393468876743,hjson
67d9788747176969d8d0fa1d,reading-task-2,1.0,0.26457513110645925,hjson
67d9788747176969d8d0fa1d,reading-task-3,1.0,0.6677918432759907,hjson
67d9788747176969d8d0fa1d,reading-task-4,1.0,0.30304576336566325,hjson
67d9788747176969d8d0fa1d,reading-task-5,0.0,-1.2440333788202975,hjson
669a84e18da4349ece0ea67c,reading-task-1,0.0,-2.3848480035423645,xml
669a84e18da4349ece0ea67c,reading-task-2,1.0,0.26457513110645925,xml
669a84e18da4349ece0ea67c,reading-task-3,0.0,-1.4974726182552518,xml
669a84e18da4349ece0ea67c,reading-task-4,1.0,0.30304576336566325,xml
669a84e18da4349ece0ea67c,reading-task-5,0.0,-1.2440333788202975,xml
67d548b5aa5737666a77a6d2,reading-task-1,0.0,-2.3848480035423645,json5
67d548b5aa5737666a77a6d2,reading-task-2,1.0,0.26457513110645925,json5
67d548b5aa5737666a77a6d2,reading-task-3,0.0,-1.4974726182552518,json5
67d548b5aa5737666a77a6d2,reading-task-4,0.0,-3.299831645537221,json5
67d548b5aa5737666a77a6d2,reading-task-5,1.0,0.8038369524685001,json5
67ab57e88fd0774428bd1f32,reading-task-1,1.0,0.41931393468876743,xml
67ab57e88fd0774428bd1f32,reading-task-2,1.0,0.26457513110645925,xml
67ab57e88fd0774428bd1f32,reading-task-3,1.0,0.6677918432759907,xml
67ab57e88fd0774428bd1f32,reading-task-4,1.0,0.30304576336566325,xml
67ab57e88fd0774428bd1f32,reading-task-5,1.0,0.8038369524685001,xml
667983594f7d5d70a78c6e5a,reading-task-1,1.0,0.41931393468876743,json
667983594f7d5d70a78c6e5a,reading-task-2,1.0,0.26457513110645925,json
667983594f7d5d70a78c6e5a,reading-task-3,1.0,0.6677918432759907,json
667983594f7d5d70a78c6e5a,reading-task-4,1.0,0.30304576336566325,json
667983594f7d5d70a78c6e5a,reading-task-5,1.0,0.8038369524685001,json
67f913a9b5c79e960807c7e3,reading-task-1,1.0,0.41931393468876743,yaml
67f913a9b5c79e960807c7e3,reading-task-2,1.0,0.26457513110645925,yaml
67f913a9b5c79e960807c7e3,reading-task-3,0.0,-1.4974726182552518,yaml
67f913a9b5c79e960807c7e3,reading-task-4,1.0,0.30304576336566325,yaml
67f913a9b5c79e960807c7e3,reading-task-5,1.0,0.8038369524685001,yaml
672003022f1b667a20157c45,reading-task-1,0.0,-2.3848480035423645,yaml
672003022f1b667a20157c45,reading-task-2,0.0,-3.7796447300922744,yaml
672003022f1b667a20157c45,reading-task-3,1.0,0.6677918432759907,yaml
672003022f1b667a20157c45,reading-task-4,1.0,0.30304576336566325,yaml
672003022f1b667a20157c45,reading-task-5,1.0,0.8038369524685001,yaml
671b65fe04c301eb14263ba5,reading-task-1,1.0,0.41931393468876743,toml
671b65fe04c301eb14263ba5,reading-task-2,1.0,0.26457513110645925,toml
671b65fe04c301eb14263ba5,reading-task-3,1.0,0.6677918432759907,toml
671b65fe04c301eb14263ba5,reading-task-4,1.0,0.30304576336566325,toml
671b65fe04c301eb14263ba5,reading-task-5,1.0,0.8038369524685001,toml
6787d648d7b1963c661f9443,reading-task-1,1.0,0.41931393468876743,json5
6787d648d7b1963c661f9443,reading-task-2,1.0,0.26457513110645925,json5
6787d648d7b1963c661f9443,reading-task-3,1.0,0.6677918432759907,json5
6787d648d7b1963c661f9443,reading-task-4,0.0,-3.299831645537221,json5
6787d648d7b1963c661f9443,reading-task-5,0.0,-1.2440333788202975,json5
66a9285501ac98053902d481,reading-task-1,1.0,0.41931393468876743,toml
66a9285501ac98053902d481,reading-task-2,1.0,0.26457513110645925,toml
66a9285501ac98053902d481,reading-task-3,1.0,0.6677918432759907,toml
66a9285501ac98053902d481,reading-task-4,1.0,0.30304576336566325,toml
66a9285501ac98053902d481,reading-task-5,0.0,-1.2440333788202975,toml
66a662a0a709312db9de01f2,reading-task-1,1.0,0.41931393468876743,jsonc
66a662a0a709312db9de01f2,reading-task-2,1.0,0.26457513110645925,jsonc
66a662a0a709312db9de01f2,reading-task-3,1.0,0.6677918432759907,jsonc
66a662a0a709312db9de01f2,reading-task-4,1.0,0.30304576336566325,jsonc
66a662a0a709312db9de01f2,reading-task-5,0.0,-1.2440333788202975,jsonc
66b246951b9aefec80b7158a,reading-task-1,1.0,0.41931393468876743,json
66b246951b9aefec80b7158a,reading-task-2,1.0,0.26457513110645925,json
66b246951b9aefec80b7158a,reading-task-3,1.0,0.6677918432759907,json
66b246951b9aefec80b7158a,reading-task-4,1.0,0.30304576336566325,json
66b246951b9aefec80b7158a,reading-task-5,1.0,0.8038369524685001,json
5d766978f47e6200019a2acf,reading-task-1,1.0,0.41931393468876743,yaml
5d766978f47e6200019a2acf,reading-task-2,1.0,0.26457513110645925,yaml
5d766978f47e6200019a2acf,reading-task-3,1.0,0.6677918432759907,yaml
5d766978f47e6200019a2acf,reading-task-4,1.0,0.30304576336566325,yaml
5d766978f47e6200019a2acf,reading-task-5,1.0,0.8038369524685001,yaml
677d32c679491be18090225b,reading-task-1,1.0,0.41931393468876743,xml
677d32c679491be18090225b,reading-task-2,1.0,0.26457513110645925,xml
677d32c679491be18090225b,reading-task-3,0.0,-1.4974726182552518,xml
677d32c679491be18090225b,reading-task-4,0.0,-3.299831645537221,xml
677d32c679491be18090225b,reading-task-5,0.0,-1.2440333788202975,xml
67d163e7b7bcc1e9718e01da,reading-task-1,1.0,0.41931393468876743,json5
67d163e7b7bcc1e9718e01da,reading-task-2,0.0,-3.7796447300922744,json5
67d163e7b7bcc1e9718e01da,reading-task-3,0.0,-1.4974726182552518,json5
67d163e7b7bcc1e9718e01da,reading-task-4,1.0,0.30304576336566325,json5
67d163e7b7bcc1e9718e01da,reading-task-5,1.0,0.8038369524685001,json5
665c5d94303fdf202ac9ded0,reading-task-1,0.0,-2.3848480035423645,toml
665c5d94303fdf202ac9ded0,reading-task-2,1.0,0.26457513110645925,toml
665c5d94303fdf202ac9ded0,reading-task-3,1.0,0.6677918432759907,toml
665c5d94303fdf202ac9ded0,reading-task-4,1.0,0.30304576336566325,toml
665c5d94303fdf202ac9ded0,reading-task-5,0.0,-1.2440333788202975,toml
67ab650c320eccf6141d4010,reading-task-1,0.0,-2.3848480035423645,jsonc
67ab650c320eccf6141d4010,reading-task-2,1.0,0.26457513110645925,jsonc
67ab650c320eccf6141d4010,reading-task-3,0.0,-1.4974726182552518,jsonc
67ab650c320eccf6141d4010,reading-task-4,0.0,-3.299831645537221,jsonc
67ab650c320eccf6141d4010,reading-task-5,0.0,-1.2440333788202975,jsonc
65fad673a546ab14baf2f8d3,reading-task-1,1.0,0.41931393468876743,json5
65fad673a546ab14baf2f8d3,reading-task-2,1.0,0.26457513110645925,json5
65fad673a546ab14baf2f8d3,reading-task-3,1.0,0.6677918432759907,json5
65fad673a546ab14baf2f8d3,reading-task-4,1.0,0.30304576336566325,json5
65fad673a546ab14baf2f8d3,reading-task-5,1.0,0.8038369524685001,json5
67f1c7bd6f1c4a3d8deae02f,reading-task-1,1.0,0.41931393468876743,toml
67f1c7bd6f1c4a3d8deae02f,reading-task-2,1.0,0.26457513110645925,toml
67f1c7bd6f1c4a3d8deae02f,reading-task-3,1.0,0.6677918432759907,toml
67f1c7bd6f1c4a3d8deae02f,reading-task-4,1.0,0.30304576336566325,toml
67f1c7bd6f1c4a3d8deae02f,reading-task-5,1.0,0.8038369524685001,toml
67adb27bd5f5776fcb16da62,reading-task-1,1.0,0.41931393468876743,hjson
67adb27bd5f5776fcb16da62,reading-task-2,1.0,0.26457513110645925,hjson
67adb27bd5f5776fcb16da62,reading-task-3,0.0,-1.4974726182552518,hjson
67adb27bd5f5776fcb16da62,reading-task-4,1.0,0.30304576336566325,hjson
67adb27bd5f5776fcb16da62,reading-task-5,1.0,0.8038369524685001,hjson
6675c40cdc52b37294f0514e,reading-task-1,1.0,0.41931393468876743,hjson
6675c40cdc52b37294f0514e,reading-task-2,1.0,0.26457513110645925,hjson
6675c40cdc52b37294f0514e,reading-task-3,1.0,0.6677918432759907,hjson
6675c40cdc52b37294f0514e,reading-task-4,1.0,0.30304576336566325,hjson
6675c40cdc52b37294f0514e,reading-task-5,0.0,-1.2440333788202975,hjson
56cb8858edf8da000b6df354,reading-task,1.0,0.8502781738778042,hjson
57c357770e6a1f00015f6038,reading-task,1.0,0.8502781738778042,json
5b68c9eb87af310001584803,reading-task,0.8,4.719992029876852e-16,json5
5c6414540821d30001046198,reading-task,1.0,0.8502781738778042,hjson
5d30dfa68b1523000134878f,reading-task,1.0,0.8502781738778042,json
5d766978f47e6200019a2acf,reading-task,1.0,0.8502781738778042,yaml
5dafea4de40355001651fa2f,reading-task,0.6,-0.8502781738778038,jsonc
5e3b5fa9255e7a37bc841135,reading-task,1.0,0.8502781738778042,json
5e8a5a892f6f027054a83d88,reading-task,0.8,4.719992029876852e-16,toml
5ecc71c95c92c2000a9e9a19,reading-task,1.0,0.8502781738778042,jsonc
5f29eff59714081a3594a331,reading-task,1.0,0.8502781738778042,json
60721c2da01b3a616edba9a7,reading-task,0.6,-0.8502781738778038,xml
607728dc0b4f8590b94ae57c,reading-task,1.0,0.8502781738778042,jsonc
60a0b744298c64d46b63e893,reading-task,1.0,0.8502781738778042,hjson
60f1f1d4ac991a259b83f603,reading-task,0.8,4.719992029876852e-16,json
60fce3df91350150e2e88423,reading-task,1.0,0.8502781738778042,yaml
61267b828ead584bcf092e35,reading-task,1.0,0.8502781738778042,hjson
615200d54efc832849db2259,reading-task,1.0,0.8502781738778042,json
62fd14d7b1e0729dc8aadb79,reading-task,1.0,0.8502781738778042,xml
637d8ca00150ac6e71a34ec9,reading-task,1.0,0.8502781738778042,yaml
63e5b3e89a3823139cb9d35e,reading-task,1.0,0.8502781738778042,toml
64275e53f51a5ed4f6b7d019,reading-task,1.0,0.8502781738778042,toml
64457bc906c125cebd4bf66b,reading-task,0.8,4.719992029876852e-16,json5
6501c0a2e788b5556c24569d,reading-task,1.0,0.8502781738778042,xml
6577a27da9f5297d49f38e6f,reading-task,0.8,4.719992029876852e-16,hjson
65be552ceed6a0595fa1feb5,reading-task,0.6,-0.8502781738778038,json
65cf6d8a589a67afcab54e6f,reading-task,1.0,0.8502781738778042,hjson
65fad673a546ab14baf2f8d3,reading-task,1.0,0.8502781738778042,json5
66049694dfb8828a8f3dce70,reading-task,1.0,0.8502781738778042,yaml
6606b31155457e4f162ecf5a,reading-task,1.0,0.8502781738778042,json5
66475d6f7b27e4443ef0d031,reading-task,1.0,0.8502781738778042,json
665c5d94303fdf202ac9ded0,reading-task,0.6,-0.8502781738778038,toml
6672d878f68b9e349b56e871,reading-task,1.0,0.8502781738778042,toml
6675c40cdc52b37294f0514e,reading-task,0.8,4.719992029876852e-16,hjson
66781db404eab5e142f849d9,reading-task,0.4,-1.7005563477556076,jsonc
667971a555af1f83d3f29ae7,reading-task,1.0,0.8502781738778042,hjson
667983594f7d5d70a78c6e5a,reading-task,1.0,0.8502781738778042,json
667ac09492ea0caadf488520,reading-task,0.2,-2.550834521633411,json
667c18ace97ab6869cb1c50e,reading-task,0.8,4.719992029876852e-16,hjson
667c2175b570aa694ce2f63c,reading-task,0.8,4.719992029876852e-16,toml
6697c8b6d9d7baa7edd8c4d3,reading-task,0.8,4.719992029876852e-16,hjson
66992f58a7964f557fc75f58,reading-task,1.0,0.8502781738778042,toml
669a84e18da4349ece0ea67c,reading-task,0.4,-1.7005563477556076,xml
669b961e1c9cf30a26bb57d2,reading-task,1.0,0.8502781738778042,xml
66a662a0a709312db9de01f2,reading-task,0.8,4.719992029876852e-16,jsonc
66a9285501ac98053902d481,reading-task,0.8,4.719992029876852e-16,toml
66b0d065329001a04e5ae671,reading-task,0.8,4.719992029876852e-16,json
66b246951b9aefec80b7158a,reading-task,1.0,0.8502781738778042,json
66bb6b7e0ccbed81f3ed30a8,reading-task,0.6,-0.8502781738778038,xml
66cdfebcb908ea2717d06b6c,reading-task,0.8,4.719992029876852e-16,hjson
671a519900a99ebc15a67672,reading-task,0.6,-0.8502781738778038,yaml
671b65fe04c301eb14263ba5,reading-task,1.0,0.8502781738778042,toml
672003022f1b667a20157c45,reading-task,0.6,-0.8502781738778038,yaml
672ca6c0324ac26cdc0dd298,reading-task,0.4,-1.7005563477556076,json5
672d98919cc177d28c204e76,reading-task,0.8,4.719992029876852e-16,json5
6734346ca8e90c2da6fb4509,reading-task,0.8,4.719992029876852e-16,jsonc
673c13c9d37c8a73bc80b8ce,reading-task,0.8,4.719992029876852e-16,json
673d0377254c407e5da57f97,reading-task,1.0,0.8502781738778042,toml
673e43cc760355e9e4f042a3,reading-task,0.6,-0.8502781738778038,json5
6740ae39809389d7da9de209,reading-task,1.0,0.8502781738778042,xml
6753746b1f8827e2bd586bf0,reading-task,0.4,-1.7005563477556076,xml
677c52fe648cd68583dd3b1e,reading-task,1.0,0.8502781738778042,xml
677d185800ab83d1b0185d82,reading-task,0.4,-1.7005563477556076,jsonc
677d32c679491be18090225b,reading-task,0.4,-1.7005563477556076,xml
6784ff2095dd9b97e969b01f,reading-task,0.8,4.719992029876852e-16,jsonc
6787d648d7b1963c661f9443,reading-task,0.6,-0.8502781738778038,json5
6787e4bd2bf9557a90208f03,reading-task,1.0,0.8502781738778042,yaml
6788c1c724c24dc56b08790a,reading-task,0.8,4.719992029876852e-16,json5
678bad003d15e6aba1ee5a5d,reading-task,1.0,0.8502781738778042,jsonc
678f0bb28ec3307e4f1afb78,reading-task,1.0,0.8502781738778042,hjson
67a754a5c8614c52a939d87b,reading-task,1.0,0.8502781738778042,hjson
67ab214c2cde1be7c45535ac,reading-task,1.0,0.8502781738778042,jsonc
67ab57e88fd0774428bd1f32,reading-task,1.0,0.8502781738778042,xml
67ab650c320eccf6141d4010,reading-task,0.2,-2.550834521633411,jsonc
67adb27bd5f5776fcb16da62,reading-task,0.8,4.719992029876852e-16,hjson
67adb520391eb17f214a50b4,reading-task,0.8,4.719992029876852e-16,yaml
67aee0dfad3492b61a9ba0eb,reading-task,1.0,0.8502781738778042,jsonc
67bf88cc763aae600b429a3e,reading-task,0.8,4.719992029876852e-16,toml
67c246023b44ca64d40ae45a,reading-task,0.6,-0.8502781738778038,json5
67cb01a82dda2577eb6ee320,reading-task,0.8,4.719992029876852e-16,json
67cd944859dabbd1d4552d39,reading-task,1.0,0.8502781738778042,json
67d00f24466a67ba7e41228e,reading-task,1.0,0.8502781738778042,toml
67d1283c8f6169900d0072d2,reading-task,0.6,-0.8502781738778038,yaml
67d163e7b7bcc1e9718e01da,reading-task,0.6,-0.8502781738778038,json5
67d188bcc201cc08eac23f92,reading-task,0.6,-0.8502781738778038,json5
67d29234dbfdb6668d124115,reading-task,0.0,-3.4011126955112156,yaml
67d548b5aa5737666a77a6d2,reading-task,0.4,-1.7005563477556076,json5
67d7fa657f5ac0292a291a38,reading-task,0.8,4.719992029876852e-16,hjson
67d95269b47464c18da766ca,reading-task,0.8,4.719992029876852e-16,xml
67d9788747176969d8d0fa1d,reading-task,0.8,4.719992029876852e-16,hjson
67dc19c31078d1581e39e75a,reading-task,0.4,-1.7005563477556076,yaml
67debe02a893eea51e8d02f2,reading-task,1.0,0.8502781738778042,json
67e12acb51605ac16c227598,reading-task,0.6,-0.8502781738778038,jsonc
67e17bac09359e09118892b4,reading-task,0.8,4.719992029876852e-16,json5
67e25388d573ec2d5f1c8442,reading-task,0.8,4.719992029876852e-16,yaml
67e4920c40c9561040ca01d0,reading-task,0.0,-3.4011126955112156,xml
67e571bef6af7ecd9c29ad72,reading-task,0.8,4.719992029876852e-16,json
67e5cf90b79d0874e1cf16b0,reading-task,1.0,0.8502781738778042,toml
67eefd0739d752c54dd52686,reading-task,0.4,-1.7005563477556076,toml
67eff2b1a264260e948a4d14,reading-task,0.8,4.719992029876852e-16,xml
67f0c5d37f91ceae5cb3b318,reading-task,1.0,0.8502781738778042,jsonc
67f184a3b82990251abd1592,reading-task,0.6,-0.8502781738778038,yaml
67f1a4f8dd44e7cd5adffa29,reading-task,0.8,4.719992029876852e-16,json5
67f1c7bd6f1c4a3d8deae02f,reading-task,1.0,0.8502781738778042,toml
67f3619e16d4ca195fbd1bd0,reading-task,0.8,4.719992029876852e-16,yaml
67f5bb69760b211cdfe8021c,reading-task,1.0,0.8502781738778042,jsonc
67f913a9b5c79e960807c7e3,reading-task,0.8,4.719992029876852e-16,yaml
66475d6f7b27e4443ef0d031,writing,0.171875,-0.4769128602855024,json
67e571bef6af7ecd9c29ad72,writing,0.8472222222222222,1.7849671302034225,json
60f1f1d4ac991a259b83f603,writing,0.1612903225806451,-0.5123631727660072,json
673c13c9d37c8a73bc80b8ce,writing,0.1527777777777778,-0.5408734769831327,json
667ac09492ea0caadf488520,writing,0.1724137931034483,-0.4751083287799266,json
67debe02a893eea51e8d02f2,writing,0.1571428571428571,-0.5262539074522459,json
615200d54efc832849db2259,writing,0.1447368421052631,-0.5678042629610823,json
66b0d065329001a04e5ae671,writing,0.1527777777777778,-0.5408734769831327,json
5e3b5fa9255e7a37bc841135,writing,0.2692307692307692,-0.1508478982395411,json
5d30dfa68b1523000134878f,writing,0.2884615384615384,-0.0864400045020673,json
67cb01a82dda2577eb6ee320,writing,0.1527777777777778,-0.5408734769831327,json
67cd944859dabbd1d4552d39,writing,0.1447368421052631,-0.5678042629610823,json
57c357770e6a1f00015f6038,writing,0.24,-0.2487478967205014,json
5f29eff59714081a3594a331,writing,0.1527777777777778,-0.5408734769831327,json
65be552ceed6a0595fa1feb5,writing,0.409090909090909,0.3175731471239049,json
667983594f7d5d70a78c6e5a,writing,0.1527777777777778,-0.5408734769831327,json
66b246951b9aefec80b7158a,writing,0.1527777777777778,-0.5408734769831327,json
67f5bb69760b211cdfe8021c,writing,0.1486486486486486,-0.5547027995123502,jsonc
678bad003d15e6aba1ee5a5d,writing,0.9444444444444444,2.110584815209541,jsonc
67f0c5d37f91ceae5cb3b318,writing,0.1527777777777778,-0.5408734769831327,jsonc
67aee0dfad3492b61a9ba0eb,writing,0.1447368421052631,-0.5678042629610823,jsonc
6734346ca8e90c2da6fb4509,writing,0.9428571428571428,2.1052686081074,jsonc
67ab214c2cde1be7c45535ac,writing,0.1571428571428571,-0.5262539074522459,jsonc
607728dc0b4f8590b94ae57c,writing,0.1486486486486486,-0.5547027995123502,jsonc
5dafea4de40355001651fa2f,writing,0.1666666666666666,-0.4943566648394016,jsonc
677d185800ab83d1b0185d82,writing,0.1486486486486486,-0.5547027995123502,jsonc
6784ff2095dd9b97e969b01f,writing,0.1527777777777778,-0.5408734769831327,jsonc
5ecc71c95c92c2000a9e9a19,writing,0.1527777777777778,-0.5408734769831327,jsonc
66781db404eab5e142f849d9,writing,0.4305555555555556,0.3894627658914895,jsonc
67e12acb51605ac16c227598,writing,0.1617647058823529,-0.5107743632430716,jsonc
66a662a0a709312db9de01f2,writing,0.1724137931034483,-0.4751083287799266,jsonc
67ab650c320eccf6141d4010,writing,0.1612903225806451,-0.5123631727660072,jsonc
64457bc906c125cebd4bf66b,writing,0.1666666666666666,-0.4943566648394016,json5
673e43cc760355e9e4f042a3,writing,0.9722222222222222,2.2036184394970024,json5
6788c1c724c24dc56b08790a,writing,0.1527777777777778,-0.5408734769831327,json5
67c246023b44ca64d40ae45a,writing,0.1527777777777778,-0.5408734769831327,json5
672d98919cc177d28c204e76,writing,0.1486486486486486,-0.5547027995123502,json5
67f1a4f8dd44e7cd5adffa29,writing,0.1375,-0.592041970341237,json5
672ca6c0324ac26cdc0dd298,writing,0.1571428571428571,-0.5262539074522459,json5
5b68c9eb87af310001584803,writing,0.1612903225806451,-0.5123631727660072,json5
67e17bac09359e09118892b4,writing,0.1724137931034483,-0.4751083287799266,json5
6606b31155457e4f162ecf5a,writing,0.9444444444444444,2.110584815209541,json5
67d188bcc201cc08eac23f92,writing,0.1527777777777778,-0.5408734769831327,json5
67d548b5aa5737666a77a6d2,writing,0.1375,-0.592041970341237,json5
6787d648d7b1963c661f9443,writing,0.1486486486486486,-0.5547027995123502,json5
67d163e7b7bcc1e9718e01da,writing,0.9305555555555556,2.0640680030658096,json5
65fad673a546ab14baf2f8d3,writing,0.1527777777777778,-0.5408734769831327,json5
6697c8b6d9d7baa7edd8c4d3,writing,0.8611111111111112,1.831483942347154,hjson
678f0bb28ec3307e4f1afb78,writing,0.0499999999999999,-0.8850978868467432,hjson
60a0b744298c64d46b63e893,writing,0.0499999999999999,-0.8850978868467432,hjson
66cdfebcb908ea2717d06b6c,writing,0.0499999999999999,-0.8850978868467432,hjson
56cb8858edf8da000b6df354,writing,0.0499999999999999,-0.8850978868467432,hjson
667971a555af1f83d3f29ae7,writing,0.9861111111111112,2.2501352516407342,hjson
5c6414540821d30001046198,writing,0.1363636363636363,-0.595847891334815,hjson
667c18ace97ab6869cb1c50e,writing,0.125,-0.6339071012705949,hjson
67a754a5c8614c52a939d87b,writing,0.9027777777777778,1.971034378778347,hjson
65cf6d8a589a67afcab54e6f,writing,0.9583333333333331,2.1571016273532715,hjson
67d7fa657f5ac0292a291a38,writing,0.0499999999999999,-0.8850978868467432,hjson
61267b828ead584bcf092e35,writing,0.0499999999999999,-0.8850978868467432,hjson
6577a27da9f5297d49f38e6f,writing,0.9861111111111112,2.2501352516407342,hjson
67d9788747176969d8d0fa1d,writing,0.8611111111111112,1.831483942347154,hjson
67adb27bd5f5776fcb16da62,writing,0.0499999999999999,-0.8850978868467432,hjson
6675c40cdc52b37294f0514e,writing,0.0499999999999999,-0.8850978868467432,hjson
67e5cf90b79d0874e1cf16b0,writing,0.7916666666666666,1.598899881628498,toml
67d00f24466a67ba7e41228e,writing,0.14,-0.5836689441553653,toml
6672d878f68b9e349b56e871,writing,0.2999999999999999,-0.0477952682595832,toml
66992f58a7964f557fc75f58,writing,0.075,-0.8013676249880269,toml
64275e53f51a5ed4f6b7d019,writing,0.173076923076923,-0.4728873669269104,toml
673d0377254c407e5da57f97,writing,0.945945945945946,2.115613659765619,toml
5e8a5a892f6f027054a83d88,writing,0.9324324324324323,2.0703540587609086,toml
67bf88cc763aae600b429a3e,writing,0.108695652173913,-0.688513793787149,toml
63e5b3e89a3823139cb9d35e,writing,0.1896551724137931,-0.4173633206015019,toml
667c2175b570aa694ce2f63c,writing,0.1136363636363636,-0.671966311206375,toml
67eefd0739d752c54dd52686,writing,0.1304347826086956,-0.6157048704317437,toml
671b65fe04c301eb14263ba5,writing,0.108695652173913,-0.688513793787149,toml
66a9285501ac98053902d481,writing,0.1304347826086956,-0.6157048704317437,toml
665c5d94303fdf202ac9ded0,writing,0.9487179487179488,2.1248976804845348,toml
67f1c7bd6f1c4a3d8deae02f,writing,0.14,-0.5836689441553653,toml
67e25388d573ec2d5f1c8442,writing,0.1136363636363636,-0.671966311206375,yaml
67dc19c31078d1581e39e75a,writing,0.1666666666666666,-0.4943566648394016,yaml
67adb520391eb17f214a50b4,writing,0.1666666666666666,-0.4943566648394016,yaml
66049694dfb8828a8f3dce70,writing,0.1875,-0.424581446623805,yaml
6787e4bd2bf9557a90208f03,writing,0.1666666666666666,-0.4943566648394016,yaml
67f184a3b82990251abd1592,writing,0.0499999999999999,-0.8850978868467432,yaml
60fce3df91350150e2e88423,writing,0.14,-0.5836689441553653,yaml
67d29234dbfdb6668d124115,writing,0.1875,-0.424581446623805,yaml
671a519900a99ebc15a67672,writing,0.1851851851851851,-0.4323342486477602,yaml
637d8ca00150ac6e71a34ec9,writing,0.14,-0.5836689441553653,yaml
67f3619e16d4ca195fbd1bd0,writing,0.14,-0.5836689441553653,yaml
67d1283c8f6169900d0072d2,writing,0.5263157894736842,0.7101839443561617,yaml
67f913a9b5c79e960807c7e3,writing,0.173076923076923,-0.4728873669269104,yaml
672003022f1b667a20157c45,writing,0.18,-0.4497005251814198,yaml
5d766978f47e6200019a2acf,writing,0.2,-0.3827163156944469,yaml
669b961e1c9cf30a26bb57d2,writing,0.4627659574468085,0.497342181288653,xml
60721c2da01b3a616edba9a7,writing,0.5590909090909091,0.8199547182762009,xml
67d95269b47464c18da766ca,writing,0.2794117647058823,-0.1167496015549961,xml
6740ae39809389d7da9de209,writing,0.7596153846153846,1.4915533920660418,xml
62fd14d7b1e0729dc8aadb79,writing,0.984375,2.244320650122768,xml
67e4920c40c9561040ca01d0,writing,0.2794117647058823,-0.1167496015549961,xml
677c52fe648cd68583dd3b1e,writing,0.9921875,2.2704863569536164,xml
67eff2b1a264260e948a4d14,writing,0.2794117647058823,-0.1167496015549961,xml
6501c0a2e788b5556c24569d,writing,0.4791666666666666,0.5522716083945481,xml
66bb6b7e0ccbed81f3ed30a8,writing,0.4681818181818182,0.5154810387899611,xml
6753746b1f8827e2bd586bf0,writing,0.2794117647058823,-0.1167496015549961,xml
669a84e18da4349ece0ea67c,writing,0.2794117647058823,-0.1167496015549961,xml
67ab57e88fd0774428bd1f32,writing,0.2794117647058823,-0.1167496015549961,xml
677d32c679491be18090225b,writing,0.2794117647058823,-0.1167496015549961,xml
66475d6f7b27e4443ef0d031,modifying-task-1,0.9934895833333331,0.3922220462848458,json
67e571bef6af7ecd9c29ad72,modifying-task-1,0.9934895833333331,0.3922220462848458,json
60f1f1d4ac991a259b83f603,modifying-task-1,0.99609375,0.4008185662788059,json
673c13c9d37c8a73bc80b8ce,modifying-task-1,0.9986979166666669,0.4094150862727662,json
667ac09492ea0caadf488520,modifying-task-1,0.4817708333333333,-1.296994132528283,json
67debe02a893eea51e8d02f2,modifying-task-1,0.9986979166666669,0.4094150862727662,json
615200d54efc832849db2259,modifying-task-1,0.9986979166666669,0.4094150862727662,json
66b0d065329001a04e5ae671,modifying-task-1,0.9934895833333331,0.3922220462848458,json
5e3b5fa9255e7a37bc841135,modifying-task-1,0.9986979166666669,0.4094150862727662,json
5d30dfa68b1523000134878f,modifying-task-1,0.9986979166666669,0.4094150862727662,json
67cb01a82dda2577eb6ee320,modifying-task-1,0.9986979166666669,0.4094150862727662,json
67cd944859dabbd1d4552d39,modifying-task-1,0.0514018691588785,-2.7176694881656074,json
57c357770e6a1f00015f6038,modifying-task-1,0.9986979166666669,0.4094150862727662,json
5f29eff59714081a3594a331,modifying-task-1,0.9986979166666669,0.4094150862727662,json
65be552ceed6a0595fa1feb5,modifying-task-1,0.9947916666666669,0.3965203062818262,json
667983594f7d5d70a78c6e5a,modifying-task-1,0.0051546391752577,-2.87033453925788,json
66b246951b9aefec80b7158a,modifying-task-1,0.9986979166666669,0.4094150862727662,json
67f5bb69760b211cdfe8021c,modifying-task-1,0.9986979166666669,0.4094150862727662,jsonc
678bad003d15e6aba1ee5a5d,modifying-task-1,0.9986979166666669,0.4094150862727662,jsonc
67f0c5d37f91ceae5cb3b318,modifying-task-1,0.99609375,0.4008185662788059,jsonc
67aee0dfad3492b61a9ba0eb,modifying-task-1,0.9986979166666669,0.4094150862727662,jsonc
6734346ca8e90c2da6fb4509,modifying-task-1,0.9986979166666669,0.4094150862727662,jsonc
67ab214c2cde1be7c45535ac,modifying-task-1,0.9973958333333331,0.4051168262757857,jsonc
607728dc0b4f8590b94ae57c,modifying-task-1,0.9986979166666669,0.4094150862727662,jsonc
5dafea4de40355001651fa2f,modifying-task-1,0.9827127659574468,0.3566470858843097,jsonc
677d185800ab83d1b0185d82,modifying-task-1,0.9908854166666669,0.3836255262908863,jsonc
6784ff2095dd9b97e969b01f,modifying-task-1,0.9986979166666669,0.4094150862727662,jsonc
5ecc71c95c92c2000a9e9a19,modifying-task-1,0.9986979166666669,0.4094150862727662,jsonc
66781db404eab5e142f849d9,modifying-task-1,0.9921875,0.387923786287866,jsonc
67e12acb51605ac16c227598,modifying-task-1,0.9973958333333331,0.4051168262757857,jsonc
66a662a0a709312db9de01f2,modifying-task-1,0.0051546391752577,-2.87033453925788,jsonc
67ab650c320eccf6141d4010,modifying-task-1,0.48046875,-1.3012923925252629,jsonc
64457bc906c125cebd4bf66b,modifying-task-1,0.9947916666666669,0.3965203062818262,json5
673e43cc760355e9e4f042a3,modifying-task-1,0.9947916666666669,0.3965203062818262,json5
6788c1c724c24dc56b08790a,modifying-task-1,0.9934895833333331,0.3922220462848458,json5
67c246023b44ca64d40ae45a,modifying-task-1,0.0051546391752577,-2.87033453925788,json5
672d98919cc177d28c204e76,modifying-task-1,0.9934895833333331,0.3922220462848458,json5
67f1a4f8dd44e7cd5adffa29,modifying-task-1,0.9973958333333331,0.4051168262757857,json5
672ca6c0324ac26cdc0dd298,modifying-task-1,0.9934895833333331,0.3922220462848458,json5
5b68c9eb87af310001584803,modifying-task-1,0.9908854166666669,0.3836255262908863,json5
67e17bac09359e09118892b4,modifying-task-1,0.0051546391752577,-2.87033453925788,json5
6606b31155457e4f162ecf5a,modifying-task-1,0.9934895833333331,0.3922220462848458,json5
67d188bcc201cc08eac23f92,modifying-task-1,0.0514018691588785,-2.7176694881656074,json5
67d548b5aa5737666a77a6d2,modifying-task-1,0.9934895833333331,0.3922220462848458,json5
6787d648d7b1963c661f9443,modifying-task-1,0.0514018691588785,-2.7176694881656074,json5
67d163e7b7bcc1e9718e01da,modifying-task-1,0.9934895833333331,0.3922220462848458,json5
65fad673a546ab14baf2f8d3,modifying-task-1,0.9934895833333331,0.3922220462848458,json5
6697c8b6d9d7baa7edd8c4d3,modifying-task-1,0.9934895833333331,0.3922220462848458,hjson
678f0bb28ec3307e4f1afb78,modifying-task-1,0.9934895833333331,0.3922220462848458,hjson
60a0b744298c64d46b63e893,modifying-task-1,0.9934895833333331,0.3922220462848458,hjson
66cdfebcb908ea2717d06b6c,modifying-task-1,0.9934895833333331,0.3922220462848458,hjson
56cb8858edf8da000b6df354,modifying-task-1,0.9934895833333331,0.3922220462848458,hjson
667971a555af1f83d3f29ae7,modifying-task-1,0.9934895833333331,0.3922220462848458,hjson
5c6414540821d30001046198,modifying-task-1,0.9934895833333331,0.3922220462848458,hjson
667c18ace97ab6869cb1c50e,modifying-task-1,0.9934895833333331,0.3922220462848458,hjson
67a754a5c8614c52a939d87b,modifying-task-1,0.9934895833333331,0.3922220462848458,hjson
65cf6d8a589a67afcab54e6f,modifying-task-1,0.9934895833333331,0.3922220462848458,hjson
67d7fa657f5ac0292a291a38,modifying-task-1,0.9986979166666669,0.4094150862727662,hjson
61267b828ead584bcf092e35,modifying-task-1,0.9908854166666669,0.3836255262908863,hjson
6577a27da9f5297d49f38e6f,modifying-task-1,0.9934895833333331,0.3922220462848458,hjson
67d9788747176969d8d0fa1d,modifying-task-1,0.9934895833333331,0.3922220462848458,hjson
67adb27bd5f5776fcb16da62,modifying-task-1,0.9934895833333331,0.3922220462848458,hjson
6675c40cdc52b37294f0514e,modifying-task-1,0.9934895833333331,0.3922220462848458,hjson
67e5cf90b79d0874e1cf16b0,modifying-task-1,0.9839142091152816,0.3606131262534356,toml
67d00f24466a67ba7e41228e,modifying-task-1,0.9839142091152816,0.3606131262534356,toml
6672d878f68b9e349b56e871,modifying-task-1,0.0051546391752577,-2.87033453925788,toml
66992f58a7964f557fc75f58,modifying-task-1,0.9839142091152816,0.3606131262534356,toml
64275e53f51a5ed4f6b7d019,modifying-task-1,0.9839142091152816,0.3606131262534356,toml
673d0377254c407e5da57f97,modifying-task-1,0.9839142091152816,0.3606131262534356,toml
5e8a5a892f6f027054a83d88,modifying-task-1,0.9839142091152816,0.3606131262534356,toml
67bf88cc763aae600b429a3e,modifying-task-1,0.9745308310991956,0.329637997910588,toml
63e5b3e89a3823139cb9d35e,modifying-task-1,0.9839142091152816,0.3606131262534356,toml
667c2175b570aa694ce2f63c,modifying-task-1,0.9839142091152816,0.3606131262534356,toml
67eefd0739d752c54dd52686,modifying-task-1,0.9785522788203752,0.3429130529146655,toml
671b65fe04c301eb14263ba5,modifying-task-1,0.9812332439678284,0.3517630895840506,toml
66a9285501ac98053902d481,modifying-task-1,0.9839142091152816,0.3606131262534356,toml
665c5d94303fdf202ac9ded0,modifying-task-1,0.9839142091152816,0.3606131262534356,toml
67f1c7bd6f1c4a3d8deae02f,modifying-task-1,0.9798927613941018,0.3473380712493577,toml
67e25388d573ec2d5f1c8442,modifying-task-1,0.9921875,0.387923786287866,yaml
67dc19c31078d1581e39e75a,modifying-task-1,0.9921875,0.387923786287866,yaml
67adb520391eb17f214a50b4,modifying-task-1,0.9921875,0.387923786287866,yaml
66049694dfb8828a8f3dce70,modifying-task-1,0.9921875,0.387923786287866,yaml
6787e4bd2bf9557a90208f03,modifying-task-1,0.9869451697127938,0.3706185201903646,yaml
67f184a3b82990251abd1592,modifying-task-1,0.9830729166666669,0.3578359663090065,yaml
60fce3df91350150e2e88423,modifying-task-1,0.9921875,0.387923786287866,yaml
67d29234dbfdb6668d124115,modifying-task-1,0.9908854166666669,0.3836255262908863,yaml
671a519900a99ebc15a67672,modifying-task-1,0.9739583333333331,0.3277481463301462,yaml
637d8ca00150ac6e71a34ec9,modifying-task-1,0.9921875,0.387923786287866,yaml
67f3619e16d4ca195fbd1bd0,modifying-task-1,0.9921875,0.387923786287866,yaml
67d1283c8f6169900d0072d2,modifying-task-1,0.0674418604651163,-2.664720455474273,yaml
67f913a9b5c79e960807c7e3,modifying-task-1,0.9908854166666669,0.3836255262908863,yaml
672003022f1b667a20157c45,modifying-task-1,0.9908854166666669,0.3836255262908863,yaml
5d766978f47e6200019a2acf,modifying-task-1,0.9921875,0.387923786287866,yaml
669b961e1c9cf30a26bb57d2,modifying-task-1,0.9697406340057636,0.3138252522765284,xml
60721c2da01b3a616edba9a7,modifying-task-1,0.9740634005763688,0.3280949799898451,xml
67d95269b47464c18da766ca,modifying-task-1,0.9618155619596542,0.2876640848021143,xml
6740ae39809389d7da9de209,modifying-task-1,0.3385286783042394,-1.769845607607521,xml
62fd14d7b1e0729dc8aadb79,modifying-task-1,0.9747838616714698,0.3304732679420648,xml
67e4920c40c9561040ca01d0,modifying-task-1,0.0027322404371584,-2.8783310317450783,xml
677c52fe648cd68583dd3b1e,modifying-task-1,0.9740634005763688,0.3280949799898451,xml
67eff2b1a264260e948a4d14,modifying-task-1,0.9747838616714698,0.3304732679420648,xml
6501c0a2e788b5556c24569d,modifying-task-1,0.9747838616714698,0.3304732679420648,xml
66bb6b7e0ccbed81f3ed30a8,modifying-task-1,0.9747838616714698,0.3304732679420648,xml
6753746b1f8827e2bd586bf0,modifying-task-1,0.9740634005763688,0.3280949799898451,xml
669a84e18da4349ece0ea67c,modifying-task-1,0.9690201729106628,0.3114469643243087,xml
67ab57e88fd0774428bd1f32,modifying-task-1,0.0027322404371584,-2.8783310317450783,xml
677d32c679491be18090225b,modifying-task-1,0.9690201729106628,0.3114469643243087,xml
66475d6f7b27e4443ef0d031,modifying-task-2,0.9987244897959184,0.7496312214564985,json
67e571bef6af7ecd9c29ad72,modifying-task-2,0.9910256410256412,0.7284378995553107,json
60f1f1d4ac991a259b83f603,modifying-task-2,0.4846547314578005,-0.6654954024339245,json
673c13c9d37c8a73bc80b8ce,modifying-task-2,0.9936224489795916,0.7355863692195171,json
667ac09492ea0caadf488520,modifying-task-2,0.4744897959183674,-0.6934773458932801,json
67debe02a893eea51e8d02f2,modifying-task-2,0.0504587155963302,-1.860746303827309,json
615200d54efc832849db2259,modifying-task-2,0.9910714285714286,0.7285639431010271,json
66b0d065329001a04e5ae671,modifying-task-2,0.4872448979591837,-0.6583652153008281,json
5e3b5fa9255e7a37bc841135,modifying-task-2,0.9936224489795916,0.7355863692195171,json
5d30dfa68b1523000134878f,modifying-task-2,0.4847328244274809,-0.6652804288068226,json
67cb01a82dda2577eb6ee320,modifying-task-2,0.985969387755102,0.7145190908640462,json
67cd944859dabbd1d4552d39,modifying-task-2,0.9885204081632653,0.7215415169825365,json
57c357770e6a1f00015f6038,modifying-task-2,0.4872448979591837,-0.6583652153008281,json
5f29eff59714081a3594a331,modifying-task-2,0.985969387755102,0.7145190908640462,json
65be552ceed6a0595fa1feb5,modifying-task-2,0.005050505050505,-1.985745618889828,json
667983594f7d5d70a78c6e5a,modifying-task-2,0.005050505050505,-1.985745618889828,json
66b246951b9aefec80b7158a,modifying-task-2,0.985969387755102,0.7145190908640462,json
67f5bb69760b211cdfe8021c,modifying-task-2,0.9987244897959184,0.7496312214564985,jsonc
678bad003d15e6aba1ee5a5d,modifying-task-2,0.9987244897959184,0.7496312214564985,jsonc
67f0c5d37f91ceae5cb3b318,modifying-task-2,0.4768041237113402,-0.6871064850847529,jsonc
67aee0dfad3492b61a9ba0eb,modifying-task-2,0.4821428571428572,-0.6724100675378087,jsonc
6734346ca8e90c2da6fb4509,modifying-task-2,0.7487244897959184,0.0614334618444386,jsonc
67ab214c2cde1be7c45535ac,modifying-task-2,0.4872448979591837,-0.6583652153008281,jsonc
607728dc0b4f8590b94ae57c,modifying-task-2,0.4846938775510204,-0.6653876414193186,jsonc
5dafea4de40355001651fa2f,modifying-task-2,0.4794344473007712,-0.6798657538795481,jsonc
677d185800ab83d1b0185d82,modifying-task-2,0.005050505050505,-1.985745618889828,jsonc
6784ff2095dd9b97e969b01f,modifying-task-2,0.4757033248081842,-0.6901367544404943,jsonc
5ecc71c95c92c2000a9e9a19,modifying-task-2,0.985969387755102,0.7145190908640462,jsonc
66781db404eab5e142f849d9,modifying-task-2,0.4872448979591837,-0.6583652153008281,jsonc
67e12acb51605ac16c227598,modifying-task-2,0.005050505050505,-1.985745618889828,jsonc
66a662a0a709312db9de01f2,modifying-task-2,0.005050505050505,-1.985745618889828,jsonc
67ab650c320eccf6141d4010,modifying-task-2,0.4806701030927835,-0.67646425168869,jsonc
64457bc906c125cebd4bf66b,modifying-task-2,0.4935567010309278,-0.6409901403684808,json5
673e43cc760355e9e4f042a3,modifying-task-2,0.0051546391752577,-1.985458959404412,json5
6788c1c724c24dc56b08790a,modifying-task-2,0.4858247422680412,-0.6622746071606065,json5
67c246023b44ca64d40ae45a,modifying-task-2,0.0051546391752577,-1.985458959404412,json5
672d98919cc177d28c204e76,modifying-task-2,0.993556701030928,0.735405378855639,json5
67f1a4f8dd44e7cd5adffa29,modifying-task-2,0.0051546391752577,-1.985458959404412,json5
672ca6c0324ac26cdc0dd298,modifying-task-2,0.490979381443299,-0.6480849626325225,json5
5b68c9eb87af310001584803,modifying-task-2,0.4858247422680412,-0.6622746071606065,json5
67e17bac09359e09118892b4,modifying-task-2,0.0051546391752577,-1.985458959404412,json5
6606b31155457e4f162ecf5a,modifying-task-2,0.993556701030928,0.735405378855639,json5
67d188bcc201cc08eac23f92,modifying-task-2,0.4858247422680412,-0.6622746071606065,json5
67d548b5aa5737666a77a6d2,modifying-task-2,0.9934895833333331,0.7352206178591792,json5
6787d648d7b1963c661f9443,modifying-task-2,0.0051546391752577,-1.985458959404412,json5
67d163e7b7bcc1e9718e01da,modifying-task-2,0.993556701030928,0.735405378855639,json5
65fad673a546ab14baf2f8d3,modifying-task-2,0.990979381443299,0.728310556591597,json5
6697c8b6d9d7baa7edd8c4d3,modifying-task-2,0.9858247422680412,0.7141209120635131,hjson
678f0bb28ec3307e4f1afb78,modifying-task-2,0.993556701030928,0.735405378855639,hjson
60a0b744298c64d46b63e893,modifying-task-2,0.9922680412371134,0.731857967723618,hjson
66cdfebcb908ea2717d06b6c,modifying-task-2,0.993556701030928,0.735405378855639,hjson
56cb8858edf8da000b6df354,modifying-task-2,0.993556701030928,0.735405378855639,hjson
667971a555af1f83d3f29ae7,modifying-task-2,0.993556701030928,0.735405378855639,hjson
5c6414540821d30001046198,modifying-task-2,0.9858247422680412,0.7141209120635131,hjson
667c18ace97ab6869cb1c50e,modifying-task-2,0.9858247422680412,0.7141209120635131,hjson
67a754a5c8614c52a939d87b,modifying-task-2,0.993523316062176,0.7353134770128403,hjson
65cf6d8a589a67afcab54e6f,modifying-task-2,0.9793814432989691,0.6963838564034088,hjson
67d7fa657f5ac0292a291a38,modifying-task-2,0.0051546391752577,-1.985458959404412,hjson
61267b828ead584bcf092e35,modifying-task-2,0.9883720930232558,0.7211332363942523,hjson
6577a27da9f5297d49f38e6f,modifying-task-2,0.990979381443299,0.728310556591597,hjson
67d9788747176969d8d0fa1d,modifying-task-2,0.993556701030928,0.735405378855639,hjson
67adb27bd5f5776fcb16da62,modifying-task-2,0.9858247422680412,0.7141209120635131,hjson
6675c40cdc52b37294f0514e,modifying-task-2,0.9896373056994818,0.7246161025110984,hjson
67e5cf90b79d0874e1cf16b0,modifying-task-2,0.9724409448818898,0.6772781145585087,toml
67d00f24466a67ba7e41228e,modifying-task-2,0.9645669291338584,0.6556025945707273,toml
6672d878f68b9e349b56e871,modifying-task-2,0.9708994708994708,0.6730347587937049,toml
66992f58a7964f557fc75f58,modifying-task-2,0.9776902887139108,0.6917284612170294,toml
64275e53f51a5ed4f6b7d019,modifying-task-2,0.9645669291338584,0.6556025945707273,toml
673d0377254c407e5da57f97,modifying-task-2,0.9724409448818898,0.6772781145585087,toml
5e8a5a892f6f027054a83d88,modifying-task-2,0.9776902887139108,0.6917284612170294,toml
67bf88cc763aae600b429a3e,modifying-task-2,0.975195822454308,0.6848617168518836,toml
63e5b3e89a3823139cb9d35e,modifying-task-2,0.9645669291338584,0.6556025945707273,toml
667c2175b570aa694ce2f63c,modifying-task-2,0.9645669291338584,0.6556025945707273,toml
67eefd0739d752c54dd52686,modifying-task-2,0.0802752293577981,-1.7786676719469718,toml
671b65fe04c301eb14263ba5,modifying-task-2,0.9724409448818898,0.6772781145585087,toml
66a9285501ac98053902d481,modifying-task-2,0.9645669291338584,0.6556025945707273,toml
665c5d94303fdf202ac9ded0,modifying-task-2,0.9776902887139108,0.6917284612170294,toml
67f1c7bd6f1c4a3d8deae02f,modifying-task-2,0.9762532981530344,0.687772726478714,toml
67e25388d573ec2d5f1c8442,modifying-task-2,0.9846153846153848,0.7107918031550015,yaml
67dc19c31078d1581e39e75a,modifying-task-2,0.9783163265306122,0.6934518125085749,yaml
67adb520391eb17f214a50b4,modifying-task-2,0.9783163265306122,0.6934518125085749,yaml
66049694dfb8828a8f3dce70,modifying-task-2,0.9910714285714286,0.7285639431010271,yaml
6787e4bd2bf9557a90208f03,modifying-task-2,0.2550505050505049,-1.2975478592777685,yaml
67f184a3b82990251abd1592,modifying-task-2,0.0662100456621004,-1.817386183578617,yaml
60fce3df91350150e2e88423,modifying-task-2,0.9783163265306122,0.6934518125085749,yaml
67d29234dbfdb6668d124115,modifying-task-2,0.9793814432989691,0.6963838564034088,yaml
671a519900a99ebc15a67672,modifying-task-2,0.9725130890052356,0.6774767122547316,yaml
637d8ca00150ac6e71a34ec9,modifying-task-2,0.0662100456621004,-1.817386183578617,yaml
67f3619e16d4ca195fbd1bd0,modifying-task-2,0.9910714285714286,0.7285639431010271,yaml
67d1283c8f6169900d0072d2,modifying-task-2,0.7319121447028424,0.0151525889369196,yaml
67f913a9b5c79e960807c7e3,modifying-task-2,0.9783163265306122,0.6934518125085749,yaml
672003022f1b667a20157c45,modifying-task-2,0.9783163265306122,0.6934518125085749,yaml
5d766978f47e6200019a2acf,modifying-task-2,0.9910714285714286,0.7285639431010271,yaml
669b961e1c9cf30a26bb57d2,modifying-task-2,0.9699140401146132,0.6703220737601373,xml
60721c2da01b3a616edba9a7,modifying-task-2,0.97226173541963,0.6767847883567951,xml
67d95269b47464c18da766ca,modifying-task-2,0.6987369985141159,-0.0761716561906169,xml
6740ae39809389d7da9de209,modifying-task-2,0.9634670487106018,0.6525748535982222,xml
62fd14d7b1e0729dc8aadb79,modifying-task-2,0.9743589743589745,0.6825580489145069,xml
67e4920c40c9561040ca01d0,modifying-task-2,0.0027027027027026,-1.992208628152906,xml
677c52fe648cd68583dd3b1e,modifying-task-2,0.715909090909091,-0.028900474134324,xml
67eff2b1a264260e948a4d14,modifying-task-2,0.9634670487106018,0.6525748535982222,xml
6501c0a2e788b5556c24569d,modifying-task-2,0.9743589743589745,0.6825580489145069,xml
66bb6b7e0ccbed81f3ed30a8,modifying-task-2,0.9684813753581664,0.6663782470574897,xml
6753746b1f8827e2bd586bf0,modifying-task-2,0.9634670487106018,0.6525748535982222,xml
669a84e18da4349ece0ea67c,modifying-task-2,0.9641833810888252,0.6545467669495457,xml
67ab57e88fd0774428bd1f32,modifying-task-2,0.0027027027027026,-1.992208628152906,xml
677d32c679491be18090225b,modifying-task-2,0.7170958512160228,-0.0256335709966162,xml
66475d6f7b27e4443ef0d031,modifying-task-3,0.0666666666666666,-1.376062330408348,json
67e571bef6af7ecd9c29ad72,modifying-task-3,0.927927927927928,0.6878532021101469,json
60f1f1d4ac991a259b83f603,modifying-task-3,0.9253731343283582,0.6817309272213297,json
673c13c9d37c8a73bc80b8ce,modifying-task-3,0.0666666666666666,-1.376062330408348,json
667ac09492ea0caadf488520,modifying-task-3,0.0666666666666666,-1.376062330408348,json
67debe02a893eea51e8d02f2,modifying-task-3,0.7482517482517482,0.2572794903491124,json
615200d54efc832849db2259,modifying-task-3,0.9982517482517482,0.8563763107192822,json
66b0d065329001a04e5ae671,modifying-task-3,0.0666666666666666,-1.376062330408348,json
5e3b5fa9255e7a37bc841135,modifying-task-3,0.9982517482517482,0.8563763107192822,json
5d30dfa68b1523000134878f,modifying-task-3,0.9846938775510204,0.8238864018080984,json
67cb01a82dda2577eb6ee320,modifying-task-3,0.7482517482517482,0.2572794903491124,json
67cd944859dabbd1d4552d39,modifying-task-3,0.9965156794425089,0.8522160175050454,json
57c357770e6a1f00015f6038,modifying-task-3,0.0666666666666666,-1.376062330408348,json
5f29eff59714081a3594a331,modifying-task-3,0.9982517482517482,0.8563763107192822,json
65be552ceed6a0595fa1feb5,modifying-task-3,0.0666666666666666,-1.376062330408348,json
667983594f7d5d70a78c6e5a,modifying-task-3,0.0666666666666666,-1.376062330408348,json
66b246951b9aefec80b7158a,modifying-task-3,0.9982517482517482,0.8563763107192822,json
67f5bb69760b211cdfe8021c,modifying-task-3,0.7482517482517482,0.2572794903491124,jsonc
678bad003d15e6aba1ee5a5d,modifying-task-3,0.7482517482517482,0.2572794903491124,jsonc
67f0c5d37f91ceae5cb3b318,modifying-task-3,0.0666666666666666,-1.376062330408348,jsonc
67aee0dfad3492b61a9ba0eb,modifying-task-3,0.0666666666666666,-1.376062330408348,jsonc
6734346ca8e90c2da6fb4509,modifying-task-3,0.9982517482517482,0.8563763107192822,jsonc
67ab214c2cde1be7c45535ac,modifying-task-3,0.0666666666666666,-1.376062330408348,jsonc
607728dc0b4f8590b94ae57c,modifying-task-3,0.7482517482517482,0.2572794903491124,jsonc
5dafea4de40355001651fa2f,modifying-task-3,0.0666666666666666,-1.376062330408348,jsonc
677d185800ab83d1b0185d82,modifying-task-3,0.0068965517241379,-1.5192946736692623,jsonc
6784ff2095dd9b97e969b01f,modifying-task-3,0.927927927927928,0.6878532021101469,jsonc
5ecc71c95c92c2000a9e9a19,modifying-task-3,0.7482517482517482,0.2572794903491124,jsonc
66781db404eab5e142f849d9,modifying-task-3,0.0068965517241379,-1.5192946736692623,jsonc
67e12acb51605ac16c227598,modifying-task-3,0.0666666666666666,-1.376062330408348,jsonc
66a662a0a709312db9de01f2,modifying-task-3,0.9982517482517482,0.8563763107192822,jsonc
67ab650c320eccf6141d4010,modifying-task-3,0.0068965517241379,-1.5192946736692623,jsonc
64457bc906c125cebd4bf66b,modifying-task-3,0.9270833333333331,0.6858292263656528,json5
673e43cc760355e9e4f042a3,modifying-task-3,0.99609375,0.8512049111553353,json5
6788c1c724c24dc56b08790a,modifying-task-3,0.0514018691588785,-1.4126426970103898,json5
67c246023b44ca64d40ae45a,modifying-task-3,0.0051546391752577,-1.5234689707468505,json5
672d98919cc177d28c204e76,modifying-task-3,0.9253731343283582,0.6817309272213297,json5
67f1a4f8dd44e7cd5adffa29,modifying-task-3,0.0051546391752577,-1.5234689707468505,json5
672ca6c0324ac26cdc0dd298,modifying-task-3,0.0051546391752577,-1.5234689707468505,json5
5b68c9eb87af310001584803,modifying-task-3,0.0514018691588785,-1.4126426970103898,json5
67e17bac09359e09118892b4,modifying-task-3,0.0051546391752577,-1.5234689707468505,json5
6606b31155457e4f162ecf5a,modifying-task-3,0.9253731343283582,0.6817309272213297,json5
67d188bcc201cc08eac23f92,modifying-task-3,0.0514018691588785,-1.4126426970103898,json5
67d548b5aa5737666a77a6d2,modifying-task-3,0.884493670886076,0.5837679009544902,json5
6787d648d7b1963c661f9443,modifying-task-3,0.0514018691588785,-1.4126426970103898,json5
67d163e7b7bcc1e9718e01da,modifying-task-3,0.9253731343283582,0.6817309272213297,json5
65fad673a546ab14baf2f8d3,modifying-task-3,0.0514018691588785,-1.4126426970103898,json5
6697c8b6d9d7baa7edd8c4d3,modifying-task-3,0.0051546391752577,-1.5234689707468505,hjson
678f0bb28ec3307e4f1afb78,modifying-task-3,0.9253731343283582,0.6817309272213297,hjson
60a0b744298c64d46b63e893,modifying-task-3,0.988031914893617,0.8318856320410045,hjson
66cdfebcb908ea2717d06b6c,modifying-task-3,0.9253731343283582,0.6817309272213297,hjson
56cb8858edf8da000b6df354,modifying-task-3,0.9253731343283582,0.6817309272213297,hjson
667971a555af1f83d3f29ae7,modifying-task-3,0.9253731343283582,0.6817309272213297,hjson
5c6414540821d30001046198,modifying-task-3,0.0051546391752577,-1.5234689707468505,hjson
667c18ace97ab6869cb1c50e,modifying-task-3,0.9253731343283582,0.6817309272213297,hjson
67a754a5c8614c52a939d87b,modifying-task-3,0.0051546391752577,-1.5234689707468505,hjson
65cf6d8a589a67afcab54e6f,modifying-task-3,0.9253731343283582,0.6817309272213297,hjson
67d7fa657f5ac0292a291a38,modifying-task-3,0.9986979166666669,0.8574455030341913,hjson
61267b828ead584bcf092e35,modifying-task-3,0.0051546391752577,-1.5234689707468505,hjson
6577a27da9f5297d49f38e6f,modifying-task-3,0.9253731343283582,0.6817309272213297,hjson
67d9788747176969d8d0fa1d,modifying-task-3,0.9253731343283582,0.6817309272213297,hjson
67adb27bd5f5776fcb16da62,modifying-task-3,0.0051546391752577,-1.5234689707468505,hjson
6675c40cdc52b37294f0514e,modifying-task-3,0.0051546391752577,-1.5234689707468505,hjson
67e5cf90b79d0874e1cf16b0,modifying-task-3,0.9727272727272728,0.795209782205964,toml
67d00f24466a67ba7e41228e,modifying-task-3,0.9727272727272728,0.795209782205964,toml
6672d878f68b9e349b56e871,modifying-task-3,0.9727272727272728,0.795209782205964,toml
66992f58a7964f557fc75f58,modifying-task-3,0.9727272727272728,0.795209782205964,toml
64275e53f51a5ed4f6b7d019,modifying-task-3,0.9727272727272728,0.795209782205964,toml
673d0377254c407e5da57f97,modifying-task-3,0.9727272727272728,0.795209782205964,toml
5e8a5a892f6f027054a83d88,modifying-task-3,0.9727272727272728,0.795209782205964,toml
67bf88cc763aae600b429a3e,modifying-task-3,0.9727272727272728,0.795209782205964,toml
63e5b3e89a3823139cb9d35e,modifying-task-3,0.9727272727272728,0.795209782205964,toml
667c2175b570aa694ce2f63c,modifying-task-3,0.9727272727272728,0.795209782205964,toml
67eefd0739d752c54dd52686,modifying-task-3,0.0705521472392637,-1.3667512141817362,toml
671b65fe04c301eb14263ba5,modifying-task-3,0.9727272727272728,0.795209782205964,toml
66a9285501ac98053902d481,modifying-task-3,0.9727272727272728,0.795209782205964,toml
665c5d94303fdf202ac9ded0,modifying-task-3,0.9727272727272728,0.795209782205964,toml
67f1c7bd6f1c4a3d8deae02f,modifying-task-3,0.9727272727272728,0.795209782205964,toml
67e25388d573ec2d5f1c8442,modifying-task-3,0.9548387096774194,0.7523418572293303,yaml
67dc19c31078d1581e39e75a,modifying-task-3,0.9763513513513514,0.8038944781277925,yaml
67adb520391eb17f214a50b4,modifying-task-3,0.993006993006993,0.8438078459562718,yaml
66049694dfb8828a8f3dce70,modifying-task-3,0.993006993006993,0.8438078459562718,yaml
6787e4bd2bf9557a90208f03,modifying-task-3,0.993006993006993,0.8438078459562718,yaml
67f184a3b82990251abd1592,modifying-task-3,0.9763513513513514,0.8038944781277925,yaml
60fce3df91350150e2e88423,modifying-task-3,0.993006993006993,0.8438078459562718,yaml
67d29234dbfdb6668d124115,modifying-task-3,0.6487179487179487,0.0187579590688677,yaml
671a519900a99ebc15a67672,modifying-task-3,0.9208955223880596,0.6710008349161923,yaml
637d8ca00150ac6e71a34ec9,modifying-task-3,0.0843373493975903,-1.3337165310568824,yaml
67f3619e16d4ca195fbd1bd0,modifying-task-3,0.993006993006993,0.8438078459562718,yaml
67d1283c8f6169900d0072d2,modifying-task-3,0.0868263473053892,-1.3277519281270012,yaml
67f913a9b5c79e960807c7e3,modifying-task-3,0.993006993006993,0.8438078459562718,yaml
672003022f1b667a20157c45,modifying-task-3,0.9563106796116504,0.7558692672584438,yaml
5d766978f47e6200019a2acf,modifying-task-3,0.9548387096774194,0.7523418572293303,yaml
669b961e1c9cf30a26bb57d2,modifying-task-3,0.7278846153846155,0.2084719521860883,xml
60721c2da01b3a616edba9a7,modifying-task-3,0.9778846153846156,0.8075687725562581,xml
67d95269b47464c18da766ca,modifying-task-3,0.7269673704414588,0.2062738780703051,xml
6740ae39809389d7da9de209,modifying-task-3,0.916247906197655,0.6598633465883026,xml
62fd14d7b1e0729dc8aadb79,modifying-task-3,0.9778846153846156,0.8075687725562581,xml
67e4920c40c9561040ca01d0,modifying-task-3,0.0036630036630036,-1.527043507117021,xml
677c52fe648cd68583dd3b1e,modifying-task-3,0.7278846153846155,0.2084719521860883,xml
67eff2b1a264260e948a4d14,modifying-task-3,0.913477537437604,0.653224470126705,xml
6501c0a2e788b5556c24569d,modifying-task-3,0.9778846153846156,0.8075687725562581,xml
66bb6b7e0ccbed81f3ed30a8,modifying-task-3,0.916247906197655,0.6598633465883026,xml
6753746b1f8827e2bd586bf0,modifying-task-3,0.9778846153846156,0.8075687725562581,xml
669a84e18da4349ece0ea67c,modifying-task-3,0.7269673704414588,0.2062738780703051,xml
67ab57e88fd0774428bd1f32,modifying-task-3,0.7269673704414588,0.2062738780703051,xml
677d32c679491be18090225b,modifying-task-3,0.7269673704414588,0.2062738780703051,xml
66475d6f7b27e4443ef0d031,modifying-task-4,0.0493273542600896,-0.8143090248725896,json
67e571bef6af7ecd9c29ad72,modifying-task-4,0.0493273542600896,-0.8143090248725896,json
60f1f1d4ac991a259b83f603,modifying-task-4,0.0493273542600896,-0.8143090248725896,json
673c13c9d37c8a73bc80b8ce,modifying-task-4,0.0493273542600896,-0.8143090248725896,json
667ac09492ea0caadf488520,modifying-task-4,0.0493273542600896,-0.8143090248725896,json
67debe02a893eea51e8d02f2,modifying-task-4,0.0493273542600896,-0.8143090248725896,json
615200d54efc832849db2259,modifying-task-4,0.9987562189054726,1.5064115456301763,json
66b0d065329001a04e5ae671,modifying-task-4,0.0493273542600896,-0.8143090248725896,json
5e3b5fa9255e7a37bc841135,modifying-task-4,0.9962686567164178,1.5003311145862976,json
5d30dfa68b1523000134878f,modifying-task-4,0.9987562189054726,1.5064115456301763,json
67cb01a82dda2577eb6ee320,modifying-task-4,0.9987562189054726,1.5064115456301763,json
67cd944859dabbd1d4552d39,modifying-task-4,0.0493273542600896,-0.8143090248725896,json
57c357770e6a1f00015f6038,modifying-task-4,0.0493273542600896,-0.8143090248725896,json
5f29eff59714081a3594a331,modifying-task-4,0.0493273542600896,-0.8143090248725896,json
65be552ceed6a0595fa1feb5,modifying-task-4,0.0493273542600896,-0.8143090248725896,json
667983594f7d5d70a78c6e5a,modifying-task-4,0.0303738317757009,-0.8606377506475709,json
66b246951b9aefec80b7158a,modifying-task-4,0.9987562189054726,1.5064115456301763,json
67f5bb69760b211cdfe8021c,modifying-task-4,0.4850746268656716,0.2508025350692467,jsonc
678bad003d15e6aba1ee5a5d,modifying-task-4,0.9987562189054726,1.5064115456301763,jsonc
67f0c5d37f91ceae5cb3b318,modifying-task-4,0.975826972010178,1.4503648243669442,jsonc
67aee0dfad3492b61a9ba0eb,modifying-task-4,0.0493273542600896,-0.8143090248725896,jsonc
6734346ca8e90c2da6fb4509,modifying-task-4,0.9987562189054726,1.5064115456301763,jsonc
67ab214c2cde1be7c45535ac,modifying-task-4,0.0493273542600896,-0.8143090248725896,jsonc
607728dc0b4f8590b94ae57c,modifying-task-4,0.0493273542600896,-0.8143090248725896,jsonc
5dafea4de40355001651fa2f,modifying-task-4,0.0493273542600896,-0.8143090248725896,jsonc
677d185800ab83d1b0185d82,modifying-task-4,0.0049261083743842,-0.9228404678484624,jsonc
6784ff2095dd9b97e969b01f,modifying-task-4,0.0493273542600896,-0.8143090248725896,jsonc
5ecc71c95c92c2000a9e9a19,modifying-task-4,0.0493273542600896,-0.8143090248725896,jsonc
66781db404eab5e142f849d9,modifying-task-4,0.97636815920398,1.4516876662352691,jsonc
67e12acb51605ac16c227598,modifying-task-4,0.0049261083743842,-0.9228404678484624,jsonc
66a662a0a709312db9de01f2,modifying-task-4,0.4644670050761422,0.2004306393148821,jsonc
67ab650c320eccf6141d4010,modifying-task-4,0.4644670050761422,0.2004306393148821,jsonc
64457bc906c125cebd4bf66b,modifying-task-4,0.0514018691588785,-0.8092382190663727,json5
673e43cc760355e9e4f042a3,modifying-task-4,0.0514018691588785,-0.8092382190663727,json5
6788c1c724c24dc56b08790a,modifying-task-4,0.0514018691588785,-0.8092382190663727,json5
67c246023b44ca64d40ae45a,modifying-task-4,0.4935233160621762,0.271453947241591,json5
672d98919cc177d28c204e76,modifying-task-4,0.0514018691588785,-0.8092382190663727,json5
67f1a4f8dd44e7cd5adffa29,modifying-task-4,0.0051546391752577,-0.9222818624064648,json5
672ca6c0324ac26cdc0dd298,modifying-task-4,0.0514018691588785,-0.8092382190663727,json5
5b68c9eb87af310001584803,modifying-task-4,0.0051546391752577,-0.9222818624064648,json5
67e17bac09359e09118892b4,modifying-task-4,0.0514018691588785,-0.8092382190663727,json5
6606b31155457e4f162ecf5a,modifying-task-4,0.9872773536895674,1.4783533733704466,json5
67d188bcc201cc08eac23f92,modifying-task-4,0.0514018691588785,-0.8092382190663727,json5
67d548b5aa5737666a77a6d2,modifying-task-4,0.0051546391752577,-0.9222818624064648,json5
6787d648d7b1963c661f9443,modifying-task-4,0.0051546391752577,-0.9222818624064648,json5
67d163e7b7bcc1e9718e01da,modifying-task-4,0.9872773536895674,1.4783533733704466,json5
65fad673a546ab14baf2f8d3,modifying-task-4,0.9872773536895674,1.4783533733704466,json5
6697c8b6d9d7baa7edd8c4d3,modifying-task-4,0.0051546391752577,-0.9222818624064648,hjson
678f0bb28ec3307e4f1afb78,modifying-task-4,0.9872773536895674,1.4783533733704466,hjson
60a0b744298c64d46b63e893,modifying-task-4,0.0051546391752577,-0.9222818624064648,hjson
66cdfebcb908ea2717d06b6c,modifying-task-4,0.9872773536895674,1.4783533733704466,hjson
56cb8858edf8da000b6df354,modifying-task-4,0.9872773536895674,1.4783533733704466,hjson
667971a555af1f83d3f29ae7,modifying-task-4,0.9872773536895674,1.4783533733704466,hjson
5c6414540821d30001046198,modifying-task-4,0.9872773536895674,1.4783533733704466,hjson
667c18ace97ab6869cb1c50e,modifying-task-4,0.7890243902439025,0.993757057033115,hjson
67a754a5c8614c52a939d87b,modifying-task-4,0.0051546391752577,-0.9222818624064648,hjson
65cf6d8a589a67afcab54e6f,modifying-task-4,0.9872773536895674,1.4783533733704466,hjson
67d7fa657f5ac0292a291a38,modifying-task-4,0.0051546391752577,-0.9222818624064648,hjson
61267b828ead584bcf092e35,modifying-task-4,0.0051546391752577,-0.9222818624064648,hjson
6577a27da9f5297d49f38e6f,modifying-task-4,0.9872773536895674,1.4783533733704466,hjson
67d9788747176969d8d0fa1d,modifying-task-4,0.0051546391752577,-0.9222818624064648,hjson
67adb27bd5f5776fcb16da62,modifying-task-4,0.0051546391752577,-0.9222818624064648,hjson
6675c40cdc52b37294f0514e,modifying-task-4,0.0051546391752577,-0.9222818624064648,hjson
67e5cf90b79d0874e1cf16b0,modifying-task-4,0.5298507462686567,0.3602502938590614,toml
67d00f24466a67ba7e41228e,modifying-task-4,0.1764705882352941,-0.5035285867860447,toml
6672d878f68b9e349b56e871,modifying-task-4,0.1969696969696969,-0.4534219331036013,toml
66992f58a7964f557fc75f58,modifying-task-4,0.1911764705882352,-0.4675825091442919,toml
64275e53f51a5ed4f6b7d019,modifying-task-4,0.1617647058823529,-0.5394746644277977,toml
673d0377254c407e5da57f97,modifying-task-4,0.1911764705882352,-0.4675825091442919,toml
5e8a5a892f6f027054a83d88,modifying-task-4,0.1911764705882352,-0.4675825091442919,toml
67bf88cc763aae600b429a3e,modifying-task-4,0.1911764705882352,-0.4675825091442919,toml
63e5b3e89a3823139cb9d35e,modifying-task-4,0.5298507462686567,0.3602502938590614,toml
667c2175b570aa694ce2f63c,modifying-task-4,0.5298507462686567,0.3602502938590614,toml
67eefd0739d752c54dd52686,modifying-task-4,0.1176470588235294,-0.6473128973530562,toml
671b65fe04c301eb14263ba5,modifying-task-4,0.1969696969696969,-0.4534219331036013,toml
66a9285501ac98053902d481,modifying-task-4,0.5301507537688442,0.3609836121759112,toml
665c5d94303fdf202ac9ded0,modifying-task-4,0.5285714285714286,0.3571232150364954,toml
67f1c7bd6f1c4a3d8deae02f,modifying-task-4,0.2798507462686566,-0.2508330260507374,toml
67e25388d573ec2d5f1c8442,modifying-task-4,0.9464720194647204,1.3786115369378524,yaml
67dc19c31078d1581e39e75a,modifying-task-4,0.0663716814159292,-0.772647008776513,yaml
67adb520391eb17f214a50b4,modifying-task-4,0.0644444444444444,-0.7773578182436643,yaml
66049694dfb8828a8f3dce70,modifying-task-4,0.9676616915422886,1.4304061575816942,yaml
6787e4bd2bf9557a90208f03,modifying-task-4,0.0663716814159292,-0.772647008776513,yaml
67f184a3b82990251abd1592,modifying-task-4,0.0644444444444444,-0.7773578182436643,yaml
60fce3df91350150e2e88423,modifying-task-4,0.0644444444444444,-0.7773578182436643,yaml
67d29234dbfdb6668d124115,modifying-task-4,0.0644444444444444,-0.7773578182436643,yaml
671a519900a99ebc15a67672,modifying-task-4,0.0625,-0.7821106885096294,yaml
637d8ca00150ac6e71a34ec9,modifying-task-4,0.0644444444444444,-0.7773578182436643,yaml
67f3619e16d4ca195fbd1bd0,modifying-task-4,0.0644444444444444,-0.7773578182436643,yaml
67d1283c8f6169900d0072d2,modifying-task-4,0.0625,-0.7821106885096294,yaml
67f913a9b5c79e960807c7e3,modifying-task-4,0.0644444444444444,-0.7773578182436643,yaml
672003022f1b667a20157c45,modifying-task-4,0.9464720194647204,1.3786115369378524,yaml
5d766978f47e6200019a2acf,modifying-task-4,0.0644444444444444,-0.7773578182436643,yaml
669b961e1c9cf30a26bb57d2,modifying-task-4,0.0026041666666666,-0.9285160672380188,xml
60721c2da01b3a616edba9a7,modifying-task-4,0.9753424657534246,1.4491805295993685,xml
67d95269b47464c18da766ca,modifying-task-4,0.2526041666666666,-0.31743274732822,xml
6740ae39809389d7da9de209,modifying-task-4,0.939238653001464,1.3609307785678897,xml
62fd14d7b1e0729dc8aadb79,modifying-task-4,0.9753424657534246,1.4491805295993685,xml
67e4920c40c9561040ca01d0,modifying-task-4,0.0026041666666666,-0.9285160672380188,xml
677c52fe648cd68583dd3b1e,modifying-task-4,0.5705492424242424,0.4597309824434275,xml
67eff2b1a264260e948a4d14,modifying-task-4,0.9506849315068492,1.388909298046621,xml
6501c0a2e788b5556c24569d,modifying-task-4,0.9753424657534246,1.4491805295993685,xml
66bb6b7e0ccbed81f3ed30a8,modifying-task-4,0.9506849315068492,1.388909298046621,xml
6753746b1f8827e2bd586bf0,modifying-task-4,0.9601398601398602,1.4120202947609033,xml
669a84e18da4349ece0ea67c,modifying-task-4,0.7253424657534246,0.8380972096895698,xml
67ab57e88fd0774428bd1f32,modifying-task-4,0.7056616643929059,0.7899907719540855,xml
677d32c679491be18090225b,modifying-task-4,0.9506849315068492,1.388909298046621,xml
56cb8858edf8da000b6df354,modifying-task,0.9749241930955467,0.8219279314330652,hjson
57c357770e6a1f00015f6038,modifying-task,0.40048420888815167,-0.6098303710772499,json
5b68c9eb87af310001584803,modifying-task,0.38331666681721105,-0.6533934100716436,json5
5c6414540821d30001046198,modifying-task,0.7429365796165499,0.26530684024298873,hjson
5d30dfa68b1523000134878f,modifying-task,0.8667202093876603,0.5186081512260545,json
5d766978f47e6200019a2acf,modifying-task,0.7506355206733231,0.27286794209363974,yaml
5dafea4de40355001651fa2f,modifying-task,0.3945353085462436,-0.628397505819044,jsonc
5e3b5fa9255e7a37bc841135,modifying-task,0.9967101926536062,0.8754272201994657,json
5e8a5a892f6f027054a83d88,modifying-task,0.7813770602861752,0.34499221513303424,toml
5ecc71c95c92c2000a9e9a19,modifying-task,0.6955616017334016,0.14172616065333377,jsonc
5f29eff59714081a3594a331,modifying-task,0.7580616017334016,0.29150036574587623,json
60721c2da01b3a616edba9a7,modifying-task,0.9748880542835098,0.8154072676255667,xml
607728dc0b4f8590b94ae57c,modifying-task,0.5702427241823812,-0.2032505224175074,jsonc
60a0b744298c64d46b63e893,modifying-task,0.7447360446598303,0.2584209459107509,hjson
60f1f1d4ac991a259b83f603,modifying-task,0.6138622425115621,-0.09931373345159462,json
60fce3df91350150e2e88423,modifying-task,0.7569888159955124,0.2869564066272621,yaml
61267b828ead584bcf092e35,modifying-task,0.4973916970101095,-0.33524801761704415,hjson
615200d54efc832849db2259,modifying-task,0.9966943280988291,0.8751917214308129,json
62fd14d7b1e0729dc8aadb79,modifying-task,0.9755924792921211,0.8174451547530496,xml
637d8ca00150ac6e71a34ec9,modifying-task,0.30179483487603376,-0.8851341866478244,yaml
63e5b3e89a3823139cb9d35e,modifying-task,0.8627647893112673,0.5429189492222971,toml
64275e53f51a5ed4f6b7d019,modifying-task,0.7707432792146914,0.3179877096505823,toml
64457bc906c125cebd4bf66b,modifying-task,0.6167083925474516,-0.09196970669684362,json5
6501c0a2e788b5556c24569d,modifying-task,0.9755924792921211,0.8174451547530496,xml
6577a27da9f5297d49f38e6f,modifying-task,0.9742798631986395,0.8201542258670548,hjson
65be552ceed6a0595fa1feb5,modifying-task,0.278959048160982,-0.9448991669722347,json
65cf6d8a589a67afcab54e6f,modifying-task,0.971380378662557,0.8121725508200077,hjson
65fad673a546ab14baf2f8d3,modifying-task,0.7557870469062695,0.2965608198091249,json5
66049694dfb8828a8f3dce70,modifying-task,0.9859819032801775,0.8476754332317148,yaml
6606b31155457e4f162ecf5a,modifying-task,0.9749241930955467,0.8219279314330652,json5
66475d6f7b27e4443ef0d031,modifying-task,0.5270520235140019,-0.26212952188489824,json
665c5d94303fdf202ac9ded0,modifying-task,0.8657257997819734,0.5511686461782311,toml
6672d878f68b9e349b56e871,modifying-task,0.5364377699429246,-0.46387798284045306,toml
6675c40cdc52b37294f0514e,modifying-task,0.4983590418458326,-0.33222817108934277,hjson
66781db404eab5e142f849d9,modifying-task,0.6156742772218254,-0.08451210911173884,jsonc
667971a555af1f83d3f29ae7,modifying-task,0.9749241930955467,0.8219279314330652,hjson
667983594f7d5d70a78c6e5a,modifying-task,0.026811410667032548,-1.7731950598009067,json
667ac09492ea0caadf488520,modifying-task,0.2680636625446142,-1.0452107084256252,json
667c18ace97ab6869cb1c50e,modifying-task,0.9234279625434088,0.6954577356507009,hjson
667c2175b570aa694ce2f63c,modifying-task,0.8627647893112673,0.5429189492222971,toml
6697c8b6d9d7baa7edd8c4d3,modifying-task,0.49740590098797244,-0.3348519687012391,hjson
66992f58a7964f557fc75f58,modifying-task,0.7813770602861752,0.34499221513303424,toml
669a84e18da4349ece0ea67c,modifying-task,0.8463783475485929,0.5025912047584323,xml
669b961e1c9cf30a26bb57d2,modifying-task,0.6675358640429148,0.06602580274618378,xml
66a662a0a709312db9de01f2,modifying-task,0.3682309743884133,-0.9498183020283859,jsonc
66a9285501ac98053902d481,modifying-task,0.8628397911863143,0.5431022788015095,toml
66b0d065329001a04e5ae671,modifying-task,0.39918212555481825,-0.61412863107423,json
66b246951b9aefec80b7158a,modifying-task,0.9954188178947474,0.8716805083715677,json
66bb6b7e0ccbed81f3ed30a8,modifying-task,0.9525495186835351,0.7614060399086195,xml
66cdfebcb908ea2717d06b6c,modifying-task,0.9749241930955467,0.8219279314330652,hjson
671a519900a99ebc15a67672,modifying-task,0.732466736181657,0.22352875124786017,yaml
671b65fe04c301eb14263ba5,modifying-task,0.780842789636672,0.3427072633112305,toml
672003022f1b667a20157c45,modifying-task,0.9679961105684125,0.8028895357489394,yaml
672ca6c0324ac26cdc0dd298,modifying-task,0.3852563682776921,-0.647142526540225,json5
672d98919cc177d28c204e76,modifying-task,0.7409553219628745,0.2500300333238604,json5
6734346ca8e90c2da6fb4509,modifying-task,0.9361075934049515,0.7084091011166658,jsonc
673c13c9d37c8a73bc80b8ce,modifying-task,0.5270785966432536,-0.26134247494716356,json
673d0377254c407e5da57f97,modifying-task,0.7800647243281699,0.3413796284684041,toml
673e43cc760355e9e4f042a3,modifying-task,0.5118604812502008,-0.3867429902584058,json5
6740ae39809389d7da9de209,modifying-task,0.78937057155349,0.22588084278672335,xml
6753746b1f8827e2bd586bf0,modifying-task,0.9688887312028616,0.8000647252263072,xml
677c52fe648cd68583dd3b1e,modifying-task,0.7471015873235795,0.24184936012125924,xml
677d185800ab83d1b0185d82,modifying-task,0.2519396454539235,-1.0110638085291666,jsonc
677d32c679491be18090225b,modifying-task,0.8409420815187484,0.47024914236115467,xml
6784ff2095dd9b97e969b01f,modifying-task,0.6129141309157171,-0.1017943727325427,jsonc
6787d648d7b1963c661f9443,modifying-task,0.0282782541670681,-1.7595132517467185,json5
6787e4bd2bf9557a90208f03,modifying-task,0.5753435872965552,-0.21394212547691127,yaml
6788c1c724c24dc56b08790a,modifying-task,0.3955295159797828,-0.6229833692381308,json5
678bad003d15e6aba1ee5a5d,modifying-task,0.9361075934049515,0.7306843359271383,jsonc
678f0bb28ec3307e4f1afb78,modifying-task,0.9749241930955467,0.8219279314330652,hjson
67a754a5c8614c52a939d87b,modifying-task,0.49933054443650615,-0.32955382746390727,hjson
67ab214c2cde1be7c45535ac,modifying-task,0.40015868805481825,-0.610904936076495,jsonc
67ab57e88fd0774428bd1f32,modifying-task,0.3595159944935564,-0.9685687524683984,xml
67ab650c320eccf6141d4010,modifying-task,0.3581256024732659,-0.8241551696420832,jsonc
67adb27bd5f5776fcb16da62,modifying-task,0.49740590098797244,-0.3348519687012391,hjson
67adb520391eb17f214a50b4,modifying-task,0.7569888159955124,0.2869564066272621,yaml
67aee0dfad3492b61a9ba0eb,modifying-task,0.39920869868407005,-0.613341584136495,jsonc
67bf88cc763aae600b429a3e,modifying-task,0.7784075992172529,0.33553174695603594,toml
67c246023b44ca64d40ae45a,modifying-task,0.12724680839698732,-1.5269521305418878,json5
67cb01a82dda2577eb6ee320,modifying-task,0.9329188178947474,0.7219063032790253,json
67cd944859dabbd1d4552d39,modifying-task,0.5214413277561856,-0.48955524463765376,json
67d00f24466a67ba7e41228e,modifying-task,0.7744197498029267,0.3269742290610206,toml
67d1283c8f6169900d0072d2,modifying-task,0.23717008811833698,-1.189857620793496,yaml
67d163e7b7bcc1e9718e01da,modifying-task,0.9749241930955467,0.8219279314330652,json5
67d188bcc201cc08eac23f92,modifying-task,0.16000758743616916,-1.400456252850744,json5
67d29234dbfdb6668d124115,modifying-task,0.6708573132820073,0.08035238087987462,yaml
67d548b5aa5737666a77a6d2,modifying-task,0.719156869182,0.1972321756730126,json5
67d7fa657f5ac0292a291a38,modifying-task,0.5019262779209622,-0.41022005812597984,hjson
67d95269b47464c18da766ca,modifying-task,0.6600310243954739,0.025083389838395614,xml
67d9788747176969d8d0fa1d,modifying-task,0.7293935144669692,0.2217691224888374,hjson
67dc19c31078d1581e39e75a,modifying-task,0.7533067148244732,0.27815576703693007,yaml
67debe02a893eea51e8d02f2,modifying-task,0.4616839336937087,-0.502090188019505,json
67e12acb51605ac16c227598,modifying-task,0.26850977835622225,-0.9698828977177132,jsonc
67e17bac09359e09118892b4,modifying-task,0.0167164466711629,-1.7971251721188788,json5
67e25388d573ec2d5f1c8442,modifying-task,0.9695284034393812,0.8074172459025125,yaml
67e4920c40c9561040ca01d0,modifying-task,0.0029255283673828,-1.831524808563256,xml
67e571bef6af7ecd9c29ad72,modifying-task,0.740442626636748,0.24855103076942844,json
67e5cf90b79d0874e1cf16b0,modifying-task,0.8647332932482752,0.5483378292192425,toml
67eefd0739d752c54dd52686,modifying-task,0.3117566785602416,-0.8624546826417747,toml
67eff2b1a264260e948a4d14,modifying-task,0.9506033448316312,0.7562954724284032,xml
67f0c5d37f91ceae5cb3b318,modifying-task,0.6288478780970461,-0.05299635621183768,jsonc
67f184a3b82990251abd1592,modifying-task,0.5225196895311408,-0.3582533893463706,yaml
67f1a4f8dd44e7cd5adffa29,modifying-task,0.25321493771477654,-1.0065232415704854,json5
67f1c7bd6f1c4a3d8deae02f,modifying-task,0.8021810196357664,0.3948718884708246,toml
67f3619e16d4ca195fbd1bd0,modifying-task,0.7601775915057165,0.2957344392753751,yaml
67f5bb69760b211cdfe8021c,modifying-task,0.8076871953950013,0.4167820832869059,jsonc
67f913a9b5c79e960807c7e3,modifying-task,0.7566632951621791,0.28588184162801716,yaml
