participantId,format,strict_check,loose_check,final_check,ted,norm_ted,similarity,task_id
66475d6f7b27e4443ef0d031,json,1.0,,1.0,5.0,0.014492753623188406,0.9855072463768116,1
67e571bef6af7ecd9c29ad72,json,1.0,,1.0,5.0,0.014492753623188406,0.9855072463768116,1
60f1f1d4ac991a259b83f603,json,1.0,,1.0,3.0,0.008695652173913044,0.991304347826087,1
673c13c9d37c8a73bc80b8ce,json,1.0,,1.0,1.0,0.002898550724637681,0.9971014492753624,1
667ac09492ea0caadf488520,json,0.0,1.0,1.0,5.0,0.014492753623188406,0.9855072463768116,1
67debe02a893eea51e8d02f2,json,1.0,,1.0,1.0,0.002898550724637681,0.9971014492753624,1
615200d54efc832849db2259,json,1.0,,1.0,1.0,0.002898550724637681,0.9971014492753624,1
66b0d065329001a04e5ae671,json,1.0,,1.0,5.0,0.014492753623188406,0.9855072463768116,1
5e3b5fa9255e7a37bc841135,json,1.0,,1.0,1.0,0.002898550724637681,0.9971014492753624,1
5d30dfa68b1523000134878f,json,1.0,,1.0,1.0,0.002898550724637681,0.9971014492753624,1
67cb01a82dda2577eb6ee320,json,1.0,,1.0,1.0,0.002898550724637681,0.9971014492753624,1
67cd944859dabbd1d4552d39,json,0.0,0.0,0.0,345.0,1.0,0.0,1
57c357770e6a1f00015f6038,json,1.0,,1.0,1.0,0.002898550724637681,0.9971014492753624,1
5f29eff59714081a3594a331,json,1.0,,1.0,1.0,0.002898550724637681,0.9971014492753624,1
65be552ceed6a0595fa1feb5,json,1.0,,1.0,4.0,0.011594202898550725,0.9884057971014493,1
667983594f7d5d70a78c6e5a,json,0.0,0.0,0.0,345.0,1.0,0.0,1
66b246951b9aefec80b7158a,json,1.0,,1.0,1.0,0.002898550724637681,0.9971014492753624,1
67f5bb69760b211cdfe8021c,jsonc,1.0,,1.0,1.0,0.002898550724637681,0.9971014492753624,1
678bad003d15e6aba1ee5a5d,jsonc,1.0,,1.0,1.0,0.002898550724637681,0.9971014492753624,1
67f0c5d37f91ceae5cb3b318,jsonc,1.0,,1.0,3.0,0.008695652173913044,0.991304347826087,1
67aee0dfad3492b61a9ba0eb,jsonc,1.0,,1.0,1.0,0.002898550724637681,0.9971014492753624,1
6734346ca8e90c2da6fb4509,jsonc,1.0,,1.0,1.0,0.002898550724637681,0.9971014492753624,1
67ab214c2cde1be7c45535ac,jsonc,1.0,,1.0,2.0,0.005797101449275362,0.9942028985507246,1
607728dc0b4f8590b94ae57c,jsonc,1.0,,1.0,1.0,0.002898550724637681,0.9971014492753624,1
5dafea4de40355001651fa2f,jsonc,1.0,,1.0,21.0,0.06086956521739131,0.9391304347826087,1
677d185800ab83d1b0185d82,jsonc,1.0,,1.0,7.0,0.020289855072463767,0.9797101449275363,1
6784ff2095dd9b97e969b01f,jsonc,1.0,,1.0,1.0,0.002898550724637681,0.9971014492753624,1
5ecc71c95c92c2000a9e9a19,jsonc,1.0,,1.0,1.0,0.002898550724637681,0.9971014492753624,1
66781db404eab5e142f849d9,jsonc,1.0,,1.0,6.0,0.017391304347826087,0.9826086956521739,1
67e12acb51605ac16c227598,jsonc,1.0,,1.0,2.0,0.005797101449275362,0.9942028985507246,1
66a662a0a709312db9de01f2,jsonc,0.0,0.0,0.0,345.0,1.0,0.0,1
67ab650c320eccf6141d4010,jsonc,0.0,1.0,1.0,6.0,0.017391304347826087,0.9826086956521739,1
64457bc906c125cebd4bf66b,json5,1.0,,1.0,4.0,0.011594202898550725,0.9884057971014493,1
673e43cc760355e9e4f042a3,json5,1.0,,1.0,4.0,0.011594202898550725,0.9884057971014493,1
6788c1c724c24dc56b08790a,json5,1.0,,1.0,5.0,0.014492753623188406,0.9855072463768116,1
67c246023b44ca64d40ae45a,json5,0.0,0.0,0.0,345.0,1.0,0.0,1
672d98919cc177d28c204e76,json5,1.0,,1.0,5.0,0.014492753623188406,0.9855072463768116,1
67f1a4f8dd44e7cd5adffa29,json5,1.0,,1.0,2.0,0.005797101449275362,0.9942028985507246,1
672ca6c0324ac26cdc0dd298,json5,1.0,,1.0,5.0,0.014492753623188406,0.9855072463768116,1
5b68c9eb87af310001584803,json5,1.0,,1.0,7.0,0.020289855072463767,0.9797101449275363,1
67e17bac09359e09118892b4,json5,0.0,0.0,0.0,345.0,1.0,0.0,1
6606b31155457e4f162ecf5a,json5,1.0,,1.0,5.0,0.014492753623188406,0.9855072463768116,1
67d188bcc201cc08eac23f92,json5,0.0,0.0,0.0,345.0,1.0,0.0,1
67d548b5aa5737666a77a6d2,json5,1.0,,1.0,5.0,0.014492753623188406,0.9855072463768116,1
6787d648d7b1963c661f9443,json5,0.0,0.0,0.0,345.0,1.0,0.0,1
67d163e7b7bcc1e9718e01da,json5,1.0,,1.0,5.0,0.014492753623188406,0.9855072463768116,1
65fad673a546ab14baf2f8d3,json5,1.0,,1.0,5.0,0.014492753623188406,0.9855072463768116,1
6697c8b6d9d7baa7edd8c4d3,hjson,1.0,,1.0,5.0,0.014492753623188406,0.9855072463768116,1
678f0bb28ec3307e4f1afb78,hjson,1.0,,1.0,5.0,0.014492753623188406,0.9855072463768116,1
60a0b744298c64d46b63e893,hjson,1.0,,1.0,5.0,0.014492753623188406,0.9855072463768116,1
66cdfebcb908ea2717d06b6c,hjson,1.0,,1.0,5.0,0.014492753623188406,0.9855072463768116,1
56cb8858edf8da000b6df354,hjson,1.0,,1.0,5.0,0.014492753623188406,0.9855072463768116,1
667971a555af1f83d3f29ae7,hjson,1.0,,1.0,5.0,0.014492753623188406,0.9855072463768116,1
5c6414540821d30001046198,hjson,1.0,,1.0,5.0,0.014492753623188406,0.9855072463768116,1
667c18ace97ab6869cb1c50e,hjson,1.0,,1.0,5.0,0.014492753623188406,0.9855072463768116,1
67a754a5c8614c52a939d87b,hjson,1.0,,1.0,5.0,0.014492753623188406,0.9855072463768116,1
65cf6d8a589a67afcab54e6f,hjson,1.0,,1.0,5.0,0.014492753623188406,0.9855072463768116,1
67d7fa657f5ac0292a291a38,hjson,1.0,,1.0,1.0,0.002898550724637681,0.9971014492753624,1
61267b828ead584bcf092e35,hjson,1.0,,1.0,7.0,0.020289855072463767,0.9797101449275363,1
6577a27da9f5297d49f38e6f,hjson,1.0,,1.0,5.0,0.014492753623188406,0.9855072463768116,1
67d9788747176969d8d0fa1d,hjson,1.0,,1.0,5.0,0.014492753623188406,0.9855072463768116,1
67adb27bd5f5776fcb16da62,hjson,1.0,,1.0,5.0,0.014492753623188406,0.9855072463768116,1
6675c40cdc52b37294f0514e,hjson,1.0,,1.0,5.0,0.014492753623188406,0.9855072463768116,1
67e5cf90b79d0874e1cf16b0,toml,1.0,,1.0,12.0,0.034782608695652174,0.9652173913043478,1
67d00f24466a67ba7e41228e,toml,1.0,,1.0,12.0,0.034782608695652174,0.9652173913043478,1
6672d878f68b9e349b56e871,toml,0.0,0.0,0.0,334.0,0.9681159420289855,0.03188405797101446,1
66992f58a7964f557fc75f58,toml,1.0,,1.0,12.0,0.034782608695652174,0.9652173913043478,1
64275e53f51a5ed4f6b7d019,toml,1.0,,1.0,12.0,0.034782608695652174,0.9652173913043478,1
673d0377254c407e5da57f97,toml,1.0,,1.0,12.0,0.034782608695652174,0.9652173913043478,1
5e8a5a892f6f027054a83d88,toml,1.0,,1.0,12.0,0.034782608695652174,0.9652173913043478,1
67bf88cc763aae600b429a3e,toml,1.0,,1.0,19.0,0.05507246376811594,0.9449275362318841,1
63e5b3e89a3823139cb9d35e,toml,1.0,,1.0,12.0,0.034782608695652174,0.9652173913043478,1
667c2175b570aa694ce2f63c,toml,1.0,,1.0,12.0,0.034782608695652174,0.9652173913043478,1
67eefd0739d752c54dd52686,toml,1.0,,1.0,16.0,0.0463768115942029,0.9536231884057971,1
671b65fe04c301eb14263ba5,toml,1.0,,1.0,14.0,0.04057971014492753,0.9594202898550724,1
66a9285501ac98053902d481,toml,1.0,,1.0,12.0,0.034782608695652174,0.9652173913043478,1
665c5d94303fdf202ac9ded0,toml,1.0,,1.0,12.0,0.034782608695652174,0.9652173913043478,1
67f1c7bd6f1c4a3d8deae02f,toml,1.0,,1.0,15.0,0.043478260869565216,0.9565217391304348,1
67e25388d573ec2d5f1c8442,yaml,1.0,,1.0,6.0,0.017391304347826087,0.9826086956521739,1
67dc19c31078d1581e39e75a,yaml,1.0,,1.0,6.0,0.017391304347826087,0.9826086956521739,1
67adb520391eb17f214a50b4,yaml,1.0,,1.0,6.0,0.017391304347826087,0.9826086956521739,1
66049694dfb8828a8f3dce70,yaml,1.0,,1.0,6.0,0.017391304347826087,0.9826086956521739,1
6787e4bd2bf9557a90208f03,yaml,1.0,,1.0,11.0,0.03188405797101449,0.9681159420289855,1
67f184a3b82990251abd1592,yaml,1.0,,1.0,13.0,0.03768115942028986,0.9623188405797102,1
60fce3df91350150e2e88423,yaml,1.0,,1.0,6.0,0.017391304347826087,0.9826086956521739,1
67d29234dbfdb6668d124115,yaml,1.0,,1.0,7.0,0.020289855072463767,0.9797101449275363,1
671a519900a99ebc15a67672,yaml,1.0,,1.0,20.0,0.057971014492753624,0.9420289855072463,1
637d8ca00150ac6e71a34ec9,yaml,1.0,,1.0,6.0,0.017391304347826087,0.9826086956521739,1
67f3619e16d4ca195fbd1bd0,yaml,1.0,,1.0,6.0,0.017391304347826087,0.9826086956521739,1
67d1283c8f6169900d0072d2,yaml,0.0,0.0,0.0,345.0,1.0,0.0,1
67f913a9b5c79e960807c7e3,yaml,1.0,,1.0,7.0,0.020289855072463767,0.9797101449275363,1
672003022f1b667a20157c45,yaml,1.0,,1.0,7.0,0.020289855072463767,0.9797101449275363,1
5d766978f47e6200019a2acf,yaml,1.0,,1.0,6.0,0.017391304347826087,0.9826086956521739,1
669b961e1c9cf30a26bb57d2,xml,1.0,,1.0,42.0,0.07969639468690702,0.920303605313093,1
60721c2da01b3a616edba9a7,xml,1.0,,1.0,36.0,0.0683111954459203,0.9316888045540797,1
67d95269b47464c18da766ca,xml,1.0,,1.0,53.0,0.10056925996204934,0.8994307400379506,1
6740ae39809389d7da9de209,xml,0.0,1.0,1.0,476.0,0.9032258064516129,0.09677419354838712,1
62fd14d7b1e0729dc8aadb79,xml,1.0,,1.0,35.0,0.06641366223908918,0.9335863377609108,1
67e4920c40c9561040ca01d0,xml,0.0,0.0,0.0,527.0,1.0,0.0,1
677c52fe648cd68583dd3b1e,xml,1.0,,1.0,36.0,0.0683111954459203,0.9316888045540797,1
67eff2b1a264260e948a4d14,xml,1.0,,1.0,35.0,0.06641366223908918,0.9335863377609108,1
6501c0a2e788b5556c24569d,xml,1.0,,1.0,35.0,0.06641366223908918,0.9335863377609108,1
66bb6b7e0ccbed81f3ed30a8,xml,1.0,,1.0,35.0,0.06641366223908918,0.9335863377609108,1
6753746b1f8827e2bd586bf0,xml,1.0,,1.0,36.0,0.0683111954459203,0.9316888045540797,1
669a84e18da4349ece0ea67c,xml,1.0,,1.0,43.0,0.08159392789373814,0.9184060721062619,1
67ab57e88fd0774428bd1f32,xml,0.0,0.0,0.0,527.0,1.0,0.0,1
677d32c679491be18090225b,xml,1.0,,1.0,43.0,0.08159392789373814,0.9184060721062619,1
66475d6f7b27e4443ef0d031,json,1.0,,1.0,1.0,0.0028328611898017,0.9971671388101983,2
67e571bef6af7ecd9c29ad72,json,1.0,,1.0,11.0,0.031161473087818695,0.9688385269121813,2
60f1f1d4ac991a259b83f603,json,0.0,1.0,1.0,4.0,0.0113314447592068,0.9886685552407932,2
673c13c9d37c8a73bc80b8ce,json,1.0,,1.0,5.0,0.014164305949008499,0.9858356940509915,2
667ac09492ea0caadf488520,json,0.0,1.0,1.0,11.0,0.031161473087818695,0.9688385269121813,2
67debe02a893eea51e8d02f2,json,0.0,0.0,0.0,353.0,1.0,0.0,2
615200d54efc832849db2259,json,1.0,,1.0,7.0,0.019830028328611898,0.9801699716713881,2
66b0d065329001a04e5ae671,json,0.0,1.0,1.0,1.0,0.0028328611898017,0.9971671388101983,2
5e3b5fa9255e7a37bc841135,json,1.0,,1.0,5.0,0.014164305949008499,0.9858356940509915,2
5d30dfa68b1523000134878f,json,0.0,1.0,1.0,4.0,0.011267605633802818,0.9887323943661972,2
67cb01a82dda2577eb6ee320,json,1.0,,1.0,11.0,0.031161473087818695,0.9688385269121813,2
67cd944859dabbd1d4552d39,json,1.0,,1.0,9.0,0.025495750708215296,0.9745042492917847,2
57c357770e6a1f00015f6038,json,0.0,1.0,1.0,1.0,0.0028328611898017,0.9971671388101983,2
5f29eff59714081a3594a331,json,1.0,,1.0,11.0,0.031161473087818695,0.9688385269121813,2
65be552ceed6a0595fa1feb5,json,0.0,0.0,0.0,353.0,1.0,0.0,2
667983594f7d5d70a78c6e5a,json,0.0,0.0,0.0,353.0,1.0,0.0,2
66b246951b9aefec80b7158a,json,1.0,,1.0,11.0,0.031161473087818695,0.9688385269121813,2
67f5bb69760b211cdfe8021c,jsonc,1.0,,1.0,1.0,0.0028328611898017,0.9971671388101983,2
678bad003d15e6aba1ee5a5d,jsonc,1.0,,1.0,1.0,0.0028328611898017,0.9971671388101983,2
67f0c5d37f91ceae5cb3b318,jsonc,0.0,1.0,1.0,13.0,0.036827195467422094,0.9631728045325779,2
67aee0dfad3492b61a9ba0eb,jsonc,0.0,1.0,1.0,5.0,0.014164305949008499,0.9858356940509915,2
6734346ca8e90c2da6fb4509,jsonc,0.0,1.0,1.0,1.0,0.0028328611898017,0.9971671388101983,2
67ab214c2cde1be7c45535ac,jsonc,0.0,1.0,1.0,1.0,0.0028328611898017,0.9971671388101983,2
607728dc0b4f8590b94ae57c,jsonc,0.0,1.0,1.0,3.0,0.0084985835694051,0.9915014164305949,2
5dafea4de40355001651fa2f,jsonc,0.0,1.0,1.0,12.0,0.0339943342776204,0.9660056657223796,2
677d185800ab83d1b0185d82,jsonc,0.0,0.0,0.0,353.0,1.0,0.0,2
6784ff2095dd9b97e969b01f,jsonc,0.0,1.0,1.0,11.0,0.031161473087818695,0.9688385269121813,2
5ecc71c95c92c2000a9e9a19,jsonc,1.0,,1.0,11.0,0.031161473087818695,0.9688385269121813,2
66781db404eab5e142f849d9,jsonc,0.0,1.0,1.0,1.0,0.0028328611898017,0.9971671388101983,2
67e12acb51605ac16c227598,jsonc,0.0,0.0,0.0,353.0,1.0,0.0,2
66a662a0a709312db9de01f2,jsonc,0.0,0.0,0.0,353.0,1.0,0.0,2
67ab650c320eccf6141d4010,jsonc,0.0,1.0,1.0,10.0,0.028328611898016998,0.971671388101983,2
64457bc906c125cebd4bf66b,json5,0.0,1.0,1.0,9.0,0.025495750708215296,0.9745042492917847,2
673e43cc760355e9e4f042a3,json5,0.0,0.0,0.0,345.0,1.0,0.0,2
6788c1c724c24dc56b08790a,json5,0.0,1.0,1.0,15.0,0.042492917847025496,0.9575070821529745,2
67c246023b44ca64d40ae45a,json5,0.0,0.0,0.0,345.0,1.0,0.0,2
672d98919cc177d28c204e76,json5,1.0,,1.0,9.0,0.025495750708215296,0.9745042492917847,2
67f1a4f8dd44e7cd5adffa29,json5,0.0,0.0,0.0,345.0,1.0,0.0,2
672ca6c0324ac26cdc0dd298,json5,0.0,1.0,1.0,11.0,0.031161473087818695,0.9688385269121813,2
5b68c9eb87af310001584803,json5,0.0,1.0,1.0,15.0,0.042492917847025496,0.9575070821529745,2
67e17bac09359e09118892b4,json5,0.0,0.0,0.0,345.0,1.0,0.0,2
6606b31155457e4f162ecf5a,json5,1.0,,1.0,9.0,0.025495750708215296,0.9745042492917847,2
67d188bcc201cc08eac23f92,json5,0.0,1.0,1.0,15.0,0.042492917847025496,0.9575070821529745,2
67d548b5aa5737666a77a6d2,json5,1.0,,1.0,5.0,0.014492753623188406,0.9855072463768116,2
6787d648d7b1963c661f9443,json5,0.0,0.0,0.0,345.0,1.0,0.0,2
67d163e7b7bcc1e9718e01da,json5,1.0,,1.0,9.0,0.025495750708215296,0.9745042492917847,2
65fad673a546ab14baf2f8d3,json5,1.0,,1.0,11.0,0.031161473087818695,0.9688385269121813,2
6697c8b6d9d7baa7edd8c4d3,hjson,1.0,,1.0,15.0,0.042492917847025496,0.9575070821529745,2
678f0bb28ec3307e4f1afb78,hjson,1.0,,1.0,9.0,0.025495750708215296,0.9745042492917847,2
60a0b744298c64d46b63e893,hjson,1.0,,1.0,10.0,0.028328611898016998,0.971671388101983,2
66cdfebcb908ea2717d06b6c,hjson,1.0,,1.0,9.0,0.025495750708215296,0.9745042492917847,2
56cb8858edf8da000b6df354,hjson,1.0,,1.0,9.0,0.025495750708215296,0.9745042492917847,2
667971a555af1f83d3f29ae7,hjson,1.0,,1.0,9.0,0.025495750708215296,0.9745042492917847,2
5c6414540821d30001046198,hjson,1.0,,1.0,15.0,0.042492917847025496,0.9575070821529745,2
667c18ace97ab6869cb1c50e,hjson,1.0,,1.0,15.0,0.042492917847025496,0.9575070821529745,2
67a754a5c8614c52a939d87b,hjson,1.0,,1.0,7.0,0.02005730659025788,0.9799426934097422,2
65cf6d8a589a67afcab54e6f,hjson,1.0,,1.0,20.0,0.056657223796033995,0.943342776203966,2
67d7fa657f5ac0292a291a38,hjson,0.0,0.0,0.0,345.0,1.0,0.0,2
61267b828ead584bcf092e35,hjson,1.0,,1.0,12.0,0.03418803418803419,0.9658119658119658,2
6577a27da9f5297d49f38e6f,hjson,1.0,,1.0,11.0,0.031161473087818695,0.9688385269121813,2
67d9788747176969d8d0fa1d,hjson,1.0,,1.0,9.0,0.025495750708215296,0.9745042492917847,2
67adb27bd5f5776fcb16da62,hjson,1.0,,1.0,15.0,0.042492917847025496,0.9575070821529745,2
6675c40cdc52b37294f0514e,hjson,1.0,,1.0,10.0,0.02865329512893983,0.9713467048710601,2
67e5cf90b79d0874e1cf16b0,toml,1.0,,1.0,21.0,0.059490084985835696,0.9405099150141643,2
67d00f24466a67ba7e41228e,toml,1.0,,1.0,27.0,0.0764872521246459,0.9235127478753541,2
6672d878f68b9e349b56e871,toml,1.0,,1.0,25.0,0.0708215297450425,0.9291784702549575,2
66992f58a7964f557fc75f58,toml,1.0,,1.0,17.0,0.04815864022662889,0.9518413597733711,2
64275e53f51a5ed4f6b7d019,toml,1.0,,1.0,27.0,0.0764872521246459,0.9235127478753541,2
673d0377254c407e5da57f97,toml,1.0,,1.0,21.0,0.059490084985835696,0.9405099150141643,2
5e8a5a892f6f027054a83d88,toml,1.0,,1.0,17.0,0.04815864022662889,0.9518413597733711,2
67bf88cc763aae600b429a3e,toml,1.0,,1.0,21.0,0.059490084985835696,0.9405099150141643,2
63e5b3e89a3823139cb9d35e,toml,1.0,,1.0,27.0,0.0764872521246459,0.9235127478753541,2
667c2175b570aa694ce2f63c,toml,1.0,,1.0,27.0,0.0764872521246459,0.9235127478753541,2
67eefd0739d752c54dd52686,toml,0.0,0.0,0.0,342.0,0.9688385269121813,0.031161473087818692,2
671b65fe04c301eb14263ba5,toml,1.0,,1.0,21.0,0.059490084985835696,0.9405099150141643,2
66a9285501ac98053902d481,toml,1.0,,1.0,27.0,0.0764872521246459,0.9235127478753541,2
665c5d94303fdf202ac9ded0,toml,1.0,,1.0,17.0,0.04815864022662889,0.9518413597733711,2
67f1c7bd6f1c4a3d8deae02f,toml,1.0,,1.0,20.0,0.056657223796033995,0.943342776203966,2
67e25388d573ec2d5f1c8442,yaml,1.0,,1.0,13.0,0.036827195467422094,0.9631728045325779,2
67dc19c31078d1581e39e75a,yaml,1.0,,1.0,17.0,0.04815864022662889,0.9518413597733711,2
67adb520391eb17f214a50b4,yaml,1.0,,1.0,17.0,0.04815864022662889,0.9518413597733711,2
66049694dfb8828a8f3dce70,yaml,1.0,,1.0,7.0,0.019830028328611898,0.9801699716713881,2
6787e4bd2bf9557a90208f03,yaml,0.0,0.0,0.0,353.0,1.0,0.0,2
67f184a3b82990251abd1592,yaml,0.0,0.0,0.0,353.0,1.0,0.0,2
60fce3df91350150e2e88423,yaml,1.0,,1.0,17.0,0.04815864022662889,0.9518413597733711,2
67d29234dbfdb6668d124115,yaml,1.0,,1.0,20.0,0.056657223796033995,0.943342776203966,2
671a519900a99ebc15a67672,yaml,1.0,,1.0,27.0,0.0764872521246459,0.9235127478753541,2
637d8ca00150ac6e71a34ec9,yaml,0.0,0.0,0.0,353.0,1.0,0.0,2
67f3619e16d4ca195fbd1bd0,yaml,1.0,,1.0,7.0,0.019830028328611898,0.9801699716713881,2
67d1283c8f6169900d0072d2,yaml,0.0,1.0,1.0,18.0,0.05099150141643059,0.9490084985835694,2
67f913a9b5c79e960807c7e3,yaml,1.0,,1.0,17.0,0.04815864022662889,0.9518413597733711,2
672003022f1b667a20157c45,yaml,1.0,,1.0,17.0,0.04815864022662889,0.9518413597733711,2
5d766978f47e6200019a2acf,yaml,1.0,,1.0,7.0,0.019830028328611898,0.9801699716713881,2
669b961e1c9cf30a26bb57d2,xml,1.0,,1.0,46.0,0.08598130841121496,0.914018691588785,2
60721c2da01b3a616edba9a7,xml,1.0,,1.0,41.0,0.07663551401869159,0.9233644859813084,2
67d95269b47464c18da766ca,xml,0.0,1.0,1.0,84.0,0.15700934579439252,0.8429906542056075,2
6740ae39809389d7da9de209,xml,1.0,,1.0,53.0,0.09906542056074766,0.9009345794392524,2
62fd14d7b1e0729dc8aadb79,xml,1.0,,1.0,36.0,0.06728971962616823,0.9327102803738317,2
67e4920c40c9561040ca01d0,xml,0.0,0.0,0.0,535.0,1.0,0.0,2
677c52fe648cd68583dd3b1e,xml,0.0,1.0,1.0,54.0,0.10093457943925234,0.8990654205607477,2
67eff2b1a264260e948a4d14,xml,1.0,,1.0,53.0,0.09906542056074766,0.9009345794392524,2
6501c0a2e788b5556c24569d,xml,1.0,,1.0,36.0,0.06728971962616823,0.9327102803738317,2
66bb6b7e0ccbed81f3ed30a8,xml,1.0,,1.0,48.0,0.08971962616822429,0.9102803738317757,2
6753746b1f8827e2bd586bf0,xml,1.0,,1.0,53.0,0.09906542056074766,0.9009345794392524,2
669a84e18da4349ece0ea67c,xml,1.0,,1.0,53.0,0.09906542056074766,0.9009345794392524,2
67ab57e88fd0774428bd1f32,xml,0.0,0.0,0.0,535.0,1.0,0.0,2
677d32c679491be18090225b,xml,0.0,1.0,1.0,50.0,0.09345794392523364,0.9065420560747663,2
66475d6f7b27e4443ef0d031,json,0.0,0.0,0.0,255.0,1.0,0.0,3
67e571bef6af7ecd9c29ad72,json,1.0,,1.0,87.0,0.25513196480938416,0.7448680351906158,3
60f1f1d4ac991a259b83f603,json,1.0,,1.0,91.0,0.263768115942029,0.736231884057971,3
673c13c9d37c8a73bc80b8ce,json,0.0,0.0,0.0,255.0,1.0,0.0,3
667ac09492ea0caadf488520,json,0.0,0.0,0.0,255.0,1.0,0.0,3
67debe02a893eea51e8d02f2,json,0.0,1.0,1.0,1.0,0.00392156862745098,0.996078431372549,3
615200d54efc832849db2259,json,1.0,,1.0,1.0,0.00392156862745098,0.996078431372549,3
66b0d065329001a04e5ae671,json,0.0,0.0,0.0,255.0,1.0,0.0,3
5e3b5fa9255e7a37bc841135,json,1.0,,1.0,1.0,0.00392156862745098,0.996078431372549,3
5d30dfa68b1523000134878f,json,1.0,,1.0,14.0,0.05223880597014925,0.9477611940298507,3
67cb01a82dda2577eb6ee320,json,0.0,1.0,1.0,1.0,0.00392156862745098,0.996078431372549,3
67cd944859dabbd1d4552d39,json,1.0,,1.0,2.0,0.0078125,0.9921875,3
57c357770e6a1f00015f6038,json,0.0,0.0,0.0,255.0,1.0,0.0,3
5f29eff59714081a3594a331,json,1.0,,1.0,1.0,0.00392156862745098,0.996078431372549,3
65be552ceed6a0595fa1feb5,json,0.0,0.0,0.0,255.0,1.0,0.0,3
667983594f7d5d70a78c6e5a,json,0.0,0.0,0.0,255.0,1.0,0.0,3
66b246951b9aefec80b7158a,json,1.0,,1.0,1.0,0.00392156862745098,0.996078431372549,3
67f5bb69760b211cdfe8021c,jsonc,0.0,1.0,1.0,1.0,0.00392156862745098,0.996078431372549,3
678bad003d15e6aba1ee5a5d,jsonc,0.0,1.0,1.0,1.0,0.00392156862745098,0.996078431372549,3
67f0c5d37f91ceae5cb3b318,jsonc,0.0,0.0,0.0,255.0,1.0,0.0,3
67aee0dfad3492b61a9ba0eb,jsonc,0.0,0.0,0.0,255.0,1.0,0.0,3
6734346ca8e90c2da6fb4509,jsonc,1.0,,1.0,1.0,0.00392156862745098,0.996078431372549,3
67ab214c2cde1be7c45535ac,jsonc,0.0,0.0,0.0,255.0,1.0,0.0,3
607728dc0b4f8590b94ae57c,jsonc,0.0,1.0,1.0,1.0,0.00392156862745098,0.996078431372549,3
5dafea4de40355001651fa2f,jsonc,0.0,0.0,0.0,255.0,1.0,0.0,3
677d185800ab83d1b0185d82,jsonc,0.0,0.0,0.0,255.0,1.0,0.0,3
6784ff2095dd9b97e969b01f,jsonc,1.0,,1.0,87.0,0.25513196480938416,0.7448680351906158,3
5ecc71c95c92c2000a9e9a19,jsonc,0.0,1.0,1.0,1.0,0.00392156862745098,0.996078431372549,3
66781db404eab5e142f849d9,jsonc,0.0,0.0,0.0,255.0,1.0,0.0,3
67e12acb51605ac16c227598,jsonc,0.0,0.0,0.0,255.0,1.0,0.0,3
66a662a0a709312db9de01f2,jsonc,1.0,,1.0,1.0,0.00392156862745098,0.996078431372549,3
67ab650c320eccf6141d4010,jsonc,0.0,0.0,0.0,255.0,1.0,0.0,3
64457bc906c125cebd4bf66b,json5,1.0,,1.0,90.0,0.2608695652173913,0.7391304347826086,3
673e43cc760355e9e4f042a3,json5,1.0,,1.0,3.0,0.008695652173913044,0.991304347826087,3
6788c1c724c24dc56b08790a,json5,0.0,0.0,0.0,345.0,1.0,0.0,3
67c246023b44ca64d40ae45a,json5,0.0,0.0,0.0,345.0,1.0,0.0,3
672d98919cc177d28c204e76,json5,1.0,,1.0,91.0,0.263768115942029,0.736231884057971,3
67f1a4f8dd44e7cd5adffa29,json5,0.0,0.0,0.0,345.0,1.0,0.0,3
672ca6c0324ac26cdc0dd298,json5,0.0,0.0,0.0,345.0,1.0,0.0,3
5b68c9eb87af310001584803,json5,0.0,0.0,0.0,345.0,1.0,0.0,3
67e17bac09359e09118892b4,json5,0.0,0.0,0.0,345.0,1.0,0.0,3
6606b31155457e4f162ecf5a,json5,1.0,,1.0,91.0,0.263768115942029,0.736231884057971,3
67d188bcc201cc08eac23f92,json5,0.0,0.0,0.0,345.0,1.0,0.0,3
67d548b5aa5737666a77a6d2,json5,1.0,,1.0,129.0,0.3739130434782609,0.6260869565217391,3
6787d648d7b1963c661f9443,json5,0.0,0.0,0.0,345.0,1.0,0.0,3
67d163e7b7bcc1e9718e01da,json5,1.0,,1.0,91.0,0.263768115942029,0.736231884057971,3
65fad673a546ab14baf2f8d3,json5,0.0,0.0,0.0,345.0,1.0,0.0,3
6697c8b6d9d7baa7edd8c4d3,hjson,0.0,0.0,0.0,345.0,1.0,0.0,3
678f0bb28ec3307e4f1afb78,hjson,1.0,,1.0,91.0,0.263768115942029,0.736231884057971,3
60a0b744298c64d46b63e893,hjson,1.0,,1.0,17.0,0.04927536231884058,0.9507246376811594,3
66cdfebcb908ea2717d06b6c,hjson,1.0,,1.0,91.0,0.263768115942029,0.736231884057971,3
56cb8858edf8da000b6df354,hjson,1.0,,1.0,91.0,0.263768115942029,0.736231884057971,3
667971a555af1f83d3f29ae7,hjson,1.0,,1.0,91.0,0.263768115942029,0.736231884057971,3
5c6414540821d30001046198,hjson,0.0,0.0,0.0,345.0,1.0,0.0,3
667c18ace97ab6869cb1c50e,hjson,1.0,,1.0,91.0,0.263768115942029,0.736231884057971,3
67a754a5c8614c52a939d87b,hjson,0.0,0.0,0.0,345.0,1.0,0.0,3
65cf6d8a589a67afcab54e6f,hjson,1.0,,1.0,91.0,0.263768115942029,0.736231884057971,3
67d7fa657f5ac0292a291a38,hjson,1.0,,1.0,1.0,0.002898550724637681,0.9971014492753624,3
61267b828ead584bcf092e35,hjson,0.0,0.0,0.0,345.0,1.0,0.0,3
6577a27da9f5297d49f38e6f,hjson,1.0,,1.0,91.0,0.263768115942029,0.736231884057971,3
67d9788747176969d8d0fa1d,hjson,1.0,,1.0,91.0,0.263768115942029,0.736231884057971,3
67adb27bd5f5776fcb16da62,hjson,0.0,0.0,0.0,345.0,1.0,0.0,3
6675c40cdc52b37294f0514e,hjson,0.0,0.0,0.0,345.0,1.0,0.0,3
67e5cf90b79d0874e1cf16b0,toml,1.0,,1.0,15.0,0.058823529411764705,0.9411764705882353,3
67d00f24466a67ba7e41228e,toml,1.0,,1.0,15.0,0.058823529411764705,0.9411764705882353,3
6672d878f68b9e349b56e871,toml,1.0,,1.0,15.0,0.058823529411764705,0.9411764705882353,3
66992f58a7964f557fc75f58,toml,1.0,,1.0,15.0,0.058823529411764705,0.9411764705882353,3
64275e53f51a5ed4f6b7d019,toml,1.0,,1.0,15.0,0.058823529411764705,0.9411764705882353,3
673d0377254c407e5da57f97,toml,1.0,,1.0,15.0,0.058823529411764705,0.9411764705882353,3
5e8a5a892f6f027054a83d88,toml,1.0,,1.0,15.0,0.058823529411764705,0.9411764705882353,3
67bf88cc763aae600b429a3e,toml,1.0,,1.0,15.0,0.058823529411764705,0.9411764705882353,3
63e5b3e89a3823139cb9d35e,toml,1.0,,1.0,15.0,0.058823529411764705,0.9411764705882353,3
667c2175b570aa694ce2f63c,toml,1.0,,1.0,15.0,0.058823529411764705,0.9411764705882353,3
67eefd0739d752c54dd52686,toml,0.0,0.0,0.0,244.0,0.9568627450980393,0.04313725490196074,3
671b65fe04c301eb14263ba5,toml,1.0,,1.0,15.0,0.058823529411764705,0.9411764705882353,3
66a9285501ac98053902d481,toml,1.0,,1.0,15.0,0.058823529411764705,0.9411764705882353,3
665c5d94303fdf202ac9ded0,toml,1.0,,1.0,15.0,0.058823529411764705,0.9411764705882353,3
67f1c7bd6f1c4a3d8deae02f,toml,1.0,,1.0,15.0,0.058823529411764705,0.9411764705882353,3
67e25388d573ec2d5f1c8442,yaml,1.0,,1.0,48.0,0.1605351170568562,0.8394648829431438,3
67dc19c31078d1581e39e75a,yaml,1.0,,1.0,20.0,0.07352941176470588,0.9264705882352942,3
67adb520391eb17f214a50b4,yaml,1.0,,1.0,4.0,0.01568627450980392,0.9843137254901961,3
66049694dfb8828a8f3dce70,yaml,1.0,,1.0,4.0,0.01568627450980392,0.9843137254901961,3
6787e4bd2bf9557a90208f03,yaml,1.0,,1.0,4.0,0.01568627450980392,0.9843137254901961,3
67f184a3b82990251abd1592,yaml,1.0,,1.0,21.0,0.07720588235294118,0.9227941176470589,3
60fce3df91350150e2e88423,yaml,1.0,,1.0,4.0,0.01568627450980392,0.9843137254901961,3
67d29234dbfdb6668d124115,yaml,1.0,,1.0,213.0,0.8352941176470589,0.16470588235294115,3
671a519900a99ebc15a67672,yaml,1.0,,1.0,94.0,0.27246376811594203,0.7275362318840579,3
637d8ca00150ac6e71a34ec9,yaml,0.0,0.0,0.0,255.0,1.0,0.0,3
67f3619e16d4ca195fbd1bd0,yaml,1.0,,1.0,4.0,0.01568627450980392,0.9843137254901961,3
67d1283c8f6169900d0072d2,yaml,0.0,0.0,0.0,255.0,1.0,0.0,3
67f913a9b5c79e960807c7e3,yaml,1.0,,1.0,4.0,0.01568627450980392,0.9843137254901961,3
672003022f1b667a20157c45,yaml,1.0,,1.0,47.0,0.15771812080536912,0.8422818791946309,3
5d766978f47e6200019a2acf,yaml,1.0,,1.0,48.0,0.1605351170568562,0.8394648829431438,3
669b961e1c9cf30a26bb57d2,xml,0.0,1.0,1.0,23.0,0.058524173027989825,0.9414758269720102,3
60721c2da01b3a616edba9a7,xml,1.0,,1.0,23.0,0.058524173027989825,0.9414758269720102,3
67d95269b47464c18da766ca,xml,0.0,1.0,1.0,25.0,0.06361323155216285,0.9363867684478372,3
6740ae39809389d7da9de209,xml,1.0,,1.0,139.0,0.28542094455852157,0.7145790554414784,3
62fd14d7b1e0729dc8aadb79,xml,1.0,,1.0,23.0,0.058524173027989825,0.9414758269720102,3
67e4920c40c9561040ca01d0,xml,0.0,0.0,0.0,393.0,1.0,0.0,3
677c52fe648cd68583dd3b1e,xml,0.0,1.0,1.0,23.0,0.058524173027989825,0.9414758269720102,3
67eff2b1a264260e948a4d14,xml,1.0,,1.0,145.0,0.29411764705882354,0.7058823529411764,3
6501c0a2e788b5556c24569d,xml,1.0,,1.0,23.0,0.058524173027989825,0.9414758269720102,3
66bb6b7e0ccbed81f3ed30a8,xml,1.0,,1.0,139.0,0.28542094455852157,0.7145790554414784,3
6753746b1f8827e2bd586bf0,xml,1.0,,1.0,23.0,0.058524173027989825,0.9414758269720102,3
669a84e18da4349ece0ea67c,xml,0.0,1.0,1.0,25.0,0.06361323155216285,0.9363867684478372,3
67ab57e88fd0774428bd1f32,xml,0.0,1.0,1.0,25.0,0.06361323155216285,0.9363867684478372,3
677d32c679491be18090225b,xml,0.0,1.0,1.0,25.0,0.06361323155216285,0.9363867684478372,3
66475d6f7b27e4443ef0d031,json,0.0,0.0,0.0,354.0,1.0,0.0,4
67e571bef6af7ecd9c29ad72,json,0.0,0.0,0.0,354.0,1.0,0.0,4
60f1f1d4ac991a259b83f603,json,0.0,0.0,0.0,354.0,1.0,0.0,4
673c13c9d37c8a73bc80b8ce,json,0.0,0.0,0.0,354.0,1.0,0.0,4
667ac09492ea0caadf488520,json,0.0,0.0,0.0,354.0,1.0,0.0,4
67debe02a893eea51e8d02f2,json,0.0,0.0,0.0,354.0,1.0,0.0,4
615200d54efc832849db2259,json,1.0,,1.0,1.0,0.002824858757062147,0.9971751412429378,4
66b0d065329001a04e5ae671,json,0.0,0.0,0.0,354.0,1.0,0.0,4
5e3b5fa9255e7a37bc841135,json,1.0,,1.0,3.0,0.00847457627118644,0.9915254237288136,4
5d30dfa68b1523000134878f,json,1.0,,1.0,1.0,0.002824858757062147,0.9971751412429378,4
67cb01a82dda2577eb6ee320,json,1.0,,1.0,1.0,0.002824858757062147,0.9971751412429378,4
67cd944859dabbd1d4552d39,json,0.0,0.0,0.0,354.0,1.0,0.0,4
57c357770e6a1f00015f6038,json,0.0,0.0,0.0,354.0,1.0,0.0,4
5f29eff59714081a3594a331,json,0.0,0.0,0.0,354.0,1.0,0.0,4
65be552ceed6a0595fa1feb5,json,0.0,0.0,0.0,354.0,1.0,0.0,4
667983594f7d5d70a78c6e5a,json,0.0,0.0,0.0,354.0,1.0,0.0,4
66b246951b9aefec80b7158a,json,1.0,,1.0,1.0,0.002824858757062147,0.9971751412429378,4
67f5bb69760b211cdfe8021c,jsonc,0.0,1.0,1.0,3.0,0.00847457627118644,0.9915254237288136,4
678bad003d15e6aba1ee5a5d,jsonc,1.0,,1.0,1.0,0.002824858757062147,0.9971751412429378,4
67f0c5d37f91ceae5cb3b318,jsonc,1.0,,1.0,19.0,0.05367231638418079,0.9463276836158192,4
67aee0dfad3492b61a9ba0eb,jsonc,0.0,0.0,0.0,354.0,1.0,0.0,4
6734346ca8e90c2da6fb4509,jsonc,1.0,,1.0,1.0,0.002824858757062147,0.9971751412429378,4
67ab214c2cde1be7c45535ac,jsonc,0.0,0.0,0.0,354.0,1.0,0.0,4
607728dc0b4f8590b94ae57c,jsonc,0.0,0.0,0.0,354.0,1.0,0.0,4
5dafea4de40355001651fa2f,jsonc,0.0,0.0,0.0,354.0,1.0,0.0,4
677d185800ab83d1b0185d82,jsonc,0.0,0.0,0.0,354.0,1.0,0.0,4
6784ff2095dd9b97e969b01f,jsonc,0.0,0.0,0.0,354.0,1.0,0.0,4
5ecc71c95c92c2000a9e9a19,jsonc,0.0,0.0,0.0,354.0,1.0,0.0,4
66781db404eab5e142f849d9,jsonc,1.0,,1.0,28.0,0.07713498622589532,0.9228650137741047,4
67e12acb51605ac16c227598,jsonc,0.0,0.0,0.0,354.0,1.0,0.0,4
66a662a0a709312db9de01f2,jsonc,0.0,1.0,1.0,20.0,0.05649717514124294,0.943502824858757,4
67ab650c320eccf6141d4010,jsonc,0.0,1.0,1.0,19.0,0.05367231638418079,0.9463276836158192,4
64457bc906c125cebd4bf66b,json5,0.0,0.0,0.0,345.0,1.0,0.0,4
673e43cc760355e9e4f042a3,json5,0.0,0.0,0.0,345.0,1.0,0.0,4
6788c1c724c24dc56b08790a,json5,0.0,0.0,0.0,345.0,1.0,0.0,4
67c246023b44ca64d40ae45a,json5,0.0,1.0,1.0,6.0,0.017191977077363897,0.9828080229226361,4
672d98919cc177d28c204e76,json5,0.0,0.0,0.0,345.0,1.0,0.0,4
67f1a4f8dd44e7cd5adffa29,json5,0.0,0.0,0.0,345.0,1.0,0.0,4
672ca6c0324ac26cdc0dd298,json5,0.0,0.0,0.0,345.0,1.0,0.0,4
5b68c9eb87af310001584803,json5,0.0,0.0,0.0,345.0,1.0,0.0,4
67e17bac09359e09118892b4,json5,0.0,0.0,0.0,345.0,1.0,0.0,4
6606b31155457e4f162ecf5a,json5,1.0,,1.0,10.0,0.02824858757062147,0.9717514124293786,4
67d188bcc201cc08eac23f92,json5,0.0,0.0,0.0,345.0,1.0,0.0,4
67d548b5aa5737666a77a6d2,json5,0.0,0.0,0.0,345.0,1.0,0.0,4
6787d648d7b1963c661f9443,json5,0.0,0.0,0.0,345.0,1.0,0.0,4
67d163e7b7bcc1e9718e01da,json5,1.0,,1.0,10.0,0.02824858757062147,0.9717514124293786,4
65fad673a546ab14baf2f8d3,json5,1.0,,1.0,10.0,0.02824858757062147,0.9717514124293786,4
6697c8b6d9d7baa7edd8c4d3,hjson,0.0,0.0,0.0,345.0,1.0,0.0,4
678f0bb28ec3307e4f1afb78,hjson,1.0,,1.0,10.0,0.02824858757062147,0.9717514124293786,4
60a0b744298c64d46b63e893,hjson,0.0,0.0,0.0,345.0,1.0,0.0,4
66cdfebcb908ea2717d06b6c,hjson,1.0,,1.0,10.0,0.02824858757062147,0.9717514124293786,4
56cb8858edf8da000b6df354,hjson,1.0,,1.0,10.0,0.02824858757062147,0.9717514124293786,4
667971a555af1f83d3f29ae7,hjson,1.0,,1.0,10.0,0.02824858757062147,0.9717514124293786,4
5c6414540821d30001046198,hjson,1.0,,1.0,10.0,0.02824858757062147,0.9717514124293786,4
667c18ace97ab6869cb1c50e,hjson,1.0,,1.0,319.0,0.8015075376884422,0.19849246231155782,4
67a754a5c8614c52a939d87b,hjson,0.0,0.0,0.0,345.0,1.0,0.0,4
65cf6d8a589a67afcab54e6f,hjson,1.0,,1.0,10.0,0.02824858757062147,0.9717514124293786,4
67d7fa657f5ac0292a291a38,hjson,0.0,0.0,0.0,345.0,1.0,0.0,4
61267b828ead584bcf092e35,hjson,0.0,0.0,0.0,345.0,1.0,0.0,4
6577a27da9f5297d49f38e6f,hjson,1.0,,1.0,10.0,0.02824858757062147,0.9717514124293786,4
67d9788747176969d8d0fa1d,hjson,0.0,0.0,0.0,345.0,1.0,0.0,4
67adb27bd5f5776fcb16da62,hjson,0.0,0.0,0.0,345.0,1.0,0.0,4
6675c40cdc52b37294f0514e,hjson,0.0,0.0,0.0,345.0,1.0,0.0,4
67e5cf90b79d0874e1cf16b0,toml,1.0,,1.0,332.0,1.0,0.0,4
67d00f24466a67ba7e41228e,toml,0.0,0.0,0.0,2.0,0.6666666666666666,0.33333333333333337,4
6672d878f68b9e349b56e871,toml,0.0,0.0,0.0,2.0,0.6666666666666666,0.33333333333333337,4
66992f58a7964f557fc75f58,toml,0.0,0.0,0.0,2.0,0.6666666666666666,0.33333333333333337,4
64275e53f51a5ed4f6b7d019,toml,0.0,0.0,0.0,2.0,0.6666666666666666,0.33333333333333337,4
673d0377254c407e5da57f97,toml,0.0,0.0,0.0,2.0,0.6666666666666666,0.33333333333333337,4
5e8a5a892f6f027054a83d88,toml,0.0,0.0,0.0,2.0,0.6666666666666666,0.33333333333333337,4
67bf88cc763aae600b429a3e,toml,0.0,0.0,0.0,2.0,0.6666666666666666,0.33333333333333337,4
63e5b3e89a3823139cb9d35e,toml,1.0,,1.0,332.0,0.9736070381231672,0.02639296187683282,4
667c2175b570aa694ce2f63c,toml,1.0,,1.0,332.0,1.0,0.0,4
67eefd0739d752c54dd52686,toml,0.0,0.0,0.0,2.0,0.6666666666666666,0.33333333333333337,4
671b65fe04c301eb14263ba5,toml,0.0,0.0,0.0,2.0,0.6666666666666666,0.33333333333333337,4
66a9285501ac98053902d481,toml,1.0,,1.0,330.0,1.0,0.0,4
665c5d94303fdf202ac9ded0,toml,1.0,,1.0,341.0,1.0,0.0,4
67f1c7bd6f1c4a3d8deae02f,toml,0.0,1.0,1.0,341.0,1.0,0.0,4
67e25388d573ec2d5f1c8442,yaml,1.0,,1.0,53.0,0.1424731182795699,0.8575268817204301,4
67dc19c31078d1581e39e75a,yaml,0.0,0.0,0.0,354.0,1.0,0.0,4
67adb520391eb17f214a50b4,yaml,0.0,0.0,0.0,354.0,1.0,0.0,4
66049694dfb8828a8f3dce70,yaml,1.0,,1.0,35.0,0.09641873278236915,0.9035812672176309,4
6787e4bd2bf9557a90208f03,yaml,0.0,0.0,0.0,354.0,1.0,0.0,4
67f184a3b82990251abd1592,yaml,0.0,0.0,0.0,354.0,1.0,0.0,4
60fce3df91350150e2e88423,yaml,0.0,0.0,0.0,354.0,1.0,0.0,4
67d29234dbfdb6668d124115,yaml,0.0,0.0,0.0,354.0,1.0,0.0,4
671a519900a99ebc15a67672,yaml,0.0,0.0,0.0,354.0,1.0,0.0,4
637d8ca00150ac6e71a34ec9,yaml,0.0,0.0,0.0,354.0,1.0,0.0,4
67f3619e16d4ca195fbd1bd0,yaml,0.0,0.0,0.0,354.0,1.0,0.0,4
67d1283c8f6169900d0072d2,yaml,0.0,0.0,0.0,354.0,1.0,0.0,4
67f913a9b5c79e960807c7e3,yaml,0.0,0.0,0.0,354.0,1.0,0.0,4
672003022f1b667a20157c45,yaml,1.0,,1.0,53.0,0.1424731182795699,0.8575268817204301,4
5d766978f47e6200019a2acf,yaml,0.0,0.0,0.0,354.0,1.0,0.0,4
669b961e1c9cf30a26bb57d2,xml,0.0,0.0,0.0,545.0,1.0,0.0,4
60721c2da01b3a616edba9a7,xml,1.0,,1.0,36.0,0.06605504587155964,0.9339449541284404,4
67d95269b47464c18da766ca,xml,0.0,1.0,1.0,543.0,0.9963302752293578,0.003669724770642202,4
6740ae39809389d7da9de209,xml,1.0,,1.0,98.0,0.1798165137614679,0.8201834862385321,4
62fd14d7b1e0729dc8aadb79,xml,1.0,,1.0,36.0,0.06605504587155964,0.9339449541284404,4
67e4920c40c9561040ca01d0,xml,0.0,0.0,0.0,545.0,1.0,0.0,4
677c52fe648cd68583dd3b1e,xml,0.0,1.0,1.0,542.0,0.542,0.45799999999999996,4
67eff2b1a264260e948a4d14,xml,1.0,,1.0,81.0,0.14862385321100918,0.8513761467889909,4
6501c0a2e788b5556c24569d,xml,1.0,,1.0,36.0,0.06605504587155964,0.9339449541284404,4
66bb6b7e0ccbed81f3ed30a8,xml,1.0,,1.0,81.0,0.14862385321100918,0.8513761467889909,4
6753746b1f8827e2bd586bf0,xml,1.0,,1.0,59.0,0.10825688073394496,0.891743119266055,4
669a84e18da4349ece0ea67c,xml,0.0,1.0,1.0,36.0,0.06605504587155964,0.9339449541284404,4
67ab57e88fd0774428bd1f32,xml,0.0,1.0,1.0,69.0,0.12660550458715597,0.8733944954128441,4
677d32c679491be18090225b,xml,1.0,,1.0,81.0,0.14862385321100918,0.8513761467889909,4
56cb8858edf8da000b6df354,hjson,1.0,,1.0,28.75,0.08300130196101355,0.9169986980389865,overall
57c357770e6a1f00015f6038,json,0.25,,0.5,152.75,0.5014328529786098,0.49856714702139016,overall
5b68c9eb87af310001584803,json5,0.25,,0.5,178.0,0.5156956932298723,0.4843043067701277,overall
5c6414540821d30001046198,hjson,0.75,,0.75,93.75,0.27130856476020887,0.7286914352397912,overall
5d30dfa68b1523000134878f,json,0.75,,1.0,5.0,0.017307455271412975,0.982692544728587,overall
5d766978f47e6200019a2acf,yaml,0.75,,0.75,103.75,0.29943911243332355,0.7005608875666764,overall
5dafea4de40355001651fa2f,jsonc,0.25,,0.5,160.5,0.523715974873753,0.47628402512624707,overall
5e3b5fa9255e7a37bc841135,json,1.0,,1.0,2.5,0.0073647503930709,0.9926352496069291,overall
5e8a5a892f6f027054a83d88,toml,0.75,,0.75,11.5,0.2021078612501781,0.7978921387498219,overall
5ecc71c95c92c2000a9e9a19,jsonc,0.5,,0.75,91.75,0.25949539810997685,0.7405046018900232,overall
5f29eff59714081a3594a331,json,0.75,,0.75,91.75,0.25949539810997685,0.7405046018900232,overall
60721c2da01b3a616edba9a7,xml,1.0,,1.0,34.0,0.06738148209104033,0.9326185179089597,overall
607728dc0b4f8590b94ae57c,jsonc,0.25,,0.75,89.75,0.25382967573037346,0.7461703242696266,overall
60a0b744298c64d46b63e893,hjson,0.75,,0.75,94.25,0.2730241819600115,0.7269758180399886,overall
60f1f1d4ac991a259b83f603,json,0.5,,0.75,113.0,0.3209488032187872,0.6790511967812128,overall
60fce3df91350150e2e88423,yaml,0.75,,0.75,95.25,0.2703090547710647,0.7296909452289353,overall
61267b828ead584bcf092e35,hjson,0.5,,0.5,177.25,0.5136194723151245,0.4863805276848755,overall
615200d54efc832849db2259,json,1.0,,1.0,2.5,0.0073687516094406765,0.9926312483905593,overall
62fd14d7b1e0729dc8aadb79,xml,1.0,,1.0,32.5,0.06457065019120171,0.9354293498087982,overall
637d8ca00150ac6e71a34ec9,yaml,0.25,,0.25,242.0,0.7543478260869565,0.24565217391304348,overall
63e5b3e89a3823139cb9d35e,toml,1.0,,1.0,96.5,0.2859251070888075,0.7140748929111925,overall
64275e53f51a5ed4f6b7d019,toml,0.75,,0.75,14.0,0.20919001422468236,0.7908099857753177,overall
64457bc906c125cebd4bf66b,json5,0.5,,0.75,112.0,0.3244898797060393,0.6755101202939606,overall
6501c0a2e788b5556c24569d,xml,1.0,,1.0,32.5,0.06457065019120171,0.9354293498087982,overall
6577a27da9f5297d49f38e6f,hjson,1.0,,1.0,29.25,0.0844177325559144,0.9155822674440857,overall
65be552ceed6a0595fa1feb5,json,0.25,,0.25,241.5,0.7528985507246377,0.24710144927536232,overall
65cf6d8a589a67afcab54e6f,hjson,1.0,,1.0,31.5,0.09079167023296822,0.9092083297670318,overall
65fad673a546ab14baf2f8d3,json5,0.75,,0.75,92.75,0.2684757035704072,0.7315242964295929,overall
66049694dfb8828a8f3dce70,yaml,1.0,,1.0,13.0,0.037331584992152764,0.9626684150078473,overall
6606b31155457e4f162ecf5a,json5,1.0,,1.0,28.75,0.08300130196101355,0.9169986980389865,overall
66475d6f7b27e4443ef0d031,json,0.5,,0.5,153.75,0.5043314037032476,0.4956685962967525,overall
665c5d94303fdf202ac9ded0,toml,1.0,,1.0,96.25,0.28544119458351147,0.7145588054164885,overall
6672d878f68b9e349b56e871,toml,0.5,,0.5,94.0,0.4411069169631149,0.5588930830368851,overall
6675c40cdc52b37294f0514e,hjson,0.5,,0.5,176.25,0.5107865121880321,0.48921348781196794,overall
66781db404eab5e142f849d9,jsonc,0.5,,0.75,72.5,0.27433978794088076,0.7256602120591192,overall
667971a555af1f83d3f29ae7,hjson,1.0,,1.0,28.75,0.08300130196101355,0.9169986980389865,overall
667983594f7d5d70a78c6e5a,json,0.0,,0.0,326.75,1.0,0.0,overall
667ac09492ea0caadf488520,json,0.0,,0.5,156.25,0.5114135566777518,0.4885864433222482,overall
667c18ace97ab6869cb1c50e,hjson,1.0,,1.0,107.5,0.28056533127517125,0.7194346687248288,overall
667c2175b570aa694ce2f63c,toml,1.0,,1.0,96.5,0.2925233475580157,0.7074766524419843,overall
6697c8b6d9d7baa7edd8c4d3,hjson,0.5,,0.5,177.5,0.5142464178675534,0.48575358213244657,overall
66992f58a7964f557fc75f58,toml,0.75,,0.75,11.5,0.2021078612501781,0.7978921387498219,overall
669a84e18da4349ece0ea67c,xml,0.5,,1.0,39.25,0.07758190646955207,0.922418093530448,overall
669b961e1c9cf30a26bb57d2,xml,0.5,,0.75,164.0,0.30605046903152794,0.693949530968472,overall
66a662a0a709312db9de01f2,jsonc,0.25,,0.5,179.75,0.5151046859421735,0.4848953140578265,overall
66a9285501ac98053902d481,toml,1.0,,1.0,96.0,0.2925233475580157,0.7074766524419843,overall
66b0d065329001a04e5ae671,json,0.25,,0.5,153.75,0.5043314037032476,0.4956685962967525,overall
66b246951b9aefec80b7158a,json,1.0,,1.0,3.5,0.010201612799242376,0.9897983872007576,overall
66bb6b7e0ccbed81f3ed30a8,xml,1.0,,1.0,75.75,0.14754452154421105,0.852455478455789,overall
66cdfebcb908ea2717d06b6c,hjson,1.0,,1.0,28.75,0.08300130196101355,0.9169986980389865,overall
671a519900a99ebc15a67672,yaml,0.75,,0.75,123.75,0.3517305086833354,0.6482694913166646,overall
671b65fe04c301eb14263ba5,toml,0.75,,0.75,13.0,0.20638999780229864,0.7936100021977013,overall
672003022f1b667a20157c45,yaml,1.0,,1.0,31.0,0.09215993359600792,0.9078400664039921,overall
672ca6c0324ac26cdc0dd298,json5,0.25,,0.5,176.5,0.5114135566777518,0.4885864433222482,overall
672d98919cc177d28c204e76,json5,0.75,,0.75,112.5,0.3259391550683582,0.6740608449316419,overall
6734346ca8e90c2da6fb4509,jsonc,0.75,,1.0,1.0,0.003119459824738127,0.9968805401752618,overall
673c13c9d37c8a73bc80b8ce,json,0.5,,0.5,153.75,0.5042657141684115,0.49573428583158846,overall
673d0377254c407e5da57f97,toml,0.75,,0.75,12.5,0.2049407224399798,0.7950592775600202,overall
673e43cc760355e9e4f042a3,json5,0.5,,0.5,174.25,0.5050724637681159,0.49492753623188407,overall
6740ae39809389d7da9de209,xml,0.75,,1.0,191.5,0.36688217133308754,0.6331178286669125,overall
6753746b1f8827e2bd586bf0,xml,1.0,,1.0,42.75,0.08353941744215068,0.9164605825578493,overall
677c52fe648cd68583dd3b1e,xml,0.25,,1.0,163.75,0.19244248697829064,0.8075575130217094,overall
677d185800ab83d1b0185d82,jsonc,0.25,,0.25,242.25,0.7550724637681159,0.24492753623188407,overall
677d32c679491be18090225b,xml,0.5,,1.0,49.75,0.09682223914553595,0.9031777608544641,overall
6784ff2095dd9b97e969b01f,jsonc,0.5,,0.75,113.25,0.32229799715546015,0.6777020028445399,overall
6787d648d7b1963c661f9443,json5,0.0,,0.0,345.0,1.0,0.0,overall
6787e4bd2bf9557a90208f03,yaml,0.5,,0.5,180.5,0.5118925831202046,0.4881074168797954,overall
6788c1c724c24dc56b08790a,json5,0.25,,0.5,177.5,0.5142464178675534,0.48575358213244657,overall
678bad003d15e6aba1ee5a5d,jsonc,0.75,,1.0,1.0,0.003119459824738127,0.9968805401752618,overall
678f0bb28ec3307e4f1afb78,hjson,1.0,,1.0,28.75,0.08300130196101355,0.9169986980389865,overall
67a754a5c8614c52a939d87b,hjson,0.5,,0.5,175.5,0.5086375150533615,0.4913624849466385,overall
67ab214c2cde1be7c45535ac,jsonc,0.25,,0.5,153.0,0.5021574906597692,0.4978425093402307,overall
67ab57e88fd0774428bd1f32,xml,0.0,,0.5,289.0,0.5475546840348298,0.45244531596517035,overall
67ab650c320eccf6141d4010,jsonc,0.0,,0.75,72.5,0.27484805815750596,0.725151941842494,overall
67adb27bd5f5776fcb16da62,hjson,0.5,,0.5,177.5,0.5142464178675534,0.48575358213244657,overall
67adb520391eb17f214a50b4,yaml,0.75,,0.75,95.25,0.2703090547710647,0.7296909452289353,overall
67aee0dfad3492b61a9ba0eb,jsonc,0.25,,0.5,153.75,0.5042657141684115,0.49573428583158846,overall
67bf88cc763aae600b429a3e,toml,0.75,,0.75,14.25,0.21001318620809573,0.7899868137919043,overall
67c246023b44ca64d40ae45a,json5,0.0,,0.25,260.25,0.754297994269341,0.24570200573065903,overall
67cb01a82dda2577eb6ee320,json,0.75,,1.0,3.5,0.010201612799242376,0.9897983872007576,overall
67cd944859dabbd1d4552d39,json,0.5,,0.5,177.5,0.5083270626770537,0.49167293732294615,overall
67d00f24466a67ba7e41228e,toml,0.75,,0.75,14.0,0.20919001422468236,0.7908099857753177,overall
67d1283c8f6169900d0072d2,yaml,0.0,,0.25,243.0,0.7627478753541077,0.23725212464589235,overall
67d163e7b7bcc1e9718e01da,json5,1.0,,1.0,28.75,0.08300130196101355,0.9169986980389865,overall
67d188bcc201cc08eac23f92,json5,0.0,,0.25,262.5,0.7606232294617563,0.23937677053824363,overall
67d29234dbfdb6668d124115,yaml,0.75,,0.75,148.5,0.47806029912888914,0.5219397008711109,overall
67d548b5aa5737666a77a6d2,json5,0.75,,0.75,121.0,0.3507246376811594,0.6492753623188405,overall
67d7fa657f5ac0292a291a38,hjson,0.5,,0.5,173.0,0.5014492753623189,0.4985507246376812,overall
67d95269b47464c18da766ca,xml,0.25,,1.0,176.25,0.32938052813449065,0.6706194718655094,overall
67d9788747176969d8d0fa1d,hjson,0.75,,0.75,112.5,0.3259391550683582,0.6740608449316419,overall
67dc19c31078d1581e39e75a,yaml,0.75,,0.75,99.25,0.2847698390847902,0.7152301609152099,overall
67debe02a893eea51e8d02f2,json,0.25,,0.5,177.25,0.5017050298380221,0.4982949701619779,overall
67e12acb51605ac16c227598,jsonc,0.25,,0.25,241.0,0.7514492753623188,0.24855072463768116,overall
67e17bac09359e09118892b4,json5,0.0,,0.0,345.0,1.0,0.0,overall
67e25388d573ec2d5f1c8442,yaml,1.0,,1.0,30.0,0.08930668378791856,0.9106933162120814,overall
67e4920c40c9561040ca01d0,xml,0.0,,0.0,500.0,1.0,0.0,overall
67e571bef6af7ecd9c29ad72,json,0.75,,0.75,114.25,0.32519654788009783,0.6748034521199022,overall
67e5cf90b79d0874e1cf16b0,toml,1.0,,1.0,95.0,0.28827405577331316,0.7117259442266868,overall
67eefd0739d752c54dd52686,toml,0.25,,0.25,151.0,0.6596861875677725,0.34031381243222747,overall
67eff2b1a264260e948a4d14,xml,1.0,,1.0,78.5,0.15205514576741738,0.8479448542325826,overall
67f0c5d37f91ceae5cb3b318,jsonc,0.5,,0.75,72.5,0.274798791006379,0.7252012089936211,overall
67f184a3b82990251abd1592,yaml,0.5,,0.5,185.25,0.5287217604433078,0.47127823955669224,overall
67f1a4f8dd44e7cd5adffa29,json5,0.25,,0.25,259.25,0.7514492753623188,0.24855072463768116,overall
67f1c7bd6f1c4a3d8deae02f,toml,0.75,,1.0,97.75,0.289739753519341,0.710260246480659,overall
67f3619e16d4ca195fbd1bd0,yaml,0.75,,0.75,92.75,0.2632269017965605,0.7367730982034395,overall
67f5bb69760b211cdfe8021c,jsonc,0.5,,1.0,1.5,0.004531889203269201,0.9954681107967308,overall
67f913a9b5c79e960807c7e3,yaml,0.75,,0.75,95.5,0.27103369245222414,0.7289663075477759,overall
